time,type,distance
53.717639,U,108.74
53.759585,R,89.56
53.800892,L,70.17
53.844328,U,108.74
53.886297,R,89.49
53.927588,L,67.63
53.971133,U,108.88
54.013055,R,89.60
54.054292,L,67.76
54.097750,U,106.32
54.139729,R,89.58
54.180942,L,67.62
54.224392,U,106.38
54.266436,R,89.44
54.307699,L,67.60
54.351112,U,106.36
54.393135,R,89.53
54.434348,L,67.62
54.477742,U,106.20
54.519753,R,89.51
54.560970,L,67.63
54.604373,U,106.22
54.646434,R,89.65
54.687713,L,67.89
54.731120,U,106.27
54.773207,R,92.19
54.814431,L,67.60
54.857843,U,106.24
54.899941,R,92.10
54.941071,L,65.27
54.984533,U,106.17
55.026592,R,92.05
55.067698,L,65.06
55.111163,U,106.20
55.153274,R,92.09
55.194384,L,65.11
55.237907,U,106.17
55.279963,R,89.53
55.321200,L,67.63
55.364601,U,106.31
55.406606,R,89.55
55.447826,L,67.72
55.491149,U,103.65
55.533285,R,89.53
55.574612,L,70.17
55.617922,U,103.65
55.659976,R,87.04
55.701381,L,70.14
55.744697,U,103.59
55.786706,R,87.01
55.828137,L,72.68
55.871400,U,106.19
55.913314,R,84.60
55.954830,L,72.68
55.998111,U,106.31
56.039946,R,82.22
56.081599,L,72.77
56.124884,U,106.19
56.166646,R,81.99
56.208292,L,72.70
56.251612,U,106.12
56.293409,R,82.03
56.335064,L,72.73
56.378385,U,106.22
56.420203,R,81.99
56.461779,L,72.70
56.505093,U,108.80
56.588434,L,72.78
56.546799,R,82.08
56.673504,R,82.03
56.631885,U,111.37
56.715121,L,72.68
56.758470,U,108.88
56.800179,R,82.01
56.841785,L,72.70
56.885101,U,108.73
56.926872,R,84.52
56.968355,L,70.17
57.011762,U,108.74
57.053577,R,84.53
57.095010,L,70.17
57.138341,U,106.13
57.180174,R,84.52
57.221646,L,70.17
57.264972,U,106.19
57.306823,R,84.52
57.348259,L,67.77
57.391642,U,103.68
57.433626,R,84.69
57.475106,L,70.11
57.518424,U,106.15
57.560303,R,84.55
57.601759,L,70.14
57.645085,U,106.15
57.686922,R,84.71
57.728351,L,70.14
57.771796,U,108.73
57.813562,R,82.08
57.855082,L,70.14
57.898551,U,108.71
57.940236,R,82.01
57.981764,L,70.11
58.025217,U,108.90
58.066845,R,79.47
58.108589,L,75.22
58.151906,U,108.81
58.193519,R,79.54
58.235454,L,80.37
58.278597,U,108.97
58.320217,R,79.56
58.362241,L,82.89
58.405384,U,111.25
58.446976,R,79.49
58.489114,L,87.94
58.532028,U,108.92
58.573572,R,76.98
58.615637,L,82.96
58.658718,U,108.76
58.700269,R,77.22
58.742148,L,77.78
58.785320,U,108.78
58.826917,R,77.00
58.868733,L,75.41
58.912112,U,111.32
58.953615,R,77.02
58.995405,L,72.71
59.038831,U,111.35
59.080314,R,77.02
59.122132,L,75.41
59.165525,U,111.39
59.207122,R,79.45
59.248903,L,75.22
59.333926,R,82.08
59.292281,U,111.40
59.375643,L,75.39
59.418996,U,111.35
59.460637,R,81.99
59.502327,L,75.34
59.545650,U,111.30
59.587259,R,82.01
59.628987,L,75.22
59.672371,U,111.28
59.714032,R,82.08
59.755759,L,75.20
59.799151,U,111.27
59.840827,R,81.98
59.882568,L,77.74
59.925877,U,111.28
59.967510,R,82.17
60.009279,L,77.97
60.052499,U,108.61
60.094144,R,79.54
60.136017,L,77.83
60.179309,U,111.35
60.220946,R,82.06
60.262726,L,77.81
60.306032,U,111.47
60.347656,R,82.06
60.389442,L,77.81
60.474431,R,82.06
60.432755,U,111.42
60.516184,L,77.80
60.559475,U,111.44
60.601150,R,82.01
60.642896,L,77.76
60.686194,U,111.27
60.727806,R,81.99
60.769473,L,75.22
60.812854,U,111.30
60.854567,R,84.53
60.896183,L,75.41
60.939503,U,108.71
60.981275,R,84.52
61.022859,L,72.66
61.066194,U,108.74
61.108087,R,87.02
61.149572,L,72.87
61.192888,U,108.78
61.234748,R,87.20
61.276260,L,72.68
61.319723,U,111.27
61.361509,R,87.11
61.403005,L,72.63
61.446478,U,111.27
61.488277,R,87.25
61.529717,L,72.66
61.573039,U,108.73
61.614870,R,87.13
61.656319,L,72.70
61.699651,U,108.73
61.741424,R,84.52
61.782975,L,72.66
61.826373,U,108.74
61.909668,L,70.23
61.868114,R,82.03
61.953172,U,111.44
61.994795,R,82.03
62.036352,L,70.11
62.079867,U,111.47
62.121505,R,81.99
62.163205,L,75.25
62.206525,U,111.47
62.248159,R,81.99
62.289978,L,80.27
62.333163,U,111.42
62.374712,R,79.49
62.416747,L,85.38
62.459793,U,111.25
62.501357,R,79.49
62.543155,L,77.74
62.586453,U,111.47
62.628036,R,79.52
62.669845,L,75.24
62.713158,U,108.81
62.754797,R,79.57
62.796407,L,70.23
62.839775,U,106.26
62.881501,R,79.57
62.923215,L,72.71
62.966543,U,108.71
63.008156,R,79.49
63.049810,L,72.84
63.093152,U,108.76
63.134833,R,79.49
63.176551,L,72.71
63.219793,U,106.24
63.261562,R,79.49
63.303286,L,72.75
63.346540,U,106.20
63.388273,R,79.45
63.429975,L,72.68
63.473258,U,106.20
63.514948,R,79.59
63.556629,L,72.65
63.599889,U,106.22
63.641618,R,79.51
63.683276,L,72.68
63.726476,U,103.63
63.768195,R,76.97
63.809956,L,72.68
63.853170,U,103.63
63.936666,L,72.75
63.894943,R,79.51
63.979817,U,101.26
64.021716,R,79.51
64.063406,L,72.66
64.106522,U,101.14
64.148463,R,81.99
64.189982,L,70.17
64.233209,U,101.28
64.275180,R,82.01
64.316862,L,75.19
64.359950,U,101.12
64.401887,R,81.98
64.443798,L,82.84
64.486527,U,98.51
64.528430,R,79.51
64.570434,L,82.93
64.613109,U,95.99
64.655126,R,79.51
64.696944,L,77.83
64.739791,U,96.04
64.781792,R,79.57
64.823460,L,72.78
64.866444,U,96.06
64.908491,R,79.57
64.950125,L,70.28
64.993211,U,96.01
65.035223,R,79.47
65.076928,L,72.73
65.119876,U,93.47
65.161957,R,79.63
65.203666,L,72.73
65.246578,U,93.55
65.288661,R,79.45
65.330381,L,72.84
65.373288,U,93.49
65.415423,R,79.47
65.457120,L,72.66
65.500048,U,93.42
65.542101,R,79.49
65.583838,L,72.73
65.626760,U,93.42
65.668862,R,79.52
65.710579,L,72.66
65.753392,U,90.86
65.795537,R,79.57
65.837258,L,72.71
65.880207,U,93.42
65.963965,L,72.73
65.922347,R,82.12
66.006918,U,93.42
66.049163,R,84.71
66.090672,L,72.70
66.133628,U,93.47
66.175695,R,79.52
66.217411,L,72.71
66.260295,U,90.93
66.302490,R,79.52
66.344176,L,72.71
66.386996,U,90.98
66.429241,R,81.98
66.470889,L,72.66
66.513731,U,90.95
66.556007,R,82.03
66.597656,L,72.68
66.682749,R,82.05
66.640495,U,91.05
66.724371,L,72.70
66.767171,U,90.86
66.809437,R,81.99
66.851045,L,72.70
66.893806,U,88.35
66.936122,R,81.99
66.977756,L,72.82
67.020585,U,90.88
67.062911,R,84.52
67.104574,L,75.31
67.147326,U,90.86
67.190201,R,104.65
67.231229,L,75.43
67.273982,U,90.93
67.317020,R,109.88
67.357879,L,75.25
67.400590,U,88.42
67.446956,R,222.84
67.484562,L,75.24
67.527213,U,88.32
67.573655,R,222.93
67.611306,L,75.22
67.653952,U,88.32
67.700572,R,230.46
67.737957,L,75.20
67.780604,U,88.30
67.864634,L,75.29
67.827417,R,237.95
67.907270,U,85.73
67.965807,R,641.23
67.991556,L,72.66
68.034255,U,85.78
68.118623,L,75.38
68.092831,R,641.16
68.161288,U,88.39
68.245855,L,80.39
68.219817,R,641.18
68.288430,U,88.42
68.334638,R,215.28
68.372744,L,85.47
68.415116,U,88.34
68.461046,R,207.85
68.499373,L,85.62
68.541765,U,88.39
68.587595,R,202.68
68.625903,L,77.85
68.668534,U,88.35
68.711804,R,114.71
68.752499,L,72.82
68.795297,U,88.32
68.838426,R,109.68
68.879210,L,72.85
68.922012,U,88.41
68.965061,R,107.22
69.005976,L,72.85
69.048697,U,88.42
69.091058,R,84.66
69.132561,L,72.73
69.175287,U,85.99
69.217702,R,82.03
69.259291,L,72.75
69.302014,U,88.37
69.344350,R,82.18
69.385941,L,72.70
69.428730,U,88.32
69.471089,R,82.01
69.512672,L,72.68
69.555403,U,88.32
69.639319,L,72.78
69.597680,R,82.15
69.682043,U,85.88
69.724410,R,82.05
69.766057,L,72.71
69.808727,U,86.04
69.851095,R,82.10
69.892601,L,70.31
69.935424,U,88.35
69.977746,R,82.06
70.019331,L,70.16
70.062138,U,88.44
70.104486,R,82.01
70.145933,L,67.65
70.188805,U,85.80
70.231170,R,82.03
70.272759,L,72.71
70.315484,U,85.78
70.357840,R,79.64
70.399719,L,78.00
70.442224,U,85.80
70.484522,R,79.52
70.526488,L,82.89
70.568889,U,85.85
70.611196,R,79.49
70.652999,L,77.78
70.695573,U,85.86
70.737895,R,79.52
70.779701,L,75.31
70.822353,U,85.78
70.864650,R,79.52
70.906257,L,70.16
70.949010,U,85.80
70.991330,R,79.61
71.032939,L,70.19
71.075749,U,88.54
71.118010,R,79.59
71.159721,L,72.68
71.202462,U,88.35
71.244646,R,76.98
71.286434,L,72.70
71.329205,U,88.30
71.371416,R,79.54
71.413080,L,72.73
71.455886,U,88.37
71.498117,R,79.63
71.539818,L,72.75
71.582540,U,88.37
71.666469,L,72.75
71.624840,R,82.20
71.709221,U,88.34
71.751550,R,82.08
71.793207,L,72.70
71.835935,U,88.46
71.878235,R,82.05
71.919833,L,72.82
71.962541,U,85.78
72.004944,R,82.10
72.046591,L,72.73
72.089246,U,85.85
72.131557,R,79.56
72.173213,L,72.71
72.215935,U,85.81
72.258265,R,79.54
72.299969,L,72.75
72.342624,U,85.86
72.384942,R,79.63
72.426607,L,70.28
72.469452,U,88.35
72.511701,R,79.51
72.553350,L,70.11
72.596169,U,88.39
72.638399,R,79.52
72.680029,L,70.17
72.722888,U,88.34
72.765128,R,79.51
72.806731,L,70.21
72.849518,U,88.35
72.891804,R,79.51
72.933405,L,70.21
72.976346,U,91.03
73.018503,R,79.51
73.060166,L,70.17
73.103060,U,90.88
73.145314,R,82.08
73.186841,L,70.19
73.229642,U,88.35
73.271943,R,82.01
73.313458,L,70.16
73.356302,U,88.34
73.398657,R,82.01
73.440159,L,70.17
73.482959,U,88.44
73.525290,R,82.18
73.566843,L,70.30
73.609671,U,88.37
73.652018,R,84.57
73.693449,L,67.67
73.736351,U,88.41
73.778798,R,87.06
73.820155,L,67.65
73.863094,U,88.37
73.905576,R,87.02
73.946843,L,65.09
73.989844,U,88.39
74.032259,R,84.78
74.073816,L,72.70
74.116589,U,88.39
74.158966,R,84.57
74.200719,L,80.35
74.243250,U,88.42
74.285451,R,79.54
74.327482,L,83.00
74.369909,U,88.37
74.412203,R,82.05
74.453886,L,75.32
74.496540,U,88.42
74.539049,R,89.58
74.580411,L,70.28
74.623310,U,90.91
74.665874,R,94.61
74.706977,L,67.60
74.749916,U,90.89
74.792436,R,92.22
74.833726,L,70.17
74.876612,U,91.07
74.919109,R,89.63
74.960433,L,70.16
75.003361,U,90.88
75.045597,R,82.08
75.087109,L,70.12
75.130056,U,90.88
75.213873,L,70.23
75.172380,R,84.69
75.256816,U,91.05
75.299123,R,84.62
75.340641,L,70.17
75.383592,U,90.93
75.425926,R,84.53
75.467391,L,70.19
75.510181,U,88.37
75.552587,R,84.57
75.594063,L,70.17
75.636875,U,88.49
75.679276,R,84.48
75.720737,L,70.16
75.763586,U,88.34
75.805988,R,84.52
75.847423,L,67.58
75.932731,R,84.60
75.890302,U,88.39
75.974093,L,67.72
76.016958,U,88.37
76.059434,R,87.09
76.100938,L,72.78
76.143730,U,88.32
76.186207,R,86.97
76.227865,L,80.32
76.270385,U,88.35
76.312806,R,87.07
76.354495,L,80.30
76.397083,U,88.27
76.439486,R,84.52
76.481068,L,72.66
76.523825,U,88.32
76.566202,R,84.64
76.607698,L,70.23
76.650573,U,88.49
76.692928,R,82.12
76.734485,L,70.19
76.777238,U,85.83
76.819641,R,82.13
76.861160,L,70.17
76.903930,U,85.80
76.946354,R,82.05
76.987871,L,70.14
77.030618,U,85.81
77.073016,R,82.03
77.114574,L,70.17
77.157367,U,85.74
77.199754,R,81.99
77.241335,L,70.12
77.284085,U,85.85
77.326435,R,82.10
77.368010,L,70.35
77.410818,U,88.37
77.453042,R,79.54
77.494691,L,70.16
77.537480,U,88.44
77.579696,R,79.49
77.621382,L,72.70
77.664117,U,88.54
77.706370,R,79.52
77.748031,L,72.70
77.790807,U,88.41
77.833021,R,79.49
77.874679,L,72.68
77.917463,U,88.51
77.959725,R,79.51
78.001416,L,72.66
78.086486,R,79.56
78.044291,U,91.00
78.128150,L,72.73
78.171035,U,91.05
78.213222,R,79.52
78.254811,L,70.17
78.297654,U,88.35
78.339893,R,79.51
78.381516,L,70.16
78.424389,U,88.35
78.466751,R,82.03
78.508276,L,70.30
78.551142,U,88.30
78.593431,R,81.98
78.635013,L,70.12
78.677825,U,88.34
78.720106,R,81.99
78.761734,L,72.84
78.804453,U,88.42
78.846786,R,82.15
78.888375,L,72.71
78.931171,U,88.35
78.973457,R,82.12
79.015047,L,72.70
79.057811,U,88.42
79.100163,R,82.03
79.141753,L,72.70
79.184497,U,88.34
79.226786,R,82.12
79.268401,L,72.70
79.311152,U,88.34
79.353471,R,82.01
79.395060,L,70.16
79.437869,U,88.37
79.480216,R,82.03
79.521714,L,67.77
79.564616,U,88.51
79.606927,R,82.05
79.648639,L,75.24
79.691370,U,88.44
79.733696,R,82.01
79.775561,L,80.34
79.818117,U,88.35
79.860434,R,82.03
79.902352,L,82.86
79.944778,U,88.35
79.987067,R,79.51
80.028902,L,77.78
80.071504,U,88.34
80.113741,R,79.52
80.155373,L,70.23
80.198254,U,88.44
80.240520,R,79.71
80.282065,L,67.63
80.325071,U,90.98
80.367254,R,79.54
80.408849,L,70.28
80.451767,U,90.89
80.493930,R,79.52
80.535553,L,70.21
80.578455,U,90.91
80.620601,R,79.52
80.662226,L,70.19
80.705043,U,88.32
80.747280,R,79.49
80.788903,L,70.17
80.831774,U,88.44
80.874112,R,82.06
80.915667,L,70.26
80.958590,U,90.91
81.000857,R,82.03
81.042410,L,70.17
81.085274,U,90.86
81.127441,R,79.54
81.169054,L,70.16
81.211990,U,90.88
81.254116,R,79.63
81.295780,L,72.71
81.338517,U,88.35
81.380771,R,79.51
81.422353,L,70.24
81.465149,U,88.42
81.507386,R,79.49
81.549044,L,70.12
81.591861,U,88.34
81.634121,R,79.68
81.675901,L,75.24
81.718565,U,88.30
81.760869,R,81.99
81.802703,L,80.35
81.845221,U,88.42
81.929410,L,82.93
81.887532,R,81.91
81.971878,U,88.47
82.014220,R,82.08
82.055949,L,75.41
82.098686,U,90.91
82.140902,R,82.05
82.182476,L,70.19
82.225434,U,91.08
82.267670,R,82.05
82.309252,L,72.73
82.352087,U,90.93
82.394283,R,79.54
82.435997,L,72.71
82.521014,R,79.59
82.478857,U,90.91
82.562734,L,72.84
82.605537,U,90.95
82.647667,R,79.71
82.689386,L,72.80
82.732198,U,90.96
82.774440,R,82.03
82.816100,L,72.71
82.858979,U,90.95
82.901213,R,82.01
82.942865,L,72.80
82.985589,U,88.32
83.027931,R,82.01
83.069579,L,72.70
83.112381,U,90.91
83.154652,R,82.12
83.196228,L,72.73
83.239037,U,91.10
83.281242,R,79.68
83.322942,L,72.71
83.366440,U,114.00
83.407949,R,79.49
83.449630,L,72.73
83.492560,U,93.50
83.534628,R,79.54
83.576309,L,72.77
83.619239,U,93.45
83.661300,R,77.09
83.703106,L,72.77
83.745971,U,90.89
83.788039,R,77.17
83.829779,L,72.68
83.872632,U,90.82
83.914714,R,77.07
83.956524,L,72.77
83.999404,U,90.89
84.041534,R,77.02
84.083288,L,72.82
84.126117,U,90.89
84.168257,R,79.54
84.209917,L,72.73
84.252714,U,91.03
84.294884,R,79.49
84.336571,L,72.71
84.379368,U,90.91
84.421467,R,77.00
84.463196,L,72.71
84.548188,R,77.07
84.506126,U,93.59
84.589867,L,70.26
84.632838,U,93.47
84.674842,R,77.00
84.716654,L,72.77
84.759581,U,93.47
84.801650,R,79.54
84.843520,L,77.78
84.886301,U,93.49
84.928364,R,79.52
84.970326,L,82.91
85.012962,U,93.49
85.055109,R,82.05
85.096951,L,80.34
85.139625,U,93.45
85.181801,R,82.15
85.223413,L,72.73
85.266272,U,90.91
85.308487,R,82.13
85.349977,L,67.70
85.392962,U,90.95
85.435194,R,82.03
85.476760,L,70.17
85.519625,U,90.91
85.561879,R,82.12
85.603383,L,70.23
85.646321,U,90.93
85.688559,R,82.05
85.730093,L,70.17
85.772986,U,90.91
85.815274,R,81.98
85.856775,L,70.16
85.899682,U,91.01
85.941959,R,82.01
85.983549,L,70.19
86.026449,U,90.95
86.068665,R,82.10
86.110233,L,70.23
86.153137,U,90.91
86.195351,R,82.05
86.236916,L,70.17
86.279828,U,91.03
86.322141,R,84.52
86.363595,L,70.16
86.406461,U,90.89
86.448704,R,82.03
86.490281,L,70.14
86.533228,U,90.93
86.575409,R,79.78
86.617053,L,70.28
86.659996,U,90.89
86.702242,R,82.03
86.743829,L,70.30
86.786810,U,93.42
86.828888,R,79.51
86.870538,L,72.71
86.913364,U,90.91
86.955538,R,79.51
86.997195,L,72.73
87.040058,U,90.88
87.082245,R,79.49
87.123942,L,72.68
87.166741,U,90.89
87.208900,R,79.66
87.250574,L,72.75
87.293421,U,91.07
87.335501,R,77.05
87.377367,L,75.29
87.420096,U,90.93
87.462292,R,79.63
87.503985,L,72.85
87.546841,U,90.96
87.589030,R,79.56
87.630703,L,72.70
87.673583,U,90.88
87.715707,R,79.49
87.757384,L,72.71
87.800262,U,90.88
87.842388,R,79.57
87.884105,L,72.73
87.926912,U,90.91
87.969101,R,79.54
88.010838,L,75.22
88.053594,U,90.86
88.095655,R,77.00
88.137501,L,75.24
88.180274,U,90.95
88.222337,R,77.00
88.264191,L,75.27
88.306954,U,90.98
88.349084,R,79.52
88.390829,L,75.32
88.433683,U,93.47
88.475803,R,82.01
88.517458,L,75.27
88.560280,U,93.55
88.602459,R,82.15
88.643825,L,65.08
88.686995,U,93.43
88.729202,R,82.03
88.770834,L,72.66
88.813759,U,93.47
88.855885,R,82.01
88.897459,L,70.19
88.940411,U,93.42
88.982564,R,81.99
89.024162,L,72.87
89.067032,U,93.45
89.109219,R,81.98
89.150972,L,77.88
89.193745,U,93.50
89.235927,R,82.03
89.277878,L,85.54
89.320398,U,93.45
89.362551,R,82.05
89.404542,L,85.40
89.447047,U,93.42
89.489282,R,84.59
89.531153,L,85.40
89.573674,U,93.45
89.615904,R,84.71
89.657825,L,85.43
89.700382,U,93.45
89.742655,R,87.04
89.784458,L,85.47
89.827001,U,93.50
89.869415,R,89.61
89.911217,L,85.45
89.953802,U,93.59
89.999823,R,215.34
90.037911,L,85.61
90.080521,U,95.99
90.126620,R,220.30
90.164487,L,80.34
90.207258,U,96.13
90.253324,R,220.24
90.291006,L,75.27
90.333883,U,96.01
90.417600,L,72.82
90.380042,R,222.83
90.460623,U,96.04
90.506823,R,225.32
90.544186,L,70.19
90.587221,U,96.04
90.633551,R,227.91
90.670799,L,67.67
90.714004,U,98.62
90.760330,R,230.34
90.797508,L,67.63
90.840713,U,98.57
90.886982,R,230.38
90.924237,L,70.21
90.967340,U,98.53
91.013622,R,230.33
91.050916,L,72.68
91.093999,U,98.41
91.140327,R,230.45
91.177688,L,72.73
91.220797,U,98.57
91.267029,R,227.89
91.304630,L,80.35
91.347501,U,101.28
91.393599,R,225.38
91.432547,L,123.54
91.473875,U,88.39
91.520250,R,222.93
91.559735,L,138.72
91.600932,U,101.09
91.686082,L,118.51
91.659048,R,641.09
91.727485,U,88.32
91.773747,R,217.88
91.812779,L,118.56
91.854054,U,83.39
91.901487,R,255.49
91.939763,L,131.29
91.980607,U,80.82
92.028268,R,258.04
92.066914,L,146.45
92.107752,U,96.01
92.154980,R,257.99
92.193824,L,153.97
92.234425,U,93.54
92.281645,R,257.94
92.320469,L,151.41
92.361122,U,93.45
92.408403,R,258.03
92.446940,L,141.51
92.487764,U,90.93
92.535173,R,260.69
92.573505,L,138.79
92.614465,U,93.43
92.661884,R,263.19
92.700576,L,151.39
92.741184,U,93.38
92.784374,R,117.19
92.826703,L,131.12
92.867827,U,90.86
92.911056,R,117.19
92.953228,L,126.02
92.994482,U,90.89
93.037819,R,119.72
93.079973,L,128.60
93.121229,U,90.89
93.164668,R,122.41
93.206586,L,123.57
93.247904,U,88.49
93.291423,R,124.75
93.333212,L,120.96
93.374590,U,88.34
93.418110,R,124.71
93.459775,L,118.39
93.501252,U,88.35
93.544904,R,127.34
93.586426,L,115.88
93.627939,U,88.35
93.671670,R,129.86
93.713117,L,115.90
93.754597,U,88.34
93.798345,R,129.88
93.839845,L,116.05
93.881414,U,90.96
93.925038,R,129.84
93.966409,L,113.34
94.008079,U,91.10
94.051671,R,129.81
94.093076,L,113.32
94.134771,U,91.00
94.178431,R,132.31
94.219803,L,113.34
94.261495,U,91.00
94.305155,R,132.31
94.346528,L,113.39
94.388152,U,90.98
94.431847,R,132.28
94.473087,L,110.78
94.514894,U,93.59
94.599783,L,110.87
94.558553,R,134.92
94.641614,U,93.47
94.685381,R,137.52
94.726440,L,108.48
94.768279,U,93.45
94.812013,R,137.33
94.853089,L,108.31
94.894941,U,93.43
94.938707,R,137.31
94.979760,L,108.43
95.021672,U,93.43
95.065561,R,139.81
95.106577,L,108.31
95.148454,U,93.50
95.192240,R,137.36
95.233303,L,108.29
95.275132,U,90.93
95.318952,R,137.43
95.360009,L,108.28
95.401802,U,91.12
95.445676,R,137.33
95.486690,L,105.72
95.528615,U,90.88
95.572444,R,137.50
95.613386,L,105.70
95.655313,U,90.91
95.699195,R,139.81
95.740055,L,105.74
95.781983,U,90.89
95.825859,R,139.83
95.866716,L,103.18
95.908677,U,90.91
95.952709,R,142.53
95.993507,L,103.20
96.035425,U,90.88
96.120085,L,103.25
96.079300,R,139.92
96.162086,U,90.89
96.206009,R,139.97
96.246813,L,103.20
96.288820,U,93.49
96.332762,R,142.34
96.373613,L,105.70
96.415474,U,90.91
96.459648,R,147.38
96.500313,L,105.72
96.542220,U,91.07
96.586521,R,152.38
96.627048,L,105.74
96.669044,U,93.55
96.713284,R,154.93
96.753649,L,103.18
96.795686,U,93.62
96.839863,R,150.04
96.880378,L,103.37
96.922429,U,93.47
96.966509,R,147.38
97.007105,L,103.25
97.049152,U,93.42
97.093120,R,144.86
97.133694,L,100.64
97.175813,U,93.47
97.219685,R,139.83
97.260396,L,100.78
97.302476,U,93.42
97.346417,R,142.28
97.387124,L,100.60
97.429221,U,93.45
97.473235,R,144.93
97.513800,L,98.15
97.555939,U,93.59
97.599745,R,140.07
97.640389,L,98.13
97.682571,U,93.49
97.726335,R,137.43
97.767006,L,95.54
97.809266,U,93.42
97.853239,R,144.91
97.893660,L,92.98
97.935966,U,93.42
97.980212,R,152.38
98.020237,L,87.94
98.062648,U,90.89
98.107009,R,154.99
98.146932,L,87.94
98.189355,U,91.01
98.233733,R,154.99
98.273641,L,85.61
98.316106,U,90.91
98.360400,R,152.43
98.400316,L,85.42
98.442769,U,90.89
98.487061,R,152.34
98.526983,L,85.42
98.569460,U,90.96
98.613784,R,154.92
98.653581,L,82.86
98.696089,U,90.91
98.740421,R,154.92
98.780244,L,82.88
98.822824,U,90.93
98.867271,R,157.42
98.906951,L,80.40
98.949602,U,91.00
98.994114,R,159.94
99.033629,L,77.80
99.076288,U,90.95
99.120892,R,164.99
99.160233,L,77.76
99.202888,U,88.34
99.247722,R,167.46
99.286979,L,77.85
99.329576,U,88.34
99.374404,R,169.97
99.413609,L,77.74
99.456238,U,88.35
99.501219,R,175.13
99.540196,L,75.32
99.582905,U,88.46
99.628170,R,182.65
99.666946,L,75.19
99.709600,U,88.32
99.755021,R,187.70
99.793698,L,75.20
99.836409,U,88.32
99.882025,R,195.16
99.920343,L,72.70
99.963127,U,88.34
100.008906,R,202.83
100.047059,L,72.73
100.089789,U,88.37
100.173664,L,72.84
100.137696,R,275.72
100.216383,U,85.76
100.264249,R,270.68
100.300341,L,70.19
100.343077,U,85.92
100.390842,R,268.10
100.427015,L,70.35
100.469769,U,85.80
100.517573,R,268.08
100.553790,L,72.73
100.596467,U,85.97
100.644173,R,265.49
100.680595,L,77.78
100.723095,U,83.24
100.807433,L,82.98
100.770846,R,265.60
100.849792,U,83.26
100.895079,R,180.15
100.934192,L,83.10
100.976472,U,80.80
101.021931,R,182.60
101.060980,L,82.86
101.103238,U,80.72
101.148732,R,185.09
101.187455,L,75.41
101.229897,U,80.77
101.275507,R,187.64
101.313920,L,67.67
101.356571,U,78.21
101.402209,R,187.71
101.440597,L,65.08
101.483319,U,78.18
101.529020,R,187.73
101.567294,L,62.57
101.610019,U,75.60
101.655745,R,187.70
101.694010,L,62.61
101.736668,U,75.64
101.782412,R,187.73
101.820630,L,60.01
101.863350,U,75.58
101.909122,R,190.18
101.947259,L,60.03
101.990088,U,78.14
102.035798,R,190.29
102.073875,L,60.01
102.116769,U,80.68
102.200554,L,60.08
102.162438,R,190.24
102.243734,U,88.30
102.289220,R,190.27
102.327324,L,60.03
102.370652,U,96.01
102.415852,R,190.08
102.453973,L,60.05
102.497575,U,103.70
102.542638,R,192.66
102.580652,L,60.03
102.624342,U,108.83
102.669246,R,192.59
102.707338,L,60.05
102.751295,U,116.55
102.796037,R,195.14
102.833948,L,57.47
102.878161,U,124.19
102.960550,L,55.04
102.922667,R,192.79
103.004972,U,126.66
103.047567,R,129.81
103.087278,L,55.00
103.131853,U,131.69
103.174318,R,129.74
103.214074,L,54.93
103.258718,U,134.30
103.301052,R,129.77
103.340750,L,54.93
103.385331,U,134.28
103.427681,R,129.77
103.467367,L,54.92
103.511977,U,134.32
103.554308,R,129.98
103.593986,L,54.97
103.638482,U,131.73
103.680941,R,129.93
103.720623,L,52.45
103.765090,U,126.68
103.807756,R,132.45
103.847365,L,52.39
103.891655,U,121.53
103.974094,L,52.46
103.936400,R,197.75
104.018156,U,113.95
104.063174,R,200.22
104.100806,L,52.41
104.144780,U,108.95
104.189808,R,197.68
104.227489,L,52.60
104.271197,U,101.09
104.316467,R,197.63
104.354194,L,54.88
104.397505,U,91.12
104.443005,R,195.13
104.480813,L,54.97
104.523938,U,83.26
104.607432,L,55.04
104.569635,R,195.18
104.650389,U,78.12
104.696199,R,192.83
104.734116,L,55.14
104.777019,U,75.60
104.822952,R,192.57
104.860886,L,54.99
104.903742,U,73.03
104.949621,R,190.10
104.987630,L,54.93
105.030329,U,67.91
105.076267,R,187.59
105.114319,L,55.09
105.156964,U,65.37
105.202959,R,187.56
105.241036,L,54.90
105.283561,U,62.83
105.329681,R,187.68
105.367695,L,54.99
105.410347,U,65.65
105.456392,R,187.68
105.494458,L,54.97
105.537107,U,65.42
105.583106,R,187.71
105.621142,L,54.97
105.663794,U,65.37
105.709847,R,187.56
105.747912,L,54.92
105.790504,U,65.39
105.874654,L,55.00
105.836569,R,187.66
105.917380,U,68.03
105.963379,R,187.71
106.001453,L,55.14
106.044253,U,70.50
106.090160,R,187.70
106.128250,L,54.97
106.171194,U,75.70
106.216939,R,187.56
106.255021,L,54.85
106.298189,U,83.24
106.381748,L,55.04
106.343745,R,187.68
106.425081,U,90.93
106.508545,L,57.53
106.470232,R,182.74
106.552058,U,98.72
106.597094,R,187.63
106.635136,L,54.92
106.678993,U,108.76
106.723736,R,187.59
106.761826,L,54.95
106.805891,U,116.43
106.850524,R,190.12
106.888566,L,54.95
106.932827,U,121.48
106.973665,R,64.42
107.015309,L,54.93
107.059702,U,126.73
107.100307,R,62.05
107.141996,L,55.02
107.186450,U,129.15
107.226911,R,59.37
107.268677,L,54.95
107.313251,U,131.73
107.353618,R,59.48
107.395389,L,54.97
107.439896,U,131.73
107.480407,R,61.97
107.522076,L,54.97
107.566576,U,129.15
107.607130,R,61.98
107.648814,L,54.97
107.693090,U,124.07
107.733842,R,64.58
107.775472,L,54.99
107.819738,U,121.55
107.863582,R,167.50
107.902182,L,54.99
107.946284,U,116.50
107.990357,R,169.98
108.028955,L,55.09
108.072884,U,111.32
108.117070,R,170.00
108.155747,L,57.47
108.199483,U,106.48
108.243887,R,172.49
108.282484,L,57.46
108.326006,U,98.55
108.370606,R,172.49
108.409137,L,57.44
108.452486,U,93.55
108.497307,R,175.20
108.535764,L,57.65
108.579009,U,88.39
108.624017,R,175.06
108.662534,L,57.53
108.705661,U,85.78
108.750783,R,177.50
108.789229,L,57.46
108.832286,U,83.22
108.877618,R,180.11
108.915947,L,57.47
108.958898,U,80.70
109.004304,R,180.23
109.042630,L,57.47
109.085642,U,80.77
109.131053,R,180.16
109.169503,L,60.10
109.212447,U,83.29
109.257866,R,185.26
109.296163,L,60.07
109.339127,U,80.63
109.384439,R,177.62
109.422957,L,62.54
109.465855,U,83.22
109.549683,L,62.59
109.511109,R,177.62
109.592642,U,83.24
109.637779,R,175.08
109.676444,L,65.13
109.719278,U,83.20
109.803164,L,65.15
109.764422,R,175.17
109.846033,U,83.34
109.891171,R,175.17
109.929935,L,67.67
109.972794,U,85.85
110.017825,R,172.51
110.057102,L,82.91
110.099543,U,85.97
110.144504,R,170.00
110.183986,L,85.52
110.226387,U,88.39
110.271226,R,169.98
110.310866,L,93.02
110.353050,U,88.51
110.397847,R,167.48
110.438592,L,128.63
110.479775,U,88.34
110.524572,R,167.70
110.565320,L,128.72
110.606439,U,88.41
110.651207,R,167.48
110.691988,L,128.75
110.733102,U,88.32
110.777833,R,164.94
110.818745,L,131.17
110.859929,U,90.91
110.904487,R,162.52
110.945620,L,136.34
110.986694,U,93.50
111.033332,R,238.00
111.072169,L,131.14
111.113396,U,93.49
111.160052,R,235.46
111.198836,L,128.58
111.240195,U,95.99
111.288319,R,290.79
111.325478,L,126.04
111.366948,U,96.01
111.452559,L,126.14
111.425230,R,641.18
111.494057,U,98.55
111.579587,L,126.16
111.552297,R,641.07
111.621126,U,98.57
111.679318,R,640.99
111.706542,L,123.74
111.748170,U,98.77
111.833594,L,123.60
111.806338,R,641.04
111.875236,U,98.65
111.926385,R,396.18
111.960425,L,123.52
112.002141,U,101.21
112.087154,L,121.10
112.053207,R,396.23
112.128863,U,101.12
112.179890,R,396.28
112.213846,L,121.20
112.255563,U,101.21
112.306598,R,396.44
112.340505,L,120.94
112.382286,U,101.09
112.433333,R,396.15
112.467244,L,121.13
112.509002,U,101.16
112.567159,R,641.04
112.596311,L,189.58
112.636064,U,101.18
112.694179,R,641.13
112.723082,L,192.28
112.762758,U,101.18
112.805970,R,124.83
112.849892,L,194.57
112.889479,U,101.07
112.932513,R,119.72
112.976637,L,197.22
113.016060,U,98.62
113.059063,R,114.77
113.101910,L,148.95
113.142808,U,98.60
113.185505,R,104.67
113.228753,L,151.49
113.269522,U,98.62
113.312057,R,99.67
113.355516,L,154.02
113.396349,U,101.23
113.438806,R,99.59
113.482410,L,159.15
113.523007,U,101.38
113.565112,R,87.06
113.609146,L,161.59
113.649726,U,101.14
113.691684,R,81.99
113.735940,L,164.14
113.776475,U,101.16
113.818261,R,76.97
113.862665,L,164.14
113.903136,U,101.18
113.944843,R,74.48
113.989260,L,161.60
114.029861,U,101.28
114.071604,R,74.48
114.116038,L,161.59
114.198300,R,74.51
114.156582,U,101.19
114.242631,L,159.18
114.283242,U,101.24
114.324941,R,74.49
114.369144,L,154.05
114.410046,U,103.72
114.451745,R,77.00
114.495839,L,153.93
114.536606,U,101.14
114.578372,R,77.00
114.622528,L,154.07
114.663283,U,98.51
114.705165,R,77.02
114.749371,L,156.63
114.790033,U,98.55
114.831944,R,76.88
114.876206,L,156.64
114.916761,U,96.04
114.958713,R,77.10
115.003015,L,161.60
115.043526,U,98.55
115.085396,R,77.00
115.129858,L,166.67
115.170162,U,98.51
115.212009,R,74.48
115.256549,L,166.67
115.296908,U,98.53
115.338793,R,77.05
115.383303,L,166.68
115.423549,U,95.99
115.465474,R,77.00
115.509899,L,164.13
115.550232,U,96.01
115.592154,R,77.00
115.636659,L,166.87
115.676978,U,96.23
115.718894,R,77.02
115.763354,L,166.65
115.803642,U,96.08
115.845581,R,76.91
115.890148,L,169.26
115.930330,U,95.97
115.972377,R,79.52
116.016919,L,171.75
116.057054,U,96.01
116.099061,R,79.51
116.143633,L,171.75
116.183676,U,93.45
116.225781,R,79.51
116.270391,L,171.70
116.310395,U,93.54
116.352494,R,79.71
116.396962,L,169.22
116.437049,U,93.52
116.479255,R,82.06
116.523628,L,166.79
116.563806,U,93.43
116.606025,R,84.52
116.650321,L,166.77
116.690550,U,93.43
116.732835,R,84.52
116.777095,L,166.72
116.817325,U,93.55
116.859637,R,87.30
116.903773,L,164.25
116.944065,U,93.49
116.986465,R,89.61
117.030543,L,164.16
117.070815,U,93.49
117.113319,R,92.07
117.157282,L,164.20
117.197536,U,93.52
117.240042,R,92.12
117.283958,L,161.64
117.324284,U,93.49
117.366761,R,92.12
117.410576,L,159.10
117.451005,U,93.49
117.493528,R,94.75
117.537338,L,161.64
117.577639,U,93.49
117.620196,R,94.57
117.664001,L,161.55
117.704333,U,93.42
117.747034,R,99.64
117.793107,L,245.38
117.830983,U,93.47
117.873506,R,94.61
117.919734,L,245.50
117.957640,U,93.47
118.000202,R,94.66
118.046389,L,243.11
118.084386,U,93.54
118.126917,R,94.75
118.173062,L,243.03
118.211091,U,96.15
118.253587,R,97.13
118.299738,L,243.04
118.337802,U,96.01
118.380310,R,97.29
118.426442,L,242.98
118.464490,U,96.01
118.507132,R,99.67
118.553129,L,243.01
118.591240,U,95.97
118.633815,R,99.64
118.679859,L,242.91
118.717899,U,96.03
118.760543,R,102.13
118.806494,L,243.03
118.844528,U,96.09
118.887245,R,104.80
118.933127,L,242.89
118.971222,U,95.96
119.014027,R,107.22
119.058955,L,212.36
119.098024,U,98.69
119.140879,R,109.69
119.185646,L,209.82
119.224774,U,98.51
119.267681,R,112.36
119.312423,L,209.83
119.351491,U,98.57
119.394498,R,117.23
119.438956,L,207.34
119.478123,U,98.67
119.521317,R,122.26
119.565645,L,207.47
119.604848,U,98.79
119.649479,R,172.51
119.692320,L,204.73
119.731567,U,98.55
119.776262,R,175.06
119.818964,L,202.18
119.858318,U,98.57
119.903133,R,177.55
119.945634,L,199.59
119.985068,U,98.60
120.029924,R,180.08
120.072330,L,197.18
120.111893,U,101.18
120.156771,R,182.55
120.199005,L,194.68
120.238624,U,101.19
120.283660,R,187.82
120.325647,L,192.05
120.365311,U,101.21
120.410433,R,192.69
120.452264,L,189.61
120.492010,U,101.12
120.539693,R,280.65
120.578885,L,187.04
120.618676,U,101.12
120.666832,R,295.70
120.705525,L,184.47
120.745379,U,98.53
120.793690,R,300.79
120.832030,L,179.49
120.871967,U,96.06
120.930253,R,641.21
120.959041,L,177.02
120.999006,U,95.97
121.085914,L,171.82
121.057283,R,641.09
121.125939,U,93.42
121.212835,L,169.33
121.182066,R,564.73
121.252971,U,93.47
121.339759,L,166.79
121.311330,R,641.14
121.380055,U,95.99
121.438342,R,641.06
121.466383,L,161.76
121.506810,U,96.01
121.550104,R,122.24
121.593077,L,159.05
121.633492,U,93.43
121.676599,R,114.76
121.719759,L,159.06
121.760180,U,93.49
121.802604,R,92.05
121.846405,L,156.52
121.886897,U,93.59
121.929228,R,87.09
121.970894,L,77.83
122.055917,R,84.59
122.013643,U,93.61
122.097451,L,72.68
122.140364,U,93.64
122.182521,R,82.03
122.224180,L,75.24
122.266950,U,90.89
122.309268,R,84.62
122.350936,L,75.29
122.393652,U,88.37
122.436061,R,84.57
122.477651,L,75.31
122.520317,U,88.32
122.562679,R,81.96
122.604376,L,75.20
122.647097,U,88.42
122.689387,R,81.99
122.731070,L,75.41
122.773758,U,88.32
122.816109,R,82.01
122.857791,L,75.31
122.900523,U,91.07
122.942740,R,82.18
122.984402,L,75.46
123.027185,U,90.96
123.111186,L,77.83
123.069458,R,82.12
123.153850,U,90.91
123.196117,R,82.17
123.237909,L,77.81
123.280626,U,90.93
123.322894,R,82.03
123.364585,L,75.29
123.407314,U,90.91
123.449666,R,84.60
123.491305,L,75.25
123.533990,U,88.41
123.576384,R,84.53
123.617927,L,72.73
123.660673,U,88.46
123.703106,R,84.55
123.744679,L,72.61
123.829854,R,84.60
123.787480,U,88.51
123.871582,L,77.88
123.914164,U,88.35
123.956515,R,84.55
123.998171,L,77.83
124.040760,U,88.34
124.083150,R,84.48
124.124843,L,77.85
124.167420,U,88.37
124.209739,R,82.06
124.251483,L,77.81
124.294080,U,88.39
124.336427,R,82.03
124.378088,L,72.70
124.420826,U,88.34
124.463155,R,82.13
124.504813,L,72.75
124.547525,U,85.80
124.589931,R,82.10
124.631566,L,72.78
124.674240,U,85.86
124.716647,R,82.15
124.758284,L,72.78
124.800967,U,85.85
124.884981,L,72.77
124.843357,R,82.15
124.927684,U,85.78
125.011651,L,72.77
124.970048,R,82.17
125.054381,U,85.93
125.096728,R,82.06
125.138324,L,72.71
125.181047,U,85.95
125.223470,R,82.03
125.265077,L,72.71
125.307735,U,85.88
125.350030,R,79.40
125.391749,L,72.75
125.434423,U,85.90
125.476662,R,77.02
125.518394,L,72.71
125.561118,U,85.81
125.603403,R,77.03
125.645172,L,72.77
125.687871,U,85.90
125.730076,R,77.10
125.771799,L,70.17
125.814531,U,83.26
125.856844,R,77.10
125.898493,L,70.19
125.941227,U,83.29
125.983582,R,77.03
126.025457,L,75.32
126.068113,U,85.85
126.110416,R,79.56
126.152336,L,80.40
126.194841,U,85.85
126.237083,R,77.02
126.279117,L,82.93
126.321548,U,85.90
126.363888,R,79.57
126.405636,L,75.32
126.448239,U,85.90
126.490672,R,82.15
126.532183,L,70.21
126.574936,U,85.80
126.617321,R,82.12
126.658741,L,65.09
126.701706,U,88.32
126.744069,R,82.22
126.785323,L,60.00
126.828350,U,85.78
126.911859,L,57.49
126.870724,R,82.08
126.955013,U,85.80
126.997410,R,82.17
127.038692,L,62.55
127.081786,U,88.39
127.165449,L,62.64
127.124098,R,82.05
127.208505,U,88.35
127.250963,R,87.16
127.292145,L,62.76
127.335193,U,88.37
127.377626,R,87.23
127.418851,L,65.13
127.461903,U,90.91
127.504209,R,84.60
127.545651,L,67.67
127.588544,U,88.42
127.630922,R,84.52
127.672221,L,65.08
127.715289,U,90.89
127.757638,R,84.53
127.798939,L,65.15
127.841956,U,90.96
127.925547,L,65.16
127.884264,R,84.76
127.968656,U,91.07
128.011011,R,84.55
128.052439,L,67.65
128.095434,U,90.88
128.137788,R,84.52
128.179179,L,67.65
128.222184,U,90.89
128.264504,R,84.52
128.305939,L,67.60
128.349014,U,93.43
128.391218,R,84.53
128.432705,L,70.23
128.475654,U,93.54
128.517933,R,84.53
128.559366,L,67.69
128.602398,U,93.55
128.644652,R,84.67
128.686112,L,70.14
128.729150,U,93.42
128.771364,R,84.60
128.813063,L,77.80
128.855865,U,93.43
128.898004,R,82.18
128.939889,L,82.86
128.982527,U,93.43
129.066481,L,77.88
129.024720,R,82.10
129.109177,U,90.93
129.151409,R,82.17
129.192909,L,70.19
129.235866,U,90.93
129.319653,L,70.28
129.278097,R,82.05
129.362528,U,90.88
129.404726,R,82.10
129.446364,L,72.87
129.489189,U,90.89
129.531342,R,79.54
129.572956,L,70.12
129.615879,U,90.93
129.658143,R,82.06
129.699668,L,70.23
129.742602,U,90.93
129.784758,R,79.49
129.826362,L,70.14
129.869265,U,90.89
129.911468,R,79.52
129.953088,L,70.24
130.038088,R,79.63
129.995957,U,90.96
130.079691,L,70.17
130.122623,U,90.95
130.164830,R,79.51
130.206470,L,70.17
130.291593,R,79.57
130.249402,U,90.95
130.333188,L,70.19
130.376073,U,91.05
130.418275,R,79.52
130.459801,L,67.63
130.502762,U,90.91
130.544930,R,79.49
130.586456,L,67.67
130.629459,U,90.89
130.671605,R,79.54
130.713222,L,70.23
130.756152,U,90.91
130.798282,R,79.45
130.839967,L,72.77
130.882824,U,90.89
130.924884,R,77.02
130.966607,L,72.82
131.009489,U,90.95
131.051588,R,77.05
131.093434,L,75.34
131.136159,U,90.93
131.178262,R,77.02
131.220105,L,75.27
131.262850,U,90.89
131.305016,R,79.63
131.346704,L,72.73
131.389514,U,90.91
131.431711,R,79.61
131.473586,L,77.81
131.516291,U,90.86
131.558476,R,79.57
131.600468,L,82.91
131.643053,U,93.45
131.685086,R,77.03
131.727258,L,85.47
131.769772,U,93.42
131.811832,R,77.09
131.853792,L,80.37
131.896493,U,93.57
131.938482,R,77.09
131.980294,L,75.25
132.023084,U,90.91
132.065224,R,77.03
132.107082,L,75.27
132.149861,U,90.98
132.191964,R,76.98
132.233850,L,77.80
132.276662,U,93.59
132.318732,R,76.98
132.360530,L,75.25
132.403358,U,93.54
132.445386,R,77.24
132.487227,L,75.27
132.530006,U,90.93
132.572062,R,77.00
132.613899,L,75.20
132.656742,U,93.45
132.698737,R,77.00
132.740566,L,75.25
132.783407,U,93.38
132.825317,R,74.46
132.867233,L,75.24
132.909966,U,91.00
132.951998,R,74.49
132.993894,L,75.36
133.036621,U,91.00
133.078618,R,74.51
133.120504,L,75.19
133.163220,U,90.93
133.205217,R,74.53
133.247137,L,75.29
133.289878,U,90.93
133.332117,R,82.05
133.373808,L,75.31
133.416667,U,93.47
133.459027,R,89.68
133.500503,L,75.29
133.543315,U,91.00
133.627098,L,72.78
133.585591,R,84.69
133.669910,U,90.88
133.712069,R,79.61
133.753812,L,75.25
133.796574,U,90.91
133.838635,R,74.49
133.880576,L,75.24
133.923351,U,90.96
133.965444,R,76.98
134.007173,L,72.70
134.050052,U,93.47
134.092043,R,77.00
134.133939,L,77.80
134.176740,U,93.57
134.260788,L,82.96
134.218753,R,77.10
134.345403,R,77.05
134.303320,U,90.91
134.387648,L,88.06
134.430099,U,93.45
134.472104,R,77.00
134.514126,L,82.94
134.556757,U,93.45
134.598811,R,76.97
134.640647,L,75.36
134.683536,U,93.45
134.725562,R,76.98
134.767368,L,75.31
134.810119,U,90.88
134.852245,R,76.93
134.894132,L,77.97
134.978950,R,77.10
134.936911,U,93.42
135.020783,L,75.32
135.063607,U,93.62
135.105600,R,77.22
135.147424,L,75.25
135.190267,U,93.45
135.232299,R,77.07
135.274096,L,75.27
135.316896,U,93.38
135.358950,R,77.16
135.400768,L,75.22
135.443585,U,93.42
135.527442,L,75.32
135.485582,R,74.55
135.570265,U,93.42
135.654141,L,75.36
135.612251,R,74.56
135.697009,U,93.54
135.739025,R,77.02
135.780909,L,75.46
135.823651,U,90.89
135.865732,R,77.00
135.907614,L,75.22
135.950421,U,91.08
135.992553,R,76.98
136.034400,L,75.25
136.077309,U,96.01
136.119288,R,76.97
136.161133,L,75.25
136.203975,U,93.50
136.246017,R,77.03
136.287837,L,75.39
136.372717,R,77.03
136.330697,U,93.57
136.414514,L,75.24
136.457354,U,93.62
136.499462,R,79.49
136.541323,L,77.76
136.584122,U,93.45
136.626291,R,82.05
136.667887,L,72.78
136.710762,U,90.95
136.752965,R,82.06
136.794614,L,75.31
136.837386,U,90.91
136.879501,R,77.05
136.921471,L,80.39
136.964133,U,91.01
137.006259,R,76.97
137.048495,L,88.06
137.133012,R,77.07
137.090828,U,88.41
137.174992,L,80.47
137.217639,U,90.91
137.259758,R,77.03
137.301615,L,75.25
137.344385,U,90.98
137.386451,R,77.09
137.428217,L,72.73
137.471032,U,90.89
137.513131,R,77.14
137.554859,L,72.73
137.597740,U,90.84
137.639870,R,76.97
137.681720,L,75.20
137.724480,U,90.93
137.808321,L,72.78
137.766547,R,77.05
137.851154,U,90.86
137.893202,R,77.09
137.934945,L,72.85
137.977733,U,88.42
138.020013,R,79.56
138.061741,L,72.70
138.104498,U,88.32
138.146641,R,77.02
138.188417,L,72.71
138.231209,U,88.35
138.273336,R,74.49
138.315182,L,72.77
138.357908,U,88.35
138.400128,R,79.52
138.441865,L,72.75
138.484687,U,90.91
138.527024,R,84.78
138.568542,L,72.68
138.611331,U,88.53
138.653901,R,92.05
138.695120,L,70.14
138.738006,U,88.32
138.780379,R,84.52
138.821842,L,70.23
138.864830,U,93.49
138.906888,R,79.54
138.948559,L,72.75
138.991370,U,88.39
139.033556,R,77.10
139.075346,L,72.75
139.118108,U,88.42
139.160310,R,79.52
139.202011,L,72.73
139.244754,U,88.34
139.286968,R,79.70
139.328619,L,72.77
139.371431,U,88.42
139.413719,R,82.06
139.455350,L,72.73
139.498081,U,88.35
139.540391,R,82.13
139.582138,L,77.81
139.624732,U,88.32
139.667088,R,82.10
139.708988,L,82.91
139.751542,U,91.05
139.793785,R,82.08
139.835646,L,80.37
139.878219,U,90.89
139.920444,R,82.03
139.962036,L,72.68
140.004878,U,91.00
140.047285,R,87.07
140.088578,L,67.63
140.131466,U,88.53
140.175750,R,149.90
140.215264,L,67.63
140.258138,U,88.39
140.302426,R,150.10
140.342023,L,70.28
140.384802,U,85.93
140.429223,R,152.45
140.468767,L,70.19
140.511482,U,85.83
140.555934,R,152.45
140.595448,L,70.23
140.638308,U,88.44
140.682592,R,149.94
140.722186,L,70.21
140.765070,U,90.98
140.809297,R,150.04
140.848802,L,67.65
140.891795,U,90.89
140.934104,R,84.53
140.975340,L,62.69
141.018485,U,90.91
141.060723,R,82.03
141.101981,L,59.94
141.145208,U,90.88
141.187474,R,82.10
141.228839,L,65.06
141.271866,U,90.89
141.314077,R,82.01
141.355713,L,72.71
141.398524,U,90.89
141.440728,R,79.61
141.482447,L,72.82
141.525289,U,90.91
141.609178,L,75.36
141.567436,R,79.59
141.651913,U,91.00
141.694058,R,79.56
141.735848,L,75.25
141.778626,U,90.95
141.820727,R,77.00
141.862533,L,75.25
141.905318,U,91.08
141.947485,R,79.52
141.989288,L,75.25
142.032138,U,93.50
142.074271,R,82.05
142.116028,L,77.76
142.158845,U,96.18
142.207302,R,303.23
142.242661,L,77.80
142.285406,U,93.49
142.333969,R,303.47
142.369369,L,80.54
142.412071,U,93.45
142.460668,R,303.21
142.496124,L,80.40
142.538895,U,95.99
142.590356,R,406.34
142.622926,L,82.89
142.665620,U,95.99
142.717203,R,408.83
142.750176,L,100.67
142.792368,U,96.04
142.841886,R,338.47
142.877466,L,110.87
142.919374,U,96.04
142.968879,R,338.50
143.004081,L,108.35
143.046068,U,96.23
143.097581,R,409.00
143.130939,L,113.44
143.172729,U,96.04
143.224306,R,408.90
143.257756,L,115.91
143.299462,U,93.43
143.351021,R,406.34
143.384529,L,115.91
143.426160,U,90.89
143.511412,L,121.06
143.477748,R,406.38
143.552905,U,90.86
143.604494,R,403.89
143.638232,L,123.76
143.679567,U,90.98
143.731057,R,401.30
143.765399,L,141.28
143.806232,U,90.91
143.857727,R,401.21
143.892171,L,143.82
143.932929,U,90.96
144.018994,L,151.49
143.984293,R,398.86
144.059527,U,91.00
144.145784,L,154.07
144.111330,R,411.37
144.186299,U,90.98
144.241397,R,527.06
144.272818,L,153.93
144.313324,U,91.03
144.366269,R,451.58
144.399732,L,151.51
144.440295,U,90.96
144.491426,R,388.77
144.526738,L,148.99
144.567383,U,90.89
144.617949,R,368.64
144.653365,L,146.35
144.694072,U,90.89
144.735923,R,69.43
144.780062,L,146.31
144.820754,U,90.88
144.862551,R,66.94
144.906436,L,136.32
144.947476,U,90.91
144.989280,R,66.98
145.033090,L,133.75
145.074115,U,88.42
145.116042,R,69.60
145.159792,L,133.66
145.200700,U,85.83
145.242705,R,69.55
145.286712,L,141.30
145.327371,U,83.19
145.369515,R,69.60
145.413384,L,138.71
145.454138,U,83.20
145.496272,R,69.48
145.540224,L,141.28
145.580775,U,80.72
145.622973,R,69.47
145.666967,L,141.30
145.707501,U,80.91
145.749714,R,72.02
145.793582,L,138.95
145.834065,U,75.62
145.876440,R,71.99
145.920196,L,136.20
145.960670,U,73.22
146.003223,R,74.55
146.045762,L,95.54
146.087332,U,70.50
146.129985,R,74.49
146.172455,L,95.58
146.213956,U,67.98
146.256742,R,77.00
146.299192,L,95.52
146.340752,U,67.98
146.383475,R,77.07
146.426931,L,131.21
146.467398,U,68.03
146.510147,R,77.00
146.553158,L,115.90
146.594219,U,73.08
146.636853,R,77.03
146.679389,L,100.73
146.721046,U,78.12
146.763433,R,74.46
146.806853,L,126.02
146.847964,U,83.24
146.890191,R,74.51
146.932741,L,98.20
146.974843,U,90.91
147.016873,R,74.48
147.058819,L,77.85
147.101766,U,98.74
147.143583,R,74.51
147.185533,L,75.32
147.228674,U,103.68
147.270212,R,71.99
147.312088,L,72.78
147.355404,U,108.80
147.396799,R,72.04
147.438644,L,70.17
147.482199,U,113.82
147.523505,R,71.94
147.565381,L,70.14
147.609000,U,116.36
147.650245,R,72.08
147.692070,L,70.19
147.735686,U,113.81
147.777025,R,74.65
147.818712,L,67.65
147.862259,U,108.78
147.903856,R,77.00
147.945529,L,70.17
147.988772,U,103.72
148.030578,R,79.56
148.072259,L,72.73
148.115277,U,96.04
148.157319,R,79.45
148.199621,L,93.07
148.241823,U,88.39
148.284078,R,79.54
148.326387,L,92.98
148.410837,R,79.56
148.368420,U,83.31
148.454168,L,128.63
148.494938,U,75.69
148.537535,R,79.51
148.580956,L,131.19
148.621604,U,73.03
148.664339,R,81.99
148.707670,L,131.21
148.748286,U,73.04
148.791047,R,82.03
148.834374,L,131.19
148.875029,U,73.09
148.917814,R,81.99
148.961089,L,128.60
149.001911,U,75.58
149.044576,R,81.99
149.087787,L,128.75
149.128571,U,75.60
149.171219,R,81.99
149.214456,L,128.65
149.255258,U,75.57
149.298062,R,84.48
149.341240,L,128.58
149.382066,U,75.69
149.424826,R,84.64
149.467998,L,128.68
149.508752,U,75.57
149.551553,R,86.99
149.594626,L,126.01
149.635538,U,78.12
149.678295,R,87.09
149.721285,L,123.47
149.762208,U,75.55
149.805138,R,89.75
149.847944,L,120.93
149.888950,U,75.57
149.974587,L,121.00
149.931823,R,89.65
150.015611,U,75.53
150.058605,R,92.26
150.101247,L,118.37
150.142360,U,75.60
150.185391,R,94.57
150.227972,L,118.40
150.269127,U,78.16
150.312133,R,94.61
150.354704,L,118.40
150.395881,U,78.19
150.438842,R,94.56
150.481362,L,115.85
150.522598,U,78.28
150.565683,R,97.10
150.608123,L,115.85
150.692460,R,97.15
150.649455,U,80.82
150.734785,L,113.41
150.776117,U,80.78
150.819129,R,99.62
150.861381,L,110.87
150.902730,U,78.12
150.945877,R,99.79
150.988038,L,108.21
151.029544,U,80.68
151.072558,R,99.57
151.114680,L,108.47
151.156205,U,80.70
151.199237,R,99.57
151.241332,L,108.23
151.282907,U,83.24
151.325896,R,99.59
151.367997,L,108.29
151.409549,U,83.27
151.452493,R,99.84
151.494645,L,108.23
151.536214,U,83.53
151.579238,R,102.09
151.621287,L,108.36
151.662834,U,80.66
151.705919,R,102.09
151.748091,L,110.75
151.789617,U,83.22
151.832656,R,102.11
151.874748,L,108.26
151.916377,U,83.19
151.959393,R,102.09
152.001445,L,108.21
152.043091,U,85.92
152.086048,R,102.32
152.128087,L,108.48
152.169574,U,80.77
152.212677,R,102.30
152.254802,L,110.85
152.296276,U,83.26
152.339329,R,102.13
152.381434,L,108.24
152.423001,U,83.29
152.466071,R,102.19
152.508166,L,108.24
152.549774,U,83.29
152.592635,R,97.13
152.634878,L,110.80
152.676361,U,83.29
152.761569,L,113.39
152.719383,R,102.25
152.846215,R,107.21
152.803041,U,83.32
152.888125,L,108.33
152.929783,U,85.93
152.972956,R,109.69
153.014721,L,105.77
153.056477,U,85.81
153.099700,R,109.64
153.141485,L,105.77
153.183259,U,85.81
153.226327,R,104.65
153.268343,L,108.31
153.310018,U,85.80
153.352895,R,99.60
153.395199,L,113.37
153.436720,U,85.90
153.479660,R,99.60
153.521785,L,108.35
153.563490,U,88.41
153.606419,R,102.25
153.648558,L,110.77
153.689802,U,73.03
153.733203,R,104.70
153.775266,L,110.80
153.816417,U,70.47
153.860016,R,107.31
153.902042,L,113.32
153.943135,U,70.49
154.028852,L,115.95
153.989111,R,190.17
154.069962,U,73.01
154.115965,R,192.71
154.157337,L,174.34
154.196826,U,78.28
154.284094,L,176.88
154.242752,R,195.25
154.323697,U,83.24
154.369480,R,197.81
154.410888,L,179.49
154.450792,U,96.04
154.496346,R,200.16
154.537735,L,181.91
154.577623,U,98.62
154.623095,R,202.70
154.664422,L,181.91
154.704323,U,98.60
154.749902,R,205.20
154.791213,L,184.41
154.831123,U,101.14
154.877170,R,222.79
154.917986,L,184.40
154.957933,U,101.18
155.003971,R,222.98
155.044785,L,184.64
155.084653,U,101.26
155.130635,R,220.30
155.171598,L,187.02
155.211466,U,101.09
155.257450,R,220.27
155.297267,L,148.92
155.338232,U,103.68
155.380867,R,109.69
155.423934,L,148.94
155.465003,U,106.24
155.507519,R,107.19
155.550639,L,148.90
155.591623,U,103.65
155.634195,R,104.73
155.677480,L,151.48
155.718360,U,101.12
155.760934,R,104.72
155.804271,L,153.98
155.845051,U,101.07
155.887549,R,102.30
155.930848,L,151.43
155.971688,U,101.09
156.057461,L,151.48
156.014250,R,104.75
156.098323,U,101.07
156.141032,R,107.19
156.184219,L,151.46
156.225075,U,101.16
156.266576,R,66.94
156.310782,L,146.57
156.351800,U,101.33
156.393427,R,71.97
156.437414,L,143.84
156.478470,U,101.18
156.520193,R,74.48
156.563906,L,138.74
156.605065,U,98.70
156.646890,R,74.49
156.693184,L,227.63
156.773688,R,77.05
156.731725,U,96.11
156.819820,L,225.13
156.858416,U,96.08
156.900388,R,77.02
156.943718,L,126.25
156.985102,U,93.52
157.027169,R,77.22
157.070268,L,118.44
157.111832,U,93.49
157.153903,R,79.54
157.196761,L,113.46
157.238504,U,93.47
157.280574,R,79.45
157.323311,L,108.23
157.365151,U,93.45
157.407171,R,76.97
157.449805,L,103.25
157.491748,U,90.98
157.533819,R,77.10
157.576369,L,100.66
157.618378,U,90.91
157.660462,R,77.10
157.702416,L,80.35
157.744980,U,88.35
157.787158,R,76.97
157.829109,L,77.78
157.871810,U,90.89
157.913948,R,77.02
157.955851,L,77.80
157.998464,U,88.32
158.040663,R,79.49
158.082532,L,77.74
158.125123,U,88.44
158.167341,R,79.56
158.209216,L,77.95
158.251843,U,88.47
158.294079,R,79.54
158.335827,L,75.32
158.378587,U,91.05
158.420729,R,79.54
158.462443,L,72.73
158.505274,U,90.95
158.547472,R,79.51
158.589205,L,75.22
158.631943,U,90.96
158.674054,R,77.00
158.715890,L,75.29
158.758699,U,91.05
158.800820,R,77.26
158.842634,L,75.24
158.885443,U,90.89
158.927658,R,79.52
158.969366,L,72.87
159.012167,U,90.95
159.054377,R,79.64
159.096106,L,72.75
159.138871,U,88.42
159.181145,R,79.54
159.222887,L,72.70
159.265685,U,88.30
159.307977,R,79.49
159.349637,L,72.71
159.392441,U,88.42
159.434656,R,79.57
159.476348,L,72.80
159.519179,U,90.88
159.561312,R,79.49
159.602985,L,72.73
159.645787,U,90.93
159.687859,R,77.02
159.729590,L,72.73
159.772457,U,90.88
159.814744,R,82.03
159.856383,L,72.65
159.899216,U,90.86
159.941581,R,87.06
159.983075,L,72.78
160.025872,U,91.01
160.068387,R,92.26
160.109712,L,72.85
160.152572,U,90.93
160.194993,R,87.06
160.236435,L,72.70
160.279243,U,90.89
160.321509,R,82.05
160.363080,L,70.14
160.406024,U,90.95
160.448381,R,84.53
160.489781,L,67.62
160.532778,U,90.95
160.575061,R,84.60
160.616396,L,65.34
160.701771,R,84.66
160.659473,U,91.01
160.743107,L,65.09
160.786175,U,90.98
160.828518,R,84.52
160.869821,L,65.09
160.912925,U,90.93
160.955281,R,87.20
160.996537,L,65.28
161.039514,U,88.37
161.082021,R,87.06
161.123207,L,62.61
161.166238,U,88.34
161.208728,R,87.04
161.249886,L,62.66
161.292920,U,88.35
161.335425,R,89.56
161.376514,L,62.64
161.419537,U,85.86
161.462109,R,89.55
161.503125,L,59.98
161.546233,U,85.80
161.588888,R,89.67
161.629919,L,60.08
161.673090,U,88.54
161.715820,R,97.15
161.756603,L,60.05
161.799764,U,88.39
161.842560,R,99.76
161.883334,L,62.55
161.926422,U,90.89
161.969175,R,99.62
162.009893,L,60.01
162.053067,U,90.89
162.095631,R,94.57
162.136625,L,62.55
162.179731,U,90.88
162.222239,R,89.65
162.263413,L,65.11
162.306457,U,91.01
162.348816,R,87.14
162.390103,L,65.09
162.433150,U,90.91
162.475604,R,89.61
162.516892,L,67.65
162.559827,U,88.44
162.602327,R,89.60
162.643694,L,72.70
162.686494,U,88.34
162.728973,R,87.04
162.770472,L,72.71
162.813222,U,88.47
162.855716,R,87.06
162.897262,L,75.25
162.940077,U,91.00
162.982435,R,84.69
163.024099,L,75.24
163.066852,U,90.89
163.109168,R,84.59
163.150759,L,75.31
163.193420,U,88.39
163.235854,R,84.81
163.277444,L,75.19
163.320224,U,90.84
163.362557,R,84.50
163.404187,L,75.43
163.446916,U,90.88
163.489262,R,84.50
163.530844,L,75.22
163.573591,U,90.89
163.615946,R,84.52
163.657591,L,75.20
163.700347,U,90.89
163.742685,R,84.50
163.784281,L,75.24
163.827017,U,91.07
163.869305,R,84.50
163.910917,L,75.27
163.953643,U,88.54
163.996015,R,84.52
164.037659,L,75.22
164.080318,U,85.80
164.122763,R,84.69
164.164411,L,75.31
164.206988,U,85.73
164.249477,R,84.41
164.291137,L,75.20
164.333714,U,85.76
164.417762,L,75.29
164.376160,R,84.57
164.460419,U,85.74
164.502904,R,84.59
164.544571,L,75.29
164.587252,U,88.47
164.629679,R,84.64
164.671339,L,75.25
164.713971,U,85.80
164.756476,R,84.55
164.797937,L,70.14
164.840728,U,85.80
164.883188,R,84.52
164.924620,L,70.12
164.967366,U,85.78
165.009715,R,82.01
165.051254,L,70.19
165.094108,U,88.39
165.177923,L,67.74
165.136433,R,82.24
165.220841,U,88.53
165.263207,R,84.62
165.304576,L,67.63
165.347585,U,90.88
165.390065,R,89.51
165.431293,L,67.60
165.474179,U,88.35
165.516833,R,94.57
165.557918,L,67.62
165.600874,U,88.34
165.643545,R,94.54
165.684669,L,67.60
165.727627,U,88.41
165.770211,R,92.28
165.811380,L,67.69
165.854209,U,85.92
165.896699,R,84.52
165.938171,L,70.28
165.980965,U,85.76
166.023318,R,79.52
166.064911,L,70.21
166.107652,U,85.74
166.149964,R,79.56
166.191602,L,70.23
166.234369,U,85.78
166.276789,R,82.06
166.318393,L,72.70
166.361198,U,88.28
166.403533,R,82.10
166.445140,L,72.90
166.487926,U,88.32
166.571797,L,72.82
166.530141,R,79.52
166.614526,U,85.88
166.656886,R,82.06
166.698530,L,72.94
166.741181,U,85.92
166.783478,R,79.57
166.825193,L,72.73
166.867976,U,88.34
166.910217,R,79.59
166.951883,L,72.68
166.994609,U,88.42
167.036819,R,79.49
167.078493,L,72.68
167.121350,U,90.95
167.163497,R,79.52
167.205181,L,72.70
167.248026,U,90.96
167.290243,R,79.63
167.331895,L,72.73
167.374698,U,91.05
167.416866,R,79.56
167.458649,L,75.27
167.501462,U,93.49
167.543523,R,79.51
167.585280,L,75.29
167.628095,U,90.86
167.670193,R,76.95
167.712076,L,77.78
167.754814,U,90.93
167.796905,R,77.12
167.838794,L,77.90
167.881503,U,91.01
167.923485,R,74.46
167.965669,L,82.84
168.008191,U,90.89
168.050123,R,72.04
168.092512,L,87.96
168.134948,U,90.89
168.176839,R,69.57
168.219372,L,90.46
168.261728,U,90.95
168.303574,R,69.50
168.346051,L,90.55
168.388332,U,90.98
168.430124,R,67.08
168.472770,L,93.09
168.514994,U,90.98
168.556625,R,61.98
168.599517,L,95.63
168.641655,U,90.98
168.683302,R,61.86
168.726165,L,95.56
168.768354,U,91.05
168.810033,R,61.91
168.852860,L,95.52
168.895023,U,90.88
168.936653,R,61.91
168.979500,L,95.52
169.021718,U,91.01
169.063309,R,59.55
169.106287,L,95.54
169.148469,U,90.86
169.190041,R,59.36
169.233024,L,95.58
169.275321,U,93.42
169.316862,R,59.37
169.359813,L,95.56
169.402044,U,93.45
169.443545,R,59.36
169.486490,L,95.75
169.528773,U,93.45
169.570281,R,59.37
169.613200,L,95.63
169.655464,U,93.49
169.697034,R,61.88
169.739899,L,95.71
169.782194,U,93.50
169.823729,R,59.37
169.866664,L,95.56
169.908944,U,93.40
169.950499,R,59.46
169.993429,L,95.56
170.035638,U,93.43
170.077116,R,59.34
