index,x,y,z,yaw,distance
20.6230,-0.0005,0.0004,0.0106,-0.0050,-0.0055
20.7230,0.0014,0.0002,0.0114,-0.0097,-0.0151
20.8230,-0.0007,-0.0001,0.0096,0.0214,-0.0319
20.9230,-0.0005,0.0010,0.0104,-0.0217,-0.0007
21.0230,0.0001,0.0002,0.0093,-0.0050,0.0041
21.1230,-0.0002,0.0002,0.0093,-0.0002,-0.0031
21.2230,-0.0010,0.0007,0.0106,-0.0026,0.0352
21.3230,0.0003,0.0012,0.0112,0.0046,-0.0223
21.4230,-0.0002,0.0004,0.0098,-0.0097,0.0184
21.5230,-0.0010,-0.0001,0.0088,0.0070,0.0112
21.6230,0.0003,0.0004,0.0104,0.0070,0.0280
21.7230,-0.0005,-0.0001,0.0091,-0.0097,0.0184
21.8230,-0.0002,0.0012,0.0104,-0.0073,0.0160
21.9230,-0.0005,-0.0009,0.0104,0.0022,0.0088
22.0230,-0.0005,0.0015,0.0101,-0.0193,0.0112
22.1230,-0.0002,0.0007,0.0096,-0.0002,-0.0127
22.2230,-0.0005,-0.0017,0.0104,-0.0313,-0.0271
22.3230,0.0003,0.0004,0.0096,0.0046,-0.0079
22.4230,-0.0007,0.0012,0.0098,0.0118,-0.0247
22.5230,-0.0005,0.0010,0.0088,0.0022,-0.0055
22.6230,0.0006,0.0015,0.0098,-0.0121,-0.0127
22.7230,0.0009,-0.0012,0.0088,0.0046,-0.0007
22.8230,-0.0002,0.0007,0.0112,-0.0480,-0.0151
22.9230,0.0001,0.0015,0.0093,-0.0193,-0.0175
23.0230,-0.0023,-0.0004,0.0091,-0.0337,-0.0390
23.1230,-0.0010,0.0004,0.0098,0.0070,0.0232
23.2230,-0.0013,0.0004,0.0091,0.0142,-0.0055
23.3230,-0.0010,-0.0006,0.0096,0.0142,-0.0031
23.4230,-0.0010,0.0012,0.0101,-0.0121,-0.0079
23.5230,-0.0013,-0.0006,0.0091,0.0286,0.0112
23.6230,-0.0010,0.0002,0.0098,-0.0002,0.0041
23.7230,-0.0015,-0.0012,0.0106,-0.0050,-0.0055
23.8230,-0.0050,-0.0065,0.0104,0.0381,-0.0175
23.9230,-0.0023,-0.0006,0.0109,0.0190,0.0136
24.0230,-0.0015,0.0018,0.0122,0.0381,0.0088
24.1230,-0.0013,-0.0004,0.0162,0.0070,0.0041
24.2230,0.0001,-0.0001,0.0138,0.0477,0.0112
24.3230,-0.0010,-0.0004,0.0154,0.0142,0.0041
24.4230,-0.0015,0.0002,0.0154,0.0669,0.0256
24.5230,0.0067,0.0015,0.0317,0.1172,0.2291
24.6230,0.0027,0.0042,0.0224,-0.0097,-0.0941
24.7230,-0.0082,-0.0020,0.0165,-0.0385,-0.1899
24.8230,-0.0015,-0.0017,0.0043,-0.0026,-0.0678
24.9230,-0.0108,-0.0097,0.0096,-0.0073,-0.0869
25.0230,0.0033,0.0079,0.0075,0.0238,-0.0103
25.1230,0.0017,0.0012,0.0085,0.0262,-0.0055
25.2230,0.0051,-0.0004,0.0069,-0.0073,-0.0247
25.3230,0.0041,0.0031,0.0080,0.0717,-0.0103
25.4230,-0.0013,0.0010,0.0114,0.0405,0.0735
25.5230,0.0022,0.0034,0.0085,0.0286,-0.0247
25.6230,-0.0005,0.0020,0.0098,0.0190,-0.0247
25.7230,-0.0116,0.0020,0.0080,-0.0840,-0.1947
25.8230,0.0017,0.0095,0.0093,-0.1127,0.0232
25.9230,0.0054,0.0034,0.0072,0.0788,-0.0558
26.0230,0.0083,0.0103,0.0083,-0.0576,0.0519
26.1230,0.0009,0.0010,0.0085,-0.0193,-0.0103
26.2230,0.0017,0.0058,0.0104,0.0094,-0.0103
26.3230,0.0003,0.0012,0.0098,-0.0241,0.0328
26.4230,-0.0007,0.0004,0.0109,0.0405,0.0112
26.5230,-0.0002,-0.0012,0.0093,-0.0289,-0.0319
26.6230,0.0011,-0.0009,0.0098,0.0094,0.0208
26.7230,0.0014,-0.0009,0.0104,-0.0193,0.0064
26.8230,-0.0023,0.0004,0.0112,0.0190,0.0064
26.9230,-0.0100,0.0337,0.0056,-0.0792,-0.0079
27.0230,-0.0319,0.0804,0.0072,-0.0169,0.0041
27.1230,0.0067,0.1590,-0.0120,-0.2611,-0.0175
27.2230,-0.0252,0.0716,-0.0136,-0.3354,-0.1779
27.3230,-0.0196,0.0183,0.0445,-0.5867,-0.3599
27.4230,-0.0492,0.0646,0.0719,-0.5149,0.0088
27.5230,-0.0759,-0.0739,0.0887,-0.0911,0.0543
27.6230,-0.0119,-0.3441,0.0938,-0.7472,-0.1252
27.7230,0.0190,-0.4027,-0.0586,0.1818,-0.4508
27.8230,-0.0175,-0.0761,-0.0530,0.1531,-0.9464
27.9230,-0.0364,0.0948,-0.1223,-0.0935,-0.8315
28.0230,0.3070,0.3769,-0.2068,-0.8142,-0.4796
28.1230,0.6036,0.4952,-0.5010,-0.1007,-0.1827
28.2230,0.4829,0.1203,-0.8524,-0.7687,0.5763
28.3230,0.3142,-0.0345,-0.8327,-0.7519,1.1940
28.4230,0.2628,-0.0907,-0.9249,-1.0057,1.5172
28.5230,0.0305,-0.3502,-0.8186,-0.6705,1.7518
28.6230,-0.3938,-0.4835,-0.8697,-0.2516,1.6393
28.7230,-0.5459,-0.3628,-0.8284,-0.0457,0.7487
28.8230,-0.3074,-0.0406,-0.5684,0.2847,0.1429
28.9230,-0.2166,-0.0952,-0.6526,0.5385,-0.1180
29.0230,-0.2741,-0.2021,-0.5503,0.7660,-0.8483
29.1230,-0.1705,-0.0478,-0.5143,0.6702,-1.1332
29.2230,-0.1457,-0.0209,-0.4586,0.5266,-0.8483
29.3230,-0.2155,-0.1517,-0.5036,0.7612,-0.3503
29.4230,-0.1617,0.1046,-0.5489,0.4739,-0.8172
29.5230,-0.1579,0.2741,-0.5860,-0.0624,-0.2354
29.6230,0.0059,0.0023,-0.6608,0.2081,0.1645
29.7230,0.1466,0.1488,-0.6281,-0.0911,0.1740
29.8230,0.2809,0.2437,-0.4346,-0.1199,0.3392
29.9230,0.2194,0.1318,-0.2942,-0.0792,0.1357
30.0230,-0.0655,0.0825,-0.2806,-0.1199,-0.0726
30.1230,-0.0204,0.1217,-0.1855,0.3470,-0.3623
30.2230,0.0803,0.1547,-0.2188,0.0214,-0.1588
30.3230,-0.0583,0.0111,-0.2518,0.0741,-0.6927
30.4230,-0.0053,-0.2109,-0.3691,0.8641,-0.7190
30.5230,-0.1260,-0.1104,-0.4402,0.9384,-1.3606
30.6230,-0.4545,-0.1970,-0.6001,0.6056,-1.1452
30.7230,-0.2984,-0.1211,-0.8503,0.8139,-1.8036
30.8230,0.1112,0.4356,-1.0235,0.0525,-1.5330
30.9230,0.1746,0.3378,-1.1735,-0.2946,-1.7581
31.0230,-0.0276,0.0987,-1.1181,-0.1797,-1.4564
31.1230,0.1064,0.2083,-0.9841,-0.2468,-1.3128
31.2230,0.1211,-0.1003,-0.8231,-0.2635,-1.4803
31.3230,-0.1097,-0.2263,-0.6571,-0.1342,-0.9704
31.4230,-0.0092,0.0503,-0.9206,0.1914,-0.8746
31.5230,-0.0604,0.0697,-0.7203,-0.9842,0.1549
31.6230,0.0462,0.1289,-0.7954,0.3278,-0.5275
31.7230,0.1829,-0.0206,-0.7053,-0.1702,-0.0726
31.8230,0.0475,0.0713,-0.8665,0.4164,-0.0247
31.9230,-0.0100,-0.0286,-0.7664,0.3733,-0.6160
32.0230,0.0843,0.1678,-0.9862,-0.1103,-0.8818
32.1230,-0.0362,0.2035,-0.9465,-0.5197,-0.5299
32.2230,0.1144,0.2203,-1.0254,0.1387,-0.4508
32.3230,-0.0050,-0.0142,-0.9233,-0.5077,-1.0063
32.4230,-0.1286,-0.2234,-0.9017,-0.6083,-0.4149
32.5230,-0.1593,0.0388,-0.8783,-0.7831,-0.0606
32.6230,0.0560,0.3252,-0.7291,-0.3330,-0.5921
32.7230,0.0089,0.1310,-0.6393,-0.8740,-0.3168
32.8230,-0.0026,-0.0449,-0.5479,-0.0193,-0.0654
32.9230,-0.0148,0.1715,-0.5511,-0.0576,-0.0750
33.0230,-0.0098,0.0420,-0.4290,-0.1965,0.1333
33.1230,-0.0045,0.1046,-0.1407,-0.9722,0.2387
33.2230,0.0273,-0.1150,-0.0402,-0.3138,-0.1588
33.3230,-0.0708,-0.0742,0.2515,0.3063,-0.0893
33.4230,-0.1262,-0.0433,0.3752,0.2249,-0.1755
33.5230,-0.0399,0.1174,0.5771,0.4332,-0.3431
33.6230,-0.0114,-0.0859,1.0160,-0.0696,-0.0079
33.7230,-0.0703,-0.1834,1.1586,-0.6873,0.5451
33.8230,0.2311,-0.0310,1.2239,-0.3330,0.3776
33.9230,0.0515,0.1174,1.0139,-0.0959,0.4039
34.0230,0.0070,-0.1320,1.0171,0.1459,0.2746
34.1230,0.0035,-0.0971,0.7909,0.2800,0.4350
34.2230,0.0241,-0.1325,0.5143,-0.1558,-0.0797
34.3230,0.1517,-0.0308,0.4618,-0.5413,0.1836
34.4230,-0.0852,0.0089,0.3331,-0.2875,-0.5035
34.5230,-0.1118,0.0385,0.3280,0.6989,-0.7310
34.6230,0.0315,0.0063,0.3925,0.1818,-0.7453
34.7230,-0.0482,0.0252,0.5630,-0.2444,-0.5634
34.8230,-0.1481,0.2192,0.4578,-0.8238,0.1932
34.9230,-0.0418,-0.2394,0.3613,-0.4359,-0.2210
35.0230,0.1165,0.1923,0.2739,-0.2563,0.1764
35.1230,0.0249,-0.1600,0.2118,0.1507,-0.1013
35.2230,-0.0487,-0.0545,-0.0125,-0.3832,-0.0414
35.3230,0.0774,0.1427,0.0693,-1.6019,0.1573
35.4230,-0.0148,-0.1706,-0.2539,-0.3521,-0.5849
35.5230,-0.1126,0.0319,-0.3150,-0.1510,-0.3120
35.6230,-0.0844,-0.1174,-0.2121,-0.0145,-0.5418
35.7230,-0.0455,0.0590,0.1060,0.0645,-0.6831
35.8230,-0.0529,0.3967,0.1343,-1.7814,0.6529
35.9230,0.0350,-0.2333,0.1319,-0.1534,-0.0534
36.0230,-0.0060,0.2919,0.0130,-0.6059,0.2052
36.1230,-0.0106,-0.1957,0.0149,0.0573,-0.4796
36.2230,0.1035,0.0071,-0.1343,-0.1271,-0.1851
36.3230,0.0766,-0.1040,-0.2841,-0.2276,-0.3359
36.4230,0.0827,-0.1091,-0.3635,-0.6969,-0.7980
36.5230,0.1120,0.1209,-0.3994,-0.5245,0.0041
36.6230,0.1301,-0.1968,-0.2913,-0.1725,-0.2449
36.7230,-0.1060,-0.1421,-0.2574,-0.4120,-0.5059
36.8230,-0.1081,-0.0308,-0.0930,-0.4814,-0.6160
36.9230,0.1789,-0.1195,-0.4309,0.2129,-0.3623
37.0230,0.0968,0.1025,-0.4724,-1.0369,-0.0295
37.1230,-0.0314,-0.1022,-0.5028,0.1650,-0.4580
37.2230,0.0384,-0.1054,-0.7680,-0.2635,-0.1276
37.3230,0.0992,0.0942,-0.9388,-0.9195,0.3201
37.4230,0.1818,0.0431,-0.7469,-0.9100,0.0208
37.5230,-0.0388,-0.1198,-0.7677,0.0741,-0.0989
37.6230,-0.1105,-0.0689,-0.4999,-0.4646,-0.1827
37.7230,-0.1489,0.0606,-0.2260,0.2919,-0.3431
37.8230,0.0877,0.1885,-0.3776,-0.3354,0.3464
37.9230,0.0784,0.0223,-0.3142,-1.1949,0.4805
38.0230,-0.0593,-0.0449,-0.3288,-0.1414,0.7127
38.1230,-0.2493,-0.2740,-0.1322,0.8689,0.2842
38.2230,-0.3146,-0.1568,0.1761,0.5912,-0.0582
38.3230,0.0837,0.1670,0.6382,-0.9291,1.0910
38.4230,0.2383,0.1464,0.6893,-0.2109,0.9115
38.5230,0.1085,0.2203,0.6571,0.3877,0.4135
38.6230,0.0499,0.1424,0.9726,-0.4048,0.5547
38.7230,-0.0703,0.0460,1.0133,-0.5796,0.6289
38.8230,0.0153,0.2719,0.9771,-0.7591,1.2083
38.9230,-0.0617,0.0897,0.6971,-0.9914,0.9905
39.0230,0.0542,0.2405,0.6709,-0.8262,0.3129
39.1230,0.0030,-0.0188,0.5295,0.0310,0.4661
39.2230,-0.0663,-0.0918,0.3933,-0.3090,-0.2138
39.3230,-0.0503,-0.3020,0.5769,-0.6155,0.2339
39.4230,-0.0958,0.1353,0.3946,-1.0895,1.2107
39.5230,-0.1971,-0.1472,0.3395,-0.8884,0.5643
39.6230,0.0211,0.0385,0.3754,-0.6466,0.0184
39.7230,-0.0524,0.0782,0.3893,-0.3497,-0.3192
39.8230,-0.0852,-0.1203,0.6155,-0.5772,0.1597
39.9230,-0.3482,-0.1786,0.9672,-0.8501,1.3257
40.0230,-0.0855,0.1446,0.7019,-0.2204,1.2395
40.1230,-0.0098,0.0529,0.9899,-0.6203,1.9481
40.2230,-0.2072,0.0071,0.8998,-0.3282,1.0791
40.3230,-0.1300,-0.1619,0.9971,-0.2923,0.7774
40.4230,-0.0945,-0.2346,1.0738,-0.2851,0.7630
40.5230,0.0651,0.0782,1.1303,-0.2659,0.4302
40.6230,0.1149,0.1185,1.2271,-0.7400,1.4549
40.7230,0.0803,0.0479,1.1447,-0.9985,1.0336
40.8230,0.1365,-0.1128,1.0637,-0.7400,0.4925
40.9230,0.1538,0.0796,0.9403,-0.3354,0.1238
41.0230,0.1381,-0.0619,0.8364,-0.4024,0.2459
41.1230,0.1131,-0.0236,0.7645,-0.9818,1.0551
41.2230,0.0611,-0.1014,0.4586,-0.4239,0.2914
41.3230,-0.0298,-0.0494,0.2697,-0.3114,0.8612
41.4230,0.0273,-0.1120,0.0160,0.0741,0.8708
41.5230,-0.0234,-0.1978,-0.2937,0.0884,0.8301
41.6230,-0.1174,-0.1957,-0.6081,0.1890,0.8588
41.7230,-0.1049,-0.1933,-0.6843,-0.4646,0.3799
41.8230,-0.1782,-0.2602,-0.7440,-0.7280,-0.2856
41.9230,-0.1859,0.1467,-0.6933,0.0741,-0.2138
42.0230,-0.1694,0.0255,-0.8079,0.1483,-0.2521
42.1230,-0.1670,-0.1746,-0.7101,0.1602,-0.5251
42.2230,-0.4263,-0.3889,-0.6246,0.2704,-0.4461
42.3230,-0.3295,-0.0862,-0.5612,0.2440,-0.1061
42.4230,-0.0964,0.0279,-0.6766,0.0812,-0.5322
42.5230,0.0113,0.1736,-1.0003,0.7588,-0.8603
42.6230,0.0678,0.0825,-0.9342,0.7109,-0.4987
42.7230,0.0121,0.1043,-0.9960,1.1921,-0.2210
42.8230,-0.0934,0.1065,-0.9681,0.8450,-0.4101
42.9230,-0.1960,-0.0782,-0.9070,0.9025,-0.6735
43.0230,0.0579,0.3202,-0.8162,0.2560,-0.1707
43.1230,-0.0492,0.4643,-0.7802,-1.1326,-1.2385
43.2230,-0.0791,0.0846,-0.5132,-0.5604,-0.6927
43.3230,-0.0122,0.1185,-0.3877,-0.6298,-0.6472
43.4230,0.0078,0.1086,-0.2694,-0.0433,-0.9393
43.5230,-0.0060,-0.1373,-0.0091,0.4260,-0.8483
43.6230,-0.0255,-0.1674,0.2702,0.7013,-0.6232
43.7230,-0.1643,-0.3886,0.5257,0.3063,0.2698
43.8230,-0.1481,-0.0185,0.6001,-0.2300,0.3488
43.9230,0.2146,0.1201,0.5905,0.4428,0.4661
44.0230,0.1498,0.0367,0.4466,0.2488,-0.0462
44.1230,0.0598,0.0452,0.5268,0.6247,0.2219
44.2230,0.0382,0.1011,0.5428,0.4978,0.4230
44.3230,-0.0529,-0.0539,0.5894,0.5433,0.4637
44.4230,-0.0370,-0.2421,0.7418,0.3302,0.4087
44.5230,0.0790,0.0127,0.6883,0.4260,0.6409
44.6230,0.1589,0.0649,0.8492,-0.2923,0.1764
44.7230,0.0803,0.0481,1.0125,-0.0193,0.9402
44.8230,0.0632,-0.0310,1.2385,0.1698,0.7103
44.9230,0.0752,0.1051,1.4181,0.0669,1.0838
45.0230,0.0347,0.0127,1.4389,-0.0624,0.7534
45.1230,0.0009,-0.0721,1.5487,-0.0097,0.3177
45.2230,0.0835,0.0814,1.6670,-0.2659,0.2890
45.3230,0.2676,0.2711,1.7376,-0.5173,1.2562
45.4230,-0.0090,0.0388,1.5958,-1.1973,0.7343
45.5230,-0.0505,0.2394,1.5252,-1.2643,0.7774
45.6230,-0.0063,0.1832,1.2739,-0.9866,0.0902
45.7230,-0.0396,0.1715,1.0163,-0.7543,0.4542
45.8240,-0.1220,-0.0633,0.7357,-0.2923,-0.4748
45.9230,-0.0980,-0.1136,0.6478,0.1124,-0.0821
46.0230,-0.1105,-0.3132,0.4724,-0.2276,-0.0438
46.1230,-0.0362,-0.0369,0.3629,-0.1031,0.5451
46.2230,-0.0932,0.1840,0.1828,-1.3457,0.5451
46.3230,-0.0969,-0.0470,0.1300,-0.7974,0.6912
46.4230,-0.0423,0.0199,-0.0051,-0.9842,-0.0223
46.5230,0.0784,-0.0353,0.0714,-0.7448,-0.7070
46.6230,-0.2339,-0.2069,-0.0626,-0.5053,-0.6759
46.7230,-0.2261,-0.0697,-0.0895,-0.0672,-1.1763
46.8230,-0.0151,0.0487,0.0996,0.4476,-0.9105
46.9230,-0.0791,-0.0870,0.1023,0.6319,-0.7812
47.0230,-0.3239,-0.2447,0.2856,0.1483,-0.2569
47.1230,-0.1955,0.0105,0.0962,0.2752,0.2028
47.2230,0.2111,0.1267,0.0418,0.0812,0.9881
47.3230,0.1219,-0.0345,-0.1087,0.0214,0.3225
47.4230,0.0763,-0.0939,-0.0328,0.9384,0.0855
47.5230,0.0763,-0.0630,0.0669,1.2209,0.2459
47.6230,-0.0034,-0.1637,0.0887,1.1945,-0.0175
47.7230,0.0110,-0.3612,0.2827,0.9934,0.0495
47.8230,0.0837,-0.0305,0.2339,0.7109,0.2219
47.9230,-0.0513,0.0841,0.4634,-0.0528,0.6050
48.0230,0.0257,0.0153,0.5404,0.6104,0.1716
48.1230,0.1075,-0.0627,0.8020,0.8977,-0.1564
48.2230,0.1773,0.0511,1.0746,1.0629,0.3823
48.3230,0.0840,0.0465,1.2193,0.6750,0.2363
48.4230,-0.0287,-0.2540,1.5066,0.8881,0.5954
48.5230,0.0984,0.1009,1.3480,0.3159,1.0120
48.6230,0.2471,0.1097,1.3805,-0.5365,0.9162
48.7230,0.1123,0.1915,1.2161,0.2081,0.6792
48.8230,0.1490,0.0369,1.1812,0.1818,0.7846
48.9230,0.0760,0.0745,1.0786,0.6391,0.7846
49.0230,0.1003,0.0127,0.9414,0.9144,0.4374
49.1230,0.0408,-0.2754,0.8489,0.3925,0.2339
49.2230,0.1080,0.0889,0.6989,0.4691,0.7271
49.3230,0.1909,0.3236,0.6115,0.0238,0.3943
49.4230,0.0009,-0.0204,0.5822,0.4045,0.2554
49.5230,-0.1142,-0.0278,0.5689,0.3685,0.2124
49.6230,-0.1209,0.0087,0.5934,0.2871,-0.3024
49.7230,-0.0332,0.0503,0.6310,0.3374,-0.0821
49.8230,0.1205,0.1273,0.3107,0.2249,-0.1516
49.9230,0.0190,-0.0356,0.3094,-1.0464,0.9953
50.0230,-0.0391,0.0377,-0.0949,0.4308,0.4159
50.1230,-0.0274,-0.0880,-0.2422,0.4643,-0.0941
50.2230,-0.0889,-0.1261,-0.2260,0.1411,0.2243
50.3230,-0.0388,-0.0542,-0.2057,-0.0457,0.3512
50.4230,-0.0220,0.0023,-0.4453,0.1842,-0.2737
50.5230,0.1469,-0.0188,-0.5276,-0.3641,-0.0726
50.6230,0.1005,-0.1635,-0.5865,0.4188,-0.4054
50.7230,-0.1246,-0.1403,-0.3528,0.0453,-0.6759
50.8230,-0.1374,0.0223,-0.2755,0.1531,-0.2832
50.9230,0.0283,0.1246,-0.4866,-0.3617,0.3033
51.0230,0.0987,-0.0795,-0.6022,-0.3114,0.0424
51.1230,-0.1721,-0.1040,-0.7653,0.4978,-0.6113
51.2230,-0.1587,-0.1973,-0.7440,0.5960,-0.3216
51.3230,-0.1942,0.0788,-0.8727,-0.1151,-0.0247
51.4230,-0.0777,0.1017,-0.8777,-0.6634,0.2459
51.5230,-0.1014,0.0878,-0.7346,-0.4215,-0.2928
51.6230,0.1325,0.1845,-0.7056,0.3398,-0.2809
51.7230,0.0526,-0.0880,-0.4914,0.0262,-0.0103
51.8230,-0.2040,-0.0659,-0.1447,0.1459,-0.4054
51.9230,0.0161,0.2565,-0.0802,-0.2970,-0.3072
52.0230,-0.0793,-0.1296,-0.1114,0.0477,-0.0079
52.1230,0.1053,0.3844,-0.1183,0.0477,0.2028
52.2230,-0.0865,-0.1123,-0.1671,0.5912,-0.2737
52.3230,-0.0708,-0.0641,-0.2161,0.1722,0.3392
52.4230,0.2143,0.2256,-0.2318,-0.7112,0.1549
52.5230,0.1488,-0.1309,-0.3603,0.7349,-0.1923
52.6230,-0.0407,-0.0771,-0.1327,-0.1175,0.6888
52.7230,0.0094,-0.0723,-0.0394,0.6894,-0.0869
52.8230,-0.0308,-0.1211,0.2561,-0.0193,-0.1037
52.9230,0.1067,0.0396,0.5497,-0.3210,0.7439
53.0230,0.1344,-0.1717,0.4167,0.7684,0.9210
53.1230,0.0166,0.1302,0.5542,-0.2061,0.7032
53.2230,-0.0367,-0.0619,0.6395,0.7516,0.7223
53.3230,-0.1137,-0.2895,0.5265,0.8067,0.9354
53.4230,-0.0881,-0.0944,0.5534,0.5361,0.7750
53.5230,-0.0924,0.0934,0.3976,0.5912,0.6912
53.6230,0.1163,0.3913,0.6158,0.4715,0.4733
53.7230,0.1144,-0.0038,0.7090,0.1986,0.4302
53.8230,0.0925,-0.0542,0.9611,0.1770,0.0950
53.9230,0.0531,0.2322,1.0989,-0.5700,1.7231
54.0230,-0.0047,-0.0769,0.7978,0.2393,0.7127
54.1230,-0.0215,0.2818,0.7701,-0.3282,0.6409
54.2230,-0.3263,-0.1872,0.6192,0.3398,0.3273
54.3230,-0.0735,-0.0803,0.1732,0.1387,0.5499
54.4230,0.0486,0.0881,-0.0029,-0.7998,1.1198
54.5230,-0.1262,-0.1099,-0.1554,0.5768,-0.0726
54.6230,0.0619,0.0814,-0.1516,0.3973,0.3345
54.7230,0.0654,-0.1094,-0.0059,0.0094,-0.0654
54.8230,-0.0553,-0.2141,0.3080,1.0222,0.2578
54.9230,0.1306,0.3079,0.1828,0.7899,0.6696
55.0230,0.0656,-0.0356,0.3006,-0.4527,0.9402
55.1230,-0.0135,0.1230,0.1378,0.5313,0.3464
55.2230,0.0331,-0.1877,0.1194,0.4619,0.2698
55.3230,0.0030,-0.0952,-0.0448,0.8234,0.3464
55.4230,0.0043,0.1736,-0.2153,0.0549,0.8564
55.5230,-0.0242,0.0971,-0.1300,-0.2875,0.1405
55.6230,0.0686,-0.0393,-0.0709,0.3590,0.4087
55.7230,-0.0037,-0.0489,0.0472,-0.1055,0.2483
55.8230,-0.0791,0.0340,0.4575,0.7420,-0.0606
55.9230,0.0507,0.1049,0.1740,0.2225,0.9426
56.0230,-0.1116,0.0153,0.1751,-0.6514,0.9522
56.1230,-0.0601,0.0401,0.1684,0.2800,-0.0390
56.2230,0.0686,0.1086,0.0639,-0.0911,0.6074
56.3230,0.0251,0.0188,0.0277,-0.7591,0.3895
56.4230,-0.0455,0.1025,-0.2835,-0.3401,-0.3072
56.5230,-0.1017,-0.0606,-0.1676,-0.2659,0.1429
56.6230,0.0499,-0.1142,-0.1364,-0.1869,0.1477
56.7230,-0.0420,-0.0401,0.0466,-0.2348,-0.3718
56.8230,-0.0585,0.1462,0.0738,-0.9746,1.2443
56.9230,0.0907,0.0010,0.0996,-0.7759,0.1836
57.0230,-0.0623,0.1560,0.0274,-0.1223,0.2219
57.1230,-0.0945,-0.2016,-0.0690,0.1315,0.5284
57.2230,0.0861,-0.0590,-0.3858,0.5457,0.2578
57.3230,0.3920,0.1350,-0.4061,-0.1845,0.4398
57.4230,-0.1625,-0.1115,-0.2430,-1.4223,-0.2354
57.5230,-0.1289,-0.1539,-0.0970,0.0405,0.3823
57.6230,-0.0031,-0.0689,0.0085,0.3590,-0.0319
57.7230,0.0547,0.0268,0.0514,0.6080,0.4422
57.8230,0.3052,0.1299,0.0496,-0.1989,0.0855
57.9230,0.0270,0.1691,-0.0949,-0.6610,0.7127
58.0230,-0.3831,-0.0028,-0.0187,-0.0504,-0.5729
58.1230,0.0161,0.0601,0.0360,-0.2132,0.1429
58.2230,0.1682,-0.0566,-0.2230,-0.3449,-0.2856
58.3230,0.0523,-0.0433,-0.3904,-1.0081,0.2818
58.4230,-0.1094,-0.0262,-0.3080,-0.5891,-0.5442
58.5230,0.1642,0.1038,-0.2470,0.4667,0.1022
58.6230,0.1019,0.0665,-0.1727,0.1195,-0.1109
58.7230,-0.1766,-0.1323,0.0823,-0.4910,-0.0271
58.8230,-0.1292,-0.0742,0.1210,-0.7807,0.5715
58.9230,-0.0362,-0.2293,0.0394,-0.4718,0.1286
59.0230,-0.0111,0.1808,0.0615,-0.1318,0.7846
59.1230,-0.0367,-0.0324,0.0117,0.5744,-0.1037
59.2230,-0.1673,-0.0204,0.0597,0.2704,0.2746
59.3230,0.0920,-0.0443,-0.0261,0.1100,0.4302
59.4230,0.2087,-0.1459,-0.0911,-0.1151,0.6601
59.5230,0.0891,0.1179,-0.0080,0.0717,-0.3120
59.6230,0.2247,0.2043,-0.0480,0.5337,-0.1324
59.7230,0.0464,-0.1280,0.0693,0.0405,0.1118
59.8230,-0.2296,-0.0651,0.1785,-0.1318,-0.0534
59.9230,-0.1454,0.2288,0.2126,-1.0105,0.5882
60.0230,0.0243,-0.0363,-0.0408,-0.2970,0.2914
60.1230,-0.0663,0.1131,-0.1452,-0.5580,0.5212
60.2230,-0.1683,-0.1957,-0.0323,0.4739,0.2267
60.3230,-0.0380,0.0644,-0.0973,-0.0840,0.3536
60.4230,0.1195,0.0732,-0.2148,-1.3385,0.8851
60.5230,-0.0932,-0.1368,-0.2433,-0.6921,-0.4077
60.6230,-0.0463,0.0047,-0.1607,0.2536,0.2147
60.7230,0.0925,-0.1992,0.0853,-0.1127,0.1214
60.8230,-0.0092,0.0441,0.3000,-0.5436,0.1453
60.9230,-0.0657,-0.2604,0.4199,0.0429,0.3823
61.0230,-0.1265,-0.1048,0.3419,-0.2132,0.8732
61.1230,-0.0593,0.1424,0.6832,-0.7041,1.4286
61.2230,0.0190,-0.0353,0.7735,-0.3114,1.7327
61.3230,0.1035,-0.2415,0.8383,0.0812,1.1820
61.4230,0.1973,-0.0883,1.1055,0.0956,0.5882
61.5230,0.1053,-0.0260,1.3923,0.3231,0.6625
61.6230,0.0712,0.0958,1.6310,-0.2444,0.9115
61.7230,0.0219,-0.1344,1.8836,0.4978,0.4781
61.8230,0.1546,0.1329,2.0222,0.5864,1.8452
61.9230,0.3260,0.2000,1.9105,-0.0480,1.4717
62.0230,0.1280,0.0596,1.9281,0.3302,1.2778
62.1230,0.0664,0.1163,1.8991,0.3925,1.5818
62.2230,-0.0002,0.0636,1.8061,0.2010,1.1605
62.3230,-0.0799,-0.1277,1.6960,0.4045,1.2227
62.4230,0.0984,0.0058,1.5974,-0.4048,0.8971
62.5230,0.1141,0.0391,1.4200,-0.0169,0.0926
62.6230,0.0949,0.3196,1.4109,0.2297,0.4709
62.7230,-0.0721,0.0566,1.2609,0.3590,-0.3311
62.8230,0.0662,0.1400,1.3107,0.5194,0.2387
62.9230,0.1091,0.0750,1.2286,0.0573,-0.0582
63.0230,-0.0378,0.1560,1.1079,-0.7256,1.4478
63.1230,-0.2317,-0.0795,0.6733,-0.6179,0.5954
63.2230,-0.3021,-0.0230,0.5625,-0.5365,0.3943
63.3230,0.0550,0.1067,0.5556,0.0908,0.2028
63.4230,-0.1705,-0.1837,0.2126,-0.1223,0.1118
63.5230,-0.0737,-0.2434,0.0149,0.3446,-0.5490
63.6230,0.1101,-0.1187,-0.0077,0.2153,-0.4508
63.7230,0.0440,0.0348,-0.0893,-0.2276,-0.6160
63.8230,0.0806,0.0050,-0.0906,0.2393,-0.3742
63.9230,-0.0633,-0.1269,0.0418,0.4404,-0.4173
64.0230,-0.1414,0.0724,0.2763,0.5194,-0.5083
64.1230,-0.0716,-0.0361,0.3698,-0.0648,-0.3335
64.2230,0.1069,-0.0729,0.2912,-0.7376,0.4997
64.3230,-0.0969,-0.0292,0.2299,-0.4886,0.3919
64.4230,-0.0785,0.0404,0.0946,-0.4814,0.3464
64.5230,0.1373,-0.0478,-0.1484,-0.3162,-0.2761
64.6230,0.0883,-0.0108,0.0005,0.0214,0.0352
64.7230,0.0933,0.1856,-0.0895,0.0621,0.4949
64.8230,0.0579,-0.2050,-0.1871,1.6207,-0.0917
64.9230,0.0118,-0.0020,-0.1591,1.1012,-0.0199
65.0230,-0.0759,-0.0100,-0.2180,0.5697,0.2818
65.1230,-0.1089,-0.4558,-0.3728,0.5337,-0.4101
65.2230,-0.0330,-0.0252,-0.6438,0.5577,-0.6160
65.3230,0.0456,0.2544,-0.5191,0.3566,-1.2529
65.4230,-0.0244,0.0593,-0.5540,0.4332,-0.7453
65.5230,0.0251,-0.0070,-0.6888,0.4332,-1.3774
65.6230,0.0406,-0.0054,-0.7413,0.8187,-0.9417
65.7230,-0.0607,-0.1733,-0.8546,0.9120,-0.8148
65.8230,-0.1856,0.1017,-1.0547,0.0405,-0.1013
65.9230,-0.0143,-0.0190,-0.9926,0.4356,-0.6280
66.0230,0.0206,0.0468,-1.2910,0.7229,-0.5346
66.1230,-0.1097,-0.0880,-1.2129,0.5673,-0.1013
66.2230,-0.1385,0.0897,-1.3137,0.6535,0.0376
66.3230,-0.0974,0.0039,-1.2289,0.4523,-0.3862
66.4230,-0.0215,-0.0550,-1.2548,0.1387,-0.4197
66.5230,-0.0039,0.4156,-1.0723,0.4787,-0.3575
66.6230,-0.0777,0.0137,-0.7770,0.4499,-0.8339
66.7230,-0.2080,0.0020,-0.4511,0.8067,-0.4532
66.8230,-0.1036,0.0034,-0.1881,0.0812,-0.0654
66.9230,0.1727,0.0015,-0.2249,0.8115,-0.4796
67.0230,0.0006,0.1102,-0.0315,-0.5389,0.3871
67.1230,-0.0655,0.0058,-0.0229,0.6151,-0.0630
67.2230,0.0531,-0.0308,-0.0954,0.0956,0.3847
67.3230,0.0795,-0.0190,-0.1967,0.5553,-0.6567
67.4230,-0.0306,-0.0236,-0.2905,-0.0385,-0.3000
67.5230,0.0123,-0.0222,-0.1255,0.0477,0.1381
67.6230,0.1256,-0.1176,0.0370,0.8210,0.3153
67.7230,-0.1531,-0.1195,0.3365,0.5266,-0.1707
67.8230,-0.0351,0.0364,0.5433,-0.3282,0.9426
67.9230,0.2785,-0.1693,0.3221,0.4069,0.1956
68.0230,0.0803,0.2610,0.2830,-0.1342,0.5475
68.1230,0.0273,-0.0161,0.1505,0.7660,0.2028
68.2230,0.0347,0.0396,-0.0823,-0.1175,0.4470
68.3230,0.1290,0.0852,-0.2140,-1.2428,0.8851
68.4230,0.0552,-0.1784,-0.4301,-0.0409,-0.6184
68.5230,0.0009,0.0953,-0.5582,0.0860,-0.0606
68.6230,0.0643,-0.0928,-0.5383,0.2824,-0.0390
68.7230,-0.1499,-0.0878,-0.4418,-0.1079,-0.3623
68.8230,-0.1417,0.0004,-0.5585,-1.3768,0.8420
68.9230,0.1560,-0.1427,-0.7386,-0.0624,-0.1588
69.0230,-0.2293,0.0801,-0.9454,-0.0816,-0.0079
69.1230,-0.1308,-0.1144,-0.9475,0.1698,0.1357
69.2240,0.0590,0.0441,-1.2164,-0.3713,0.0639
69.3230,0.0646,-0.1603,-1.2612,-1.1661,0.4613
69.4230,0.0233,0.0058,-1.2540,-0.2755,-0.5849
69.5230,-0.0815,0.0132,-1.1836,0.3973,-0.3239
69.6230,-0.1329,-0.1890,-0.9356,0.2081,0.1429
69.7230,-0.0226,0.0934,-0.7709,0.7971,-0.1420
69.8230,-0.0956,-0.0483,-0.6283,-0.3018,0.0687
69.9230,-0.0524,-0.0777,-0.6819,-0.5460,0.2626
70.0230,0.0265,0.1744,-0.6440,-0.4263,0.0998
70.1230,0.0880,0.1361,0.2918,-1.7240,0.3201
70.2230,-0.1022,0.0052,-0.6909,0.2871,0.8205
70.3230,-0.1494,-0.0958,-0.5972,0.7037,-0.3766
70.4230,0.1525,0.1145,-0.5068,-0.1103,-0.7094
70.5230,0.0883,0.1337,-0.1764,-0.1510,-0.6615
70.6230,0.0086,0.0100,-0.1300,0.5433,0.4015
70.7230,-0.1779,-0.1864,0.0573,0.4763,0.1860
70.8230,-0.1976,-0.1485,0.3024,0.6008,0.4494
70.9230,-0.2014,-0.0952,0.4495,0.2847,0.2339
71.0230,-0.0186,-0.2127,0.6318,0.2105,0.7487
71.1230,-0.2027,0.0444,0.8084,-0.1294,0.9833
71.2230,-0.1433,-0.1437,0.8508,0.4739,0.6289
71.3230,-0.0037,-0.2077,0.9257,0.3278,1.0838
71.4230,0.1653,-0.0982,1.0640,-0.2013,1.0288
71.5230,0.0736,-0.0729,1.2532,-0.7376,0.6218
71.6230,-0.0569,-0.0745,1.3797,-0.1127,1.0407
71.7230,0.0880,-0.1784,1.6667,-0.4431,0.7822
71.8230,0.1120,-0.0499,1.9476,-0.3832,0.5930
71.9230,0.1802,-0.1619,2.1290,-0.6442,1.2251
72.0230,0.1991,-0.2679,2.2636,-0.4742,1.0192
72.1230,0.3870,0.0244,2.4149,-0.1845,1.4669
72.2230,0.2255,0.2664,2.2942,0.2321,1.7542
72.3230,0.1970,0.0081,2.0259,-0.3018,1.4166
72.4230,0.0960,0.0985,1.8479,-0.2563,1.3831
72.5230,0.0390,0.1323,1.7432,-0.1989,1.4765
72.6230,0.0688,0.0497,1.6241,0.0645,1.3759
72.7230,0.1429,0.0993,1.5356,-0.4359,1.2586
72.8230,0.0267,0.0148,1.5988,-0.5173,0.6649
72.9230,-0.0018,0.0084,1.5977,-0.5484,0.5739
73.0230,0.1221,0.1281,1.5476,-0.3521,0.3153
73.1230,0.0891,0.0287,1.4320,-0.4527,-0.1204
73.2230,-0.1134,0.0034,1.1298,-0.4072,-0.3072
73.3230,-0.0599,0.0606,0.5713,-0.3808,-0.8962
73.4230,-0.2008,-0.1203,0.2062,0.0836,-1.8107
73.5230,-0.1694,0.0473,-0.2614,0.4906,0.1429
73.6230,-0.0977,0.0252,-0.1205,0.0070,-0.3096
73.7230,-0.0060,0.4329,-0.1732,0.0046,0.5667
73.8230,0.0094,0.1662,0.5012,-0.1989,-0.0175
73.9230,-0.0364,-0.0153,-0.0722,-0.4311,-0.0247
74.0230,0.0281,-0.1243,-0.3405,-0.0624,-0.0821
74.1230,0.0616,-0.0254,-0.3853,-0.1055,-0.5394
74.2230,-0.0969,-0.0750,-0.3032,-1.0584,-0.5610
74.3230,0.1829,0.1512,-0.2081,0.3374,0.1836
74.4230,0.1008,-0.0617,-0.0941,0.0238,-0.5729
74.5230,-0.0916,0.0780,0.1348,0.0286,-0.2856
74.6230,0.0638,0.0431,0.2459,0.4188,-0.0893
74.7230,0.0949,-0.0886,0.5332,-0.4024,0.1405
74.8230,0.0158,-0.3193,0.4202,-0.5365,0.9186
74.9230,-0.2261,-0.0537,0.5297,0.3446,0.9546
75.0230,-0.2666,-0.0371,0.6446,0.6965,0.4063
75.1230,-0.0434,0.0087,0.6725,0.7061,1.1485
75.2230,0.0339,-0.1136,0.6566,0.9144,0.2770
75.3230,0.0861,0.2882,0.8881,-0.2899,0.9330
75.4230,-0.1984,-0.1816,1.0845,-1.3266,0.8157
75.5230,0.0270,-0.2407,1.1532,0.5577,0.8181
75.6230,-0.0098,-0.1440,1.2223,0.3829,0.0591
75.7230,0.0408,-0.1243,1.3867,0.2919,0.3943
75.8230,0.0949,-0.0254,1.3009,-0.8214,0.2339
75.9230,0.2047,-0.1909,1.3574,0.1148,0.7032
76.0230,0.1594,0.2168,0.9523,0.5673,-0.3048
76.1230,-0.0926,0.0700,0.8071,0.5026,-0.9393
76.2230,-0.0039,0.0119,0.3000,0.1962,0.0232
76.3230,0.1067,0.1203,-0.0213,-1.2116,0.6002
76.4230,0.2122,0.0724,0.0829,-1.0297,-0.0319
76.5230,0.1040,-0.0542,-0.0557,-0.0193,0.0112
76.6230,-0.0716,-0.1608,-0.0083,0.3877,-0.3479
76.7230,-0.0244,0.0329,0.1047,0.1483,0.1812
76.8230,0.0113,-0.2780,-0.0376,-0.8693,1.0551
76.9230,-0.3138,-0.4222,0.0781,-0.1079,0.6529
77.0230,-0.3764,-0.1304,0.0397,0.8306,-0.0726
77.1230,-0.0879,-0.1581,0.0847,1.0557,-0.2665
77.2230,0.1722,0.2677,-0.0906,0.8570,0.1597
77.3230,-0.1398,0.2003,-0.2979,0.1435,0.2674
77.4230,0.3150,0.0161,-0.1063,0.1291,-1.0374
77.5230,0.3113,0.0524,-0.0179,0.4787,-0.6759
77.6230,0.3302,-0.2394,-0.0498,0.4691,-0.0558
77.7230,-0.1505,-0.1890,-0.0895,0.2536,0.2124
77.8230,-0.0657,-0.0379,-0.0720,-0.1797,0.3823
77.9230,0.1256,0.0878,-0.1218,0.6056,0.5068
78.0230,-0.1774,0.2749,-0.1849,0.3733,0.6744
78.1230,0.0734,0.0966,-0.2412,0.9264,0.2459
78.2230,0.2647,-0.0214,-0.5809,0.1411,0.5356
78.3230,0.1352,-0.0984,-0.6422,-1.0704,0.5619
78.4230,-0.2722,-0.3364,-0.9899,-0.3018,-0.7022
78.5230,-0.1182,-0.0446,-0.8727,0.5768,-0.4006
78.6230,0.1927,-0.1690,-0.7165,0.5768,-0.4245
78.7230,0.0555,-0.1733,-0.5708,0.4021,-0.6903
78.8230,-0.1148,-0.0595,-0.6142,0.2345,-0.0414
78.9230,0.0744,-0.0361,-1.0557,-0.1965,-0.1659
79.0230,-0.1337,-0.0273,-1.0725,-0.4383,-0.1085
79.1230,-0.3514,-0.0912,-1.1210,0.3901,-0.0319
79.2230,-0.1590,-0.0694,-1.0533,1.1467,0.1142
79.3230,-0.4140,0.0604,-0.8162,1.3262,0.3464
79.4230,-0.0964,0.5131,-0.6209,-0.4144,1.1221
79.5230,0.0646,0.0447,-0.4615,-0.2923,-0.2880
79.6230,0.1839,0.0825,-0.2502,0.4116,0.5308
79.7230,-0.1619,0.0532,-0.1847,0.9575,-0.4341
79.8230,-0.1470,0.0862,0.4655,0.5433,0.2435
79.9230,0.0334,-0.0923,0.7818,0.1076,0.8660
80.0230,0.2164,-0.3012,0.7996,-0.0983,0.6720
80.1230,0.0750,0.2850,1.1559,0.1746,1.3161
80.2230,-0.4287,0.1888,0.9297,0.1100,0.3967
80.3230,-0.2360,0.0425,0.8785,-0.0241,0.3201
80.4230,0.0582,-0.3433,0.9180,-0.0313,0.3943
80.5230,0.0126,0.3282,0.8495,-1.1087,0.9258
80.6230,-0.1659,-0.0286,0.7927,-0.0576,0.4949
80.7230,0.1333,-0.2119,0.9712,0.0046,0.5787
80.8230,0.0989,-0.0089,0.9814,-0.0648,0.5356
80.9230,0.0579,-0.1789,1.0099,0.5792,0.2554
81.0230,0.1554,0.0897,0.8417,0.0501,1.2107
81.1230,0.1168,-0.0081,0.8255,-0.1558,0.0711
81.2230,-0.0644,0.0516,0.7077,0.6151,0.6026
81.3230,0.0227,-0.0025,0.5678,0.5170,0.3776
81.4230,0.2074,-0.0899,0.3336,0.3350,0.9091
81.5230,0.2522,-0.1038,0.2118,-0.5508,1.0024
81.6230,0.0113,-0.2397,0.0472,0.2225,-0.2234
81.7230,-0.0159,0.1640,0.1178,0.5409,0.6577
81.8230,0.0539,-0.0686,0.0610,0.4021,0.0902
81.9230,0.0059,0.0657,0.3608,-0.1630,0.1022
82.0230,-0.1803,-0.0875,0.3557,0.5601,-0.3814
82.1230,-0.1377,-0.0062,0.0378,0.2010,0.6265
82.2230,0.0534,-0.0593,-0.0480,-0.2132,-0.1899
82.3230,0.0734,-0.0587,-0.2015,0.3231,-0.1204
82.4230,0.0091,-0.0228,-0.2571,-0.1702,0.4063
82.5230,-0.2096,0.1952,-0.4594,-0.6083,1.0407
82.6230,-0.0633,-0.0451,-0.2585,0.0860,-0.5873
82.7230,-0.0431,-0.1056,-0.1737,0.5385,-0.2689
82.8230,0.0174,-0.1285,-0.0128,0.3997,-0.8004
82.9230,-0.0271,0.1302,0.3147,0.5098,0.0807
83.0230,-0.1281,0.2903,0.2939,-0.4311,1.1221
83.1230,-0.1129,-0.1725,0.1290,0.1028,0.0352
83.2230,0.1626,0.1491,0.0394,-0.3473,0.2985
83.3230,-0.0711,-0.1240,0.0581,0.6702,-0.4748
83.4230,0.0273,0.0311,-0.0504,0.6008,0.1070
83.5230,0.2943,-0.0926,0.0389,0.4954,0.1118
83.6230,-0.0407,0.0449,-0.1967,0.3159,-0.1803
83.7230,0.0161,0.1899,-0.2254,0.2656,0.3847
83.8230,-0.0580,-0.2141,-0.0424,0.5840,-0.1779
83.9230,0.0121,0.0169,0.3592,-0.1845,0.0184
84.0230,-0.1142,0.0718,0.4500,-0.4790,1.0934
84.1230,-0.1222,-0.0169,-0.0037,-0.0959,-0.1157
84.2230,-0.0431,-0.0363,0.1431,-0.2851,0.3943
84.3230,-0.1843,-0.2879,0.0440,1.2424,-0.1827
84.4230,-0.0529,0.0513,-0.0155,0.7875,-0.0582
84.5230,0.2452,0.0937,0.1295,-0.8597,0.6385
84.6230,-0.1673,-0.2479,-0.3078,-0.0768,-0.6855
84.7230,0.0321,0.0276,-0.1705,0.9336,-0.1540
84.8230,0.1957,-0.1291,-0.1498,0.6151,-0.5299
84.9230,-0.0564,-0.0262,0.1564,0.6199,-0.4508
85.0230,0.0630,0.1579,0.1362,-0.6203,0.9210
85.1230,0.2058,-0.3367,-0.1708,0.3733,-0.2330
85.2230,-0.1657,0.1014,-0.2252,0.6798,0.0208
85.3230,-0.0306,0.0375,-0.1415,1.0389,0.2339
85.4230,0.0307,-0.0278,-0.4213,0.7349,-0.0055
85.5230,0.1485,0.3775,-0.4293,-0.6586,0.6529
85.6230,-0.0873,-0.1131,-0.4610,-0.7663,-0.1875
85.7230,0.1056,0.1939,-0.5670,0.1387,-0.6376
85.8230,0.1163,-0.0379,-0.6683,-0.1678,-0.9584
85.9230,-0.0772,-0.0563,-0.6281,-0.1079,-0.5586
86.0230,-0.0311,0.1166,-0.7277,-0.5820,-0.2593
86.1230,-0.0687,-0.3113,-1.3363,0.1531,-0.8770
86.2230,0.1101,-0.1565,-0.7866,-0.8357,0.4781
86.3230,-0.0764,-0.0555,-1.0731,1.0796,-0.2737
86.4230,-0.0596,-0.0094,-0.8972,0.6942,-0.2713
86.5230,-0.2373,-0.1776,-1.0275,0.5673,-0.2976
86.6230,-0.0980,-0.1134,-1.3123,-0.0097,-0.1013
86.7230,-0.1723,-0.2373,-1.0675,0.1435,-0.7022
86.8230,-0.1369,-0.0284,-0.9830,0.8761,-0.4437
86.9230,-0.2078,-0.2013,-0.6640,0.9815,-0.5394
87.0230,-0.1438,-0.0403,-0.2577,1.5082,-0.4532
87.1230,-0.1060,0.3780,-0.5380,0.9862,0.4709
87.2230,0.1549,-0.1203,-0.3139,0.6774,-0.4389
87.3230,-0.0932,0.2775,-0.5521,1.2424,-0.1683
87.4230,0.0110,0.0636,-0.4751,1.2017,-0.0773
87.5230,-0.0849,-0.1515,-0.6877,0.9599,0.2626
87.6230,0.1229,0.2019,-0.7322,-0.0265,0.1429
87.7230,-0.0258,-0.0473,-0.6848,-0.2061,-0.6543
87.8230,-0.0593,0.0766,-0.7109,0.3518,-0.6472
87.9230,-0.0084,-0.1392,-0.5484,0.1219,-0.4628
88.0230,-0.1252,-0.1387,-0.2822,0.3015,-0.4604
88.1230,-0.0671,0.2378,-0.5281,-0.1749,1.0120
88.2230,0.0518,-0.2852,-0.6587,0.0908,-0.6184
88.3230,-0.2208,-0.1032,-0.6851,0.6774,0.0879
88.4230,-0.1529,0.0092,-0.8751,0.9503,-0.7286
88.5230,-0.1270,-0.0241,-1.0168,0.9862,-1.0566
88.6230,0.1184,-0.2061,-1.1645,1.1179,-0.1396
88.7230,-0.1478,-0.4648,-1.2772,0.8881,0.0472
88.8230,-0.2099,-0.1603,-1.2860,0.1986,0.2028
88.9230,-0.0692,0.4337,-1.0035,0.3039,0.1764
89.0230,-0.1795,0.1089,-0.7642,0.5984,0.3440
89.1230,-0.0356,0.1078,-0.1191,1.2257,0.4422
89.2230,0.0976,0.1440,0.1335,1.2472,0.4159
89.3230,0.1424,-0.0081,0.2638,1.3621,-0.3216
89.4230,0.1709,0.0966,0.6129,1.5369,-0.2593
89.5230,-0.1105,-0.0132,0.7693,1.2472,0.0926
89.6230,-0.1459,0.1315,0.8444,0.2153,0.9426
89.7230,-0.1984,0.1075,0.5303,0.4188,0.4063
89.8230,0.0734,0.1574,0.2635,0.8330,0.6720
89.9230,0.2050,-0.0092,0.0093,0.9503,-0.1588
90.0230,0.0560,-0.0102,-0.1287,0.5960,0.6361
90.1230,-0.0684,-0.1179,-0.2665,0.9910,0.7080
90.2230,-0.0988,-0.0358,-0.4085,0.0597,0.7295
90.3230,0.0723,-0.1437,-0.5543,0.3135,-0.1372
90.4230,0.2114,0.1712,-0.3856,0.9910,0.4326
90.5230,0.0440,-0.1123,-0.3723,0.8139,0.3249
90.6230,-0.0084,-0.1469,-0.2563,1.1706,0.3584
90.7230,-0.1060,-0.0465,-0.1527,0.8641,-0.2545
90.8230,-0.1483,-0.2151,-0.1085,1.2400,-0.1635
90.9230,-0.2155,-0.1680,-0.4818,0.5888,0.1788
91.0230,-0.0391,-0.0848,-0.5956,0.9072,0.1142
91.1230,-0.2035,-0.1075,-0.9190,1.4028,-0.4413
91.2230,-0.1276,0.0356,-0.8740,1.1898,0.1716
91.3230,-0.2054,-0.1086,-1.1639,0.7995,-0.0247
91.4230,-0.2376,-0.1387,-1.1954,0.7061,-0.1923
91.5230,-0.1646,0.2171,-1.1996,0.6582,-0.6136
91.6230,-0.0628,0.1307,-1.3259,0.9144,-0.6496
91.7230,-0.1547,-0.1800,-1.0168,0.7109,-0.5394
91.8230,-0.1318,-0.1800,-0.9542,1.5680,-0.3359
91.9230,-0.0095,-0.0294,-1.3318,1.1898,0.1956
92.0230,-0.0391,-0.1038,-1.1602,0.4571,-0.5299
92.1230,-0.4820,0.1147,-1.2564,1.2089,-0.2186
92.2230,-0.2619,-0.0459,-1.3193,1.1658,-0.0175
92.3230,-0.1446,-0.2511,-1.5418,0.7971,-0.2832
92.4230,-0.1718,0.0247,-1.4381,0.7253,0.0017
92.5230,-0.2643,0.0995,-1.3275,0.5577,-0.7908
92.6230,-0.3855,-0.1336,-1.2393,0.9120,-0.4197
92.7230,-0.2608,-0.0585,-0.9635,1.1514,-0.5083
92.8230,0.0771,-0.0230,-0.7480,1.8290,-0.9967
92.9230,-0.2659,-0.3486,-0.8226,2.2193,-0.4891
93.0230,-0.4561,-0.4555,-0.9284,2.4754,-0.2569
93.1230,-0.1369,0.0585,-0.9905,1.7715,-0.0438
93.2230,-0.2853,0.3900,-0.9078,0.7995,-0.6089
93.3230,-0.2754,0.2019,-0.7557,1.2927,-0.1157
93.4230,-0.0783,0.1547,-0.7696,1.2831,0.0711
93.5230,0.1069,0.2171,-0.7333,1.3190,-0.3527
93.6230,0.1775,-0.1405,-0.5729,0.8450,0.3680
93.7230,-0.4862,-0.2594,-0.6848,1.2065,0.5858
93.8230,-0.3018,0.0948,-0.6973,1.8721,0.8372
93.9230,0.0840,-0.0473,-0.7949,1.7237,0.2578
94.0230,-0.0532,-0.0451,-0.8077,1.4364,0.0495
94.1230,-0.2717,-0.0150,-0.7104,1.4004,-0.4293
94.2230,-0.3658,-0.0305,-0.6051,1.6399,-0.4963
94.3230,0.1687,0.3647,-0.4858,1.1371,-0.7669
94.4230,0.3318,0.4526,-0.2622,0.8258,-0.4484
94.5230,0.0899,0.3801,-0.0474,0.5816,0.3919
94.6230,-0.1918,-0.0169,-0.0325,0.5936,-0.2449
94.7230,0.0931,-0.0832,0.1058,0.6846,0.7103
94.8230,-0.2789,-0.0201,0.0719,0.7899,0.1262
94.9230,-0.3064,0.0825,0.1068,0.6032,0.1716
95.0230,-0.0596,-0.0188,0.1431,0.4092,-0.1635
95.1230,-0.1164,0.0233,0.2004,0.6606,-0.4077
95.2230,0.0033,0.0228,0.1831,0.7492,-0.3694
95.3230,0.3270,0.1720,-0.0437,0.8378,0.0280
95.4230,0.2239,0.3183,-0.0277,0.3207,-0.3623
95.5230,0.0957,0.2770,0.0181,-0.2396,0.0280
95.6230,0.1434,-0.0246,-0.0613,-0.2611,-0.1683
95.7230,-0.0497,0.0516,-0.0408,0.0549,0.0304
95.8230,-0.0831,0.1337,0.0277,-0.0337,0.2483
95.9230,-0.0295,0.1065,-0.0456,-0.0169,0.4733
96.0230,-0.1009,0.0473,0.0024,-0.5413,-0.2880
96.1230,-0.1387,-0.0854,0.0298,-0.2180,-0.2090
96.2230,0.0451,0.2248,0.0583,-0.3545,0.0591
96.3230,0.0917,0.0955,0.0373,-0.9004,0.1477
96.4230,-0.0561,-0.1925,0.0978,-0.7831,0.3273
96.5230,-0.0103,-0.1126,0.0581,-0.3952,-0.0654
96.6230,-0.0002,-0.1411,0.0986,-0.1869,-0.4604
96.7230,-0.0164,-0.1251,0.0613,-0.1486,0.0088
96.8230,0.0038,-0.0108,0.0112,-0.1247,-0.0199
96.9230,0.0086,0.0060,0.0091,-0.1031,0.0208
97.0230,0.0017,-0.0054,0.0101,-0.0528,0.0495
97.1230,-0.0050,-0.0092,0.0091,-0.0433,0.0136
97.2230,-0.0045,-0.0129,0.0101,-0.0648,0.0448
97.3230,0.0025,-0.0022,0.0098,-0.1151,0.0376
97.4230,0.0009,0.0036,0.0104,-0.0480,0.0280
97.5230,0.0009,0.0039,0.0093,-0.1127,0.0400
97.6230,-0.0013,-0.0030,0.0104,-0.0696,0.0304
97.7230,-0.0015,-0.0089,0.0096,-0.1175,-0.0079
97.8230,-0.0023,-0.0033,0.0104,-0.0480,0.0424
97.9230,-0.0098,-0.0166,0.0104,-0.0696,0.0256
98.0230,-0.0106,-0.0081,0.0093,-0.1462,0.0519
98.1230,0.0102,0.0172,0.0138,-0.0624,0.0017
98.2230,-0.0026,-0.0028,0.0144,-0.0504,0.0088
98.3230,-0.0060,-0.0097,0.0104,-0.0720,0.0136
98.4230,-0.0010,-0.0020,0.0098,-0.1007,-0.0127
98.5230,0.0035,0.0055,0.0104,-0.0600,-0.0055
98.6230,0.0017,0.0039,0.0085,-0.1007,-0.0247
98.7230,-0.0034,-0.0033,0.0088,-0.1079,-0.0055
98.8230,-0.0034,-0.0049,0.0098,-0.0983,-0.0271
98.9230,0.0009,-0.0009,0.0085,-0.0911,0.0136
99.0230,0.0019,0.0034,0.0093,-0.0648,-0.0055
99.1230,-0.0007,-0.0009,0.0093,-0.0816,0.0304
99.2230,-0.0026,-0.0022,0.0096,-0.0433,0.0136
99.3230,-0.0018,-0.0004,0.0117,-0.0504,0.0424
99.4230,-0.0002,0.0018,0.0101,-0.0624,0.0041
99.5230,0.0001,0.0023,0.0093,-0.1031,0.0328
99.6230,-0.0029,-0.0020,0.0077,-0.0672,0.0304
99.7230,-0.0037,-0.0038,0.0083,-0.0552,0.0208
99.8230,-0.0010,-0.0001,0.0091,-0.0600,0.0472
99.9230,0.0003,0.0012,0.0114,-0.0528,-0.0199
100.0230,-0.0002,0.0002,0.0098,-0.0816,0.0472
100.1230,-0.0010,-0.0012,0.0091,-0.0528,0.0041
100.2230,0.0030,0.0015,0.0141,-0.0433,0.0280
100.3230,0.0027,0.0026,0.0114,-0.0720,0.0352
100.4230,0.0027,0.0055,0.0114,-0.0720,-0.0366
100.5230,0.0003,0.0002,0.0114,-0.1151,-0.0366
100.6230,-0.0010,-0.0020,0.0109,-0.0840,-0.0223
100.7230,-0.0005,-0.0006,0.0114,-0.1175,-0.0079
100.8230,0.0001,0.0007,0.0083,-0.0792,-0.0031
100.9230,0.0006,0.0007,0.0106,-0.0816,0.0017
101.0230,-0.0047,-0.0065,0.0096,-0.0887,0.0280
101.1230,-0.0045,-0.0041,0.0104,-0.0744,0.0304
101.2230,-0.0037,-0.0022,0.0101,-0.0337,0.0328
101.3230,0.0075,0.0079,0.0117,-0.0840,0.0136
101.4230,0.0003,-0.0001,0.0093,-0.0648,0.0495
101.5230,-0.0023,-0.0017,0.0104,-0.0672,-0.0007
101.6230,-0.0013,-0.0014,0.0096,-0.0457,0.0160
101.7230,0.0014,0.0018,0.0112,-0.0648,0.0184
101.8230,0.0006,0.0010,0.0117,-0.0528,0.0376
101.9230,-0.0021,-0.0025,0.0104,-0.0409,0.0400
102.0230,0.0001,-0.0001,0.0106,-0.0576,0.0160
102.1230,0.0033,0.0036,0.0091,-0.0720,0.0280
102.2230,-0.0255,-0.0305,0.0112,0.1674,0.1070
102.3230,0.0006,0.0015,0.0093,-0.0672,0.0639
102.4230,0.0006,0.0020,0.0091,-0.0337,0.0256
102.5230,-0.0013,-0.0014,0.0109,-0.0313,0.0543
102.6230,-0.0021,-0.0014,0.0098,-0.0433,0.0400
102.7230,0.0006,0.0018,0.0098,-0.0409,0.0208
102.8230,0.0011,0.0018,0.0093,-0.0433,0.0280
102.9230,-0.0002,0.0004,0.0104,-0.0433,0.0136
103.0230,-0.0018,-0.0009,0.0106,-0.0433,0.0304
103.1230,-0.0015,-0.0006,0.0101,-0.0768,0.0136
103.2230,0.0003,0.0018,0.0096,-0.0887,0.0328
103.3230,-0.0007,0.0002,0.0096,-0.0648,0.0136
103.4230,-0.0021,-0.0006,0.0114,-0.0576,0.0208
103.5230,-0.0023,-0.0022,0.0101,-0.0744,0.0088
103.6230,0.0001,0.0007,0.0106,-0.0457,0.0088
103.7230,0.0009,0.0012,0.0106,-0.0744,0.0184
103.8230,-0.0010,-0.0004,0.0096,-0.0744,0.0208
103.9230,-0.0010,-0.0006,0.0098,-0.0624,0.0328
104.0230,-0.0015,-0.0020,0.0098,-0.0600,0.0256
104.1230,-0.0005,-0.0001,0.0098,-0.0720,0.0304
104.2230,-0.0015,-0.0006,0.0091,-0.0504,0.0136
104.3230,-0.0002,0.0007,0.0112,-0.0576,0.0376
104.4230,-0.0018,0.0002,0.0098,-0.0624,0.0232
104.5230,-0.0005,0.0004,0.0096,-0.0480,0.0208
104.6230,0.0025,0.0036,0.0091,-0.0648,0.0160
104.7230,0.0001,0.0002,0.0101,-0.0528,0.0184
104.8230,0.0006,-0.0012,0.0104,-0.0409,0.0280
104.9230,-0.0010,0.0007,0.0101,-0.0552,0.0328
105.0230,-0.0005,0.0007,0.0104,-0.0672,0.0232
105.1230,-0.0015,-0.0020,0.0104,-0.0624,0.0064
105.2230,-0.0026,-0.0012,0.0098,-0.0648,-0.0007
105.3230,0.0054,0.0063,0.0093,-0.0648,0.0208
105.4230,-0.0007,0.0010,0.0112,-0.0672,0.0064
105.5230,-0.0018,-0.0004,0.0109,-0.0672,0.0112
105.6230,-0.0013,-0.0001,0.0098,-0.0744,0.0136
105.7230,-0.0005,0.0010,0.0112,-0.0816,0.0017
105.8230,0.0001,-0.0001,0.0096,-0.0600,0.0136
105.9230,-0.0007,-0.0014,0.0096,-0.0600,0.0256
106.0230,-0.0002,-0.0001,0.0096,-0.0792,0.0112
106.1230,-0.0002,-0.0012,0.0114,-0.0576,0.0112
106.2230,-0.0005,-0.0006,0.0101,-0.0720,0.0160
106.3230,-0.0002,-0.0012,0.0106,-0.0600,0.0160
106.4230,0.0009,0.0007,0.0106,-0.0433,-0.0055
106.5230,-0.0018,-0.0009,0.0106,-0.0457,0.0304
106.6230,-0.0002,-0.0001,0.0104,-0.0576,0.0328
106.7230,0.0009,0.0012,0.0101,-0.0624,0.0136
106.8230,-0.0010,-0.0017,0.0112,-0.0672,0.0184
106.9230,0.0006,0.0004,0.0104,-0.0720,0.0352
107.0230,-0.0002,-0.0006,0.0104,-0.0576,0.0184
107.1230,0.0003,-0.0012,0.0096,-0.0504,0.0304
107.2230,-0.0005,-0.0009,0.0101,-0.0600,0.0448
107.3230,-0.0013,-0.0009,0.0101,-0.0696,0.0160
107.4230,0.0003,-0.0004,0.0098,-0.0768,-0.0031
107.5230,0.0003,-0.0012,0.0096,-0.0744,0.0088
107.6230,0.0043,0.0031,0.0093,-0.0959,0.0280
107.7230,-0.0013,-0.0025,0.0098,-0.0600,0.0184
107.8230,-0.0013,-0.0009,0.0098,-0.0696,0.0232
107.9230,0.0001,-0.0012,0.0091,-0.0792,0.0112
108.0230,0.0006,0.0010,0.0098,-0.0624,0.0136
108.1230,-0.0021,0.0010,0.0101,-0.0600,0.0184
108.2230,-0.0010,-0.0006,0.0093,-0.0528,0.0064
108.3230,-0.0007,-0.0025,0.0104,-0.0648,0.0160
108.4230,-0.0002,-0.0001,0.0083,-0.0768,0.0208
108.5230,0.0009,0.0020,0.0096,-0.0576,0.0160
108.6230,-0.0005,-0.0001,0.0093,-0.0576,0.0232
108.7230,0.0011,-0.0001,0.0101,-0.0720,0.0160
108.8230,-0.0013,-0.0014,0.0109,-0.0648,0.0112
108.9230,-0.0005,0.0007,0.0098,-0.0672,0.0304
109.0230,0.0014,-0.0001,0.0101,-0.0672,0.0280
109.1230,-0.0002,0.0004,0.0098,-0.0480,0.0208
109.2230,-0.0010,-0.0009,0.0098,-0.0672,0.0280
109.3230,-0.0002,-0.0004,0.0104,-0.0792,0.0136
109.4230,0.0014,-0.0001,0.0101,-0.0624,0.0160
109.5230,-0.0002,0.0010,0.0104,-0.0648,0.0376
109.6230,-0.0010,0.0007,0.0109,-0.0576,0.0304
109.7230,-0.0005,-0.0014,0.0096,-0.0696,0.0256
109.8230,0.0003,0.0004,0.0104,-0.0672,0.0041
109.9230,-0.0002,0.0002,0.0093,-0.0480,0.0112
110.0230,0.0006,-0.0004,0.0093,-0.0672,0.0041
110.1230,-0.0002,-0.0014,0.0093,-0.0552,0.0448
110.2230,0.0001,0.0002,0.0101,-0.0624,0.0160
110.3230,-0.0007,-0.0004,0.0106,-0.0600,0.0232
110.4230,0.0001,0.0004,0.0093,-0.0576,0.0208
110.5230,0.0003,0.0004,0.0093,-0.0576,0.0208
110.6230,-0.0002,0.0002,0.0098,-0.0576,0.0256
110.7230,0.0001,0.0004,0.0104,-0.0792,0.0208
110.8230,-0.0002,0.0018,0.0109,-0.0480,0.0112
110.9230,0.0006,0.0002,0.0106,-0.0672,0.0208
111.0230,0.0001,-0.0012,0.0101,-0.0648,0.0041
111.1230,0.0006,-0.0022,0.0136,-0.0600,-0.0031
111.2230,-0.0005,0.0004,0.0098,-0.0576,0.0136
111.3230,-0.0002,-0.0004,0.0101,-0.0696,0.0256
111.4230,-0.0007,-0.0009,0.0117,-0.0600,0.0208
111.5230,-0.0015,0.0010,-0.0165,-0.0696,0.0807
111.6230,-0.0007,-0.0009,0.0096,-0.0648,0.0352
111.7230,0.0003,-0.0017,0.0096,-0.0648,0.0256
111.8230,-0.0002,0.0018,0.0096,-0.0504,0.0256
111.9230,-0.0013,0.0044,-0.0413,-0.1869,-0.1133
112.0230,0.0001,-0.0004,0.0160,0.0645,0.0950
112.1230,0.0011,-0.0028,0.0053,-0.0552,0.0208
112.2230,0.0014,-0.0014,0.0005,-0.0600,0.0376
