time,deltaX,deltaY
26.760551,864,1271
26.770561,2,67
26.781027,-1,65
26.791483,43,-4
26.808292,40,6
26.818294,-60,57
26.828736,21,69
26.839204,-5,-13
26.857427,34,-42
26.867427,-50,-13
26.877874,43,-83
26.888330,63,6
26.904928,-30,65
26.915450,16,78
26.925904,-11,-9
26.936361,-80,0
26.951974,-31,13
26.961976,-29,-48
26.972443,-27,-70
26.982887,-97,-92
27.016576,32,-104
27.026601,24,-112
27.037069,-13,-82
27.047541,-1,9
27.064407,128,67
27.074437,36,13
27.084910,-6,4
27.095369,-16,-29
27.111602,-13,-4
27.121602,-4,8
27.132055,21,22
27.142518,-20,-3
27.159384,-57,29
27.169384,-7,-37
27.179857,-14,23
27.190366,33,56
27.205956,79,56
27.215956,0,13
27.226442,58,5
27.236887,16,18
27.270029,65,0
27.280029,17,-17
27.290505,33,49
27.300972,62,-57
27.316624,68,-51
27.326625,23,15
27.337099,-14,-16
27.347561,-32,0
27.363797,-73,31
27.373797,-27,18
27.384264,-1,-7
27.394737,-27,-11
27.410355,-124,-19
27.420355,7,-16
27.430844,39,-11
27.441330,52,51
27.456971,39,72
27.466971,47,56
27.477433,35,30
27.487913,3,15
27.521054,26,12
27.531063,-22,-34
27.541543,-50,-20
27.552027,-20,-9
27.567714,-2,12
27.577744,8,0
27.588210,42,-2
27.598695,20,-12
27.614306,8,-20
27.624307,-6,-38
27.634805,-20,-28
27.645290,-7,-46
27.660924,-38,-21
27.670925,-53,-22
27.681395,-4,20
27.691868,-1,48
27.707795,2,-5
27.717795,-2,43
27.728263,22,38
27.738785,19,12
27.772606,65,85
27.782635,-35,10
27.793116,-18,27
27.803597,-22,-2
27.819260,-22,27
27.829262,-11,16
27.839725,-1,-24
27.850198,-41,-81
27.865852,-37,-45
27.875889,-29,-66
27.886393,-6,-18
27.896866,-19,-21
27.912501,9,0
27.922501,-18,37
27.932961,8,-7
27.943479,40,39
27.959134,114,84
27.969136,27,28
27.979592,-17,25
27.990051,-15,0
28.024467,-38,-139
28.034518,-10,-9
28.045040,14,-81
28.055510,47,-63
28.071827,4,10
28.081844,-34,1
28.092319,10,31
28.102792,-31,7
28.119021,44,-1
28.129540,47,0
28.139999,14,-13
28.150459,3,-13
28.166081,2,-26
28.176081,5,-27
28.186550,-9,-15
28.197040,36,-16
28.213909,7,21
28.223909,64,-9
28.234362,48,-51
28.244854,-1,-107
28.278733,60,-98
28.288764,37,19
28.299237,92,18
28.309695,90,0
28.325974,-30,-7
28.335974,-25,21
28.346456,12,13
28.356929,11,-6
28.373865,-16,-24
28.383873,31,3
28.394361,41,1
28.404828,8,17
28.420432,-59,48
28.430433,-29,-3
28.440909,-31,-2
28.451377,-38,-13
28.467712,-52,6
28.477712,-1,-18
28.488177,23,7
28.498618,57,95
28.532263,6,-26
28.542298,35,-32
28.552760,69,-42
28.563260,88,-6
28.579593,80,-62
28.589595,-49,22
28.600047,-29,16
28.610525,-17,-19
28.626781,31,-25
28.636782,40,-49
28.647266,31,-52
28.657743,38,2
28.674024,21,45
28.684025,8,13
28.694501,5,16
28.704975,-7,19
28.721231,-3,-13
28.731231,-23,40
28.741699,-19,39
28.752165,25,-40
28.785830,-71,-104
28.795869,-23,0
28.806362,17,-21
28.816820,11,9
28.833122,17,65
28.843124,-21,-39
28.853607,-6,-48
28.864116,-66,5
28.880476,-1,10
28.890480,65,-25
28.900944,84,-47
28.911432,-6,-5
28.928564,23,23
28.938565,26,19
28.949036,67,-43
28.959470,44,0
28.976477,-57,-6
28.986479,-28,-5
28.996949,39,56
29.007421,-30,44
29.041081,-144,206
29.051125,5,-27
29.061590,-70,-18
29.071592,-40,61
29.088560,-74,60
29.098601,-29,75
29.109080,-57,-8
29.119555,-45,27
29.136419,-89,85
29.146419,-56,31
29.156889,-27,2
29.167366,-14,-10
29.183685,-55,-18
29.193706,-62,19
29.204201,-60,2
29.214678,-22,54
29.230921,93,126
29.240923,38,5
29.251418,-26,14
29.261910,44,-12
29.295072,94,-72
29.305157,47,8
29.315640,63,93
29.326148,7,52
29.342476,48,44
29.352477,12,-6
29.362942,-39,-5
29.373413,0,-48
29.389062,-12,-40
29.399063,-8,-21
29.409538,-9,-45
29.420023,-35,-28
29.436272,-94,20
29.446272,-7,12
29.456744,7,19
29.467220,70,41
29.483500,57,-18
29.493532,-1,35
29.504027,12,-3
29.514513,-22,-9
29.547683,132,184
29.557718,7,24
29.568190,7,-3
29.578691,-33,24
29.595129,14,41
29.605214,-1,-62
29.615695,-25,-36
29.626203,45,-26
29.642479,75,-20
29.652481,8,18
29.662936,-26,8
29.673397,-56,35
29.689672,-41,9
29.699674,-21,-24
29.710141,11,-50
29.720613,-13,3
29.736842,-36,30
29.746842,18,-18
29.757325,22,8
29.767828,-1,28
29.801779,40,41
29.811844,7,10
29.822348,29,16
29.832838,47,-25
29.849777,-49,24
29.859778,-12,17
29.870276,-18,28
29.880775,6,-8
29.894611,-13,24
29.908603,-62,127
29.918662,-36,1
29.929160,-13,-21
29.939628,-44,11
29.955252,-100,82
29.965253,-150,98
29.975741,-42,34
29.986245,14,-28
30.002627,-10,-18
30.012685,31,0
30.023180,14,-2
30.033667,82,-8
30.052901,-3,-17
30.068637,-53,-8
30.078652,3,-15
30.089148,-38,-94
30.099677,-26,1
30.115360,5,-18
30.125386,7,-5
30.135888,-30,0
30.146389,-53,7
30.162033,-51,21
30.172035,1,5
30.182510,-48,28
30.193013,-102,14
30.209407,-16,44
30.219441,8,12
30.229913,69,22
30.240407,45,21
30.256652,4,16
30.266656,-42,16
30.277151,-47,-15
30.303316,-87,-5
30.320343,-59,-2
30.330424,0,8
30.340913,4,-10
30.351406,-9,8
30.367047,11,47
30.377047,57,39
30.387553,31,50
30.398050,-18,-26
30.413806,-61,-18
30.423826,-31,6
30.434325,31,8
30.444821,12,2
30.461883,-22,24
30.471883,-36,-15
30.482375,17,23
30.492869,-27,-14
30.509185,-7,-30
30.519233,12,-12
30.529719,0,6
30.565297,45,135
30.585515,-24,-3
30.595515,-19,-42
30.606078,-88,-56
30.616563,-7,-10
30.632845,-28,5
30.642850,-23,6
30.653346,1,10
30.663816,-28,-3
30.680062,-37,23
30.690062,-19,-25
30.700553,-23,-33
30.711069,21,0
30.727948,15,-16
30.737957,-27,-39
30.748444,-33,-33
30.758896,-8,10
30.775159,34,72
30.785160,-15,-22
30.804211,19,5
30.814698,25,-67
30.825190,33,-14
30.840903,-11,-46
30.850960,-22,-8
30.861445,-9,-25
30.871924,3,-1
30.887539,0,5
30.897541,0,-15
30.908011,-19,30
30.918476,-3,-1
30.934733,-9,1
30.944750,-11,10
30.955223,-7,13
30.965701,8,15
30.981912,-2,-20
30.991913,6,16
31.002369,19,34
31.012820,0,10
31.029113,0,2
31.054678,16,7
31.065164,2,1
31.075608,13,16
31.093780,13,-13
31.103782,1,-1
31.114250,2,5
31.124704,0,-5
31.140966,0,2
31.150966,-2,0
31.161431,0,-4
31.171878,0,4
31.188104,0,-1
31.198104,1,0
31.208546,0,0
31.219046,1,-1
31.235294,-22,14
31.245294,1,0
31.255736,0,1
31.266200,0,0
31.283075,0,-1
31.304926,0,0
31.315417,0,0
31.325903,1,0
31.348500,0,0
31.358560,0,0
31.369027,0,0
31.379481,0,0
31.395099,0,0
31.405099,0,-1
31.415562,0,0
31.426032,0,0
31.442295,0,0
31.452296,0,-1
31.462755,0,0
31.473229,0,0
31.489473,-1,-1
31.499473,0,0
31.509934,1,0
31.520409,0,-1
31.536662,0,1
31.556111,0,-1
31.566608,0,0
31.577080,0,0
31.587546,0,-1
31.602582,-1,0
31.612583,0,0
31.623046,0,0
31.633534,0,0
31.650454,0,-1
31.660494,0,0
31.670977,0,0
31.681461,0,0
31.697696,1,0
31.707697,1,0
31.718161,0,0
31.728615,0,0
31.745507,0,0
31.755509,0,0
31.765969,0,0
31.776422,0,0
31.810170,0,0
31.820172,0,0
31.830624,0,0
31.841128,1,0
31.858083,0,0
31.868083,0,0
31.878550,-1,-1
31.889037,0,0
31.905279,-1,0
31.915279,0,-1
31.925716,0,0
31.936182,1,1
31.952464,1,0
31.962465,0,0
31.972926,0,0
31.983397,0,0
32.000379,0,0
32.010895,0,0
32.021368,0,1
32.031826,0,-1
32.065655,1,1
32.075657,0,0
32.086129,0,0
32.096580,0,0
32.112849,-1,0
32.122849,0,0
32.133333,0,0
32.143837,0,0
32.160720,0,0
32.170728,0,0
32.181205,1,0
32.191661,0,0
32.207882,0,0
32.217882,0,0
32.228368,0,0
32.238869,0,-2
32.255166,-1,0
32.265196,0,-1
32.275676,0,0
32.286156,-3,0
32.319893,2,1
32.329893,1,0
32.340377,0,0
32.350883,0,0
32.367843,0,0
32.377857,0,0
32.388353,0,0
32.398815,0,0
32.415064,1,1
32.425066,2,-1
32.435569,0,-7
32.446055,-1,0
32.461835,0,-1
32.471837,0,0
32.482325,0,0
32.492821,0,0
32.509065,0,0
32.519065,0,0
32.529543,0,0
32.540036,0,0
32.573125,0,0
32.583187,-1,0
32.593669,0,0
32.604168,0,0
32.619839,0,0
32.629840,0,0
32.640316,1,0
32.650803,0,0
32.666579,0,0
32.676604,0,0
32.687086,0,0
32.697556,0,0
32.713185,0,0
32.723186,0,0
32.733641,0,0
32.744116,0,0
32.759149,0,1
32.769165,0,0
32.779646,0,0
32.790145,0,0
32.823208,0,0
32.833216,0,0
32.843676,0,0
32.854135,0,0
32.870479,0,0
32.880491,0,0
32.890949,0,0
32.901428,0,0
32.916396,0,0
32.926397,0,0
32.936857,0,0
32.947338,0,0
32.962978,0,0
32.972979,0,0
32.983450,0,0
32.993878,0,-1
33.010098,0,0
33.020620,0,0
33.031076,0,0
33.041550,0,0
33.074073,0,0
33.084075,0,0
33.094529,0,0
33.104974,0,0
33.121257,0,0
33.131258,0,0
33.141716,0,-1
33.152178,0,0
33.167792,0,0
33.177793,0,0
33.188229,0,0
33.198674,0,0
33.214895,0,0
33.224895,0,0
33.235366,0,0
33.245830,0,0
33.262113,0,0
33.272121,0,0
33.282587,0,0
33.293055,0,0
33.326190,0,0
33.340238,0,0
33.350722,0,0
33.361174,0,0
33.371666,0,0
33.386110,0,0
33.396110,0,0
33.406557,0,0
33.416997,0,0
33.433599,0,0
33.443600,0,0
33.454068,0,0
33.464536,0,0
33.480185,0,0
33.490186,0,0
33.500641,0,0
33.511108,0,0
33.526717,0,0
33.536718,0,0
33.547182,0,0
33.557636,0,0
33.576881,0,0
33.592045,0,0
33.602050,0,-1
33.612519,0,0
33.622979,0,0
33.639363,0,0
33.649364,0,1
33.659815,0,0
33.670285,0,0
33.685927,0,0
33.695927,0,0
33.706394,0,0
33.716860,0,0
33.732488,0,0
33.742488,0,0
33.752949,0,0
33.763427,0,0
33.779080,0,0
33.789081,0,0
33.799549,0,0
33.839053,0,0
33.853838,0,0
33.863839,0,0
33.874319,0,0
33.884813,0,0
33.899848,0,0
33.909849,0,0
33.920328,0,0
33.930801,0,0
33.946167,0,-1
33.956167,0,0
33.966627,0,0
33.977101,0,1
33.992162,0,0
34.002186,0,0
34.012677,0,-1
34.023168,0,0
34.038202,0,0
34.048206,0,0
34.058692,-1,0
34.077834,0,0
34.087847,0,0
34.102925,0,0
34.112945,0,0
34.123433,0,0
34.133928,0,0
34.148954,0,0
34.158955,0,0
34.169439,0,1
34.179922,-1,0
34.194347,0,-1
34.204349,0,0
34.214819,0,0
34.225296,0,0
34.240321,0,0
34.250322,0,0
34.260827,0,1
34.271347,0,0
34.285770,0,0
34.295904,0,0
34.306399,0,0
34.328013,0,0
34.349375,0,0
34.359409,0,0
34.369896,0,0
34.380401,0,0
34.395451,0,0
34.405460,0,0
34.415926,0,0
34.426427,0,0
34.441447,0,0
34.451453,0,0
34.461934,0,0
34.472437,0,0
34.488123,0,0
34.498213,0,0
34.508719,0,0
34.519225,0,0
34.533615,0,0
34.543615,0,0
34.554113,0,0
34.578292,0,0
34.608355,0,0
34.618450,0,0
34.628944,0,1
34.639454,0,0
34.654621,-1,0
34.664639,0,-1
34.675133,0,0
34.685623,0,0
34.706487,0,0
34.716536,0,0
34.727037,0,1
34.737521,0,0
34.752586,0,0
34.762604,0,0
34.773092,0,0
34.783545,0,0
34.798579,0,0
34.808580,0,0
34.828425,0,0
34.838943,0,0
34.849447,0,0
34.863252,0,0
34.873276,0,0
34.883755,0,0
34.894245,0,0
34.909293,0,0
34.919338,0,0
34.929821,0,0
34.940325,0,0
34.955343,0,0
34.965361,0,0
34.975840,0,0
34.986340,0,0
35.002017,0,-1
35.012090,1,0
35.022574,0,1
35.033059,0,0
35.048089,0,-1
35.058113,0,0
35.078645,0,0
35.089186,0,1
35.099679,0,0
35.113567,0,0
35.123655,0,-1
35.134169,0,0
35.144672,0,-1
35.159697,0,1
35.169706,0,0
35.180220,0,0
35.190728,0,0
35.205782,0,0
35.215916,0,0
35.226410,0,0
35.236908,0,0
35.251912,0,0
35.261925,0,0
35.272428,0,0
35.282935,0,0
35.297982,0,0
35.308027,0,0
35.329178,0,0
35.339687,0,0
35.362254,0,0
35.372296,0,0
35.382794,0,0
35.393269,0,0
35.408950,0,0
35.419016,0,0
35.429502,0,0
35.439999,0,1
35.456538,0,0
35.466538,0,0
35.477027,0,0
35.487502,0,0
35.504384,0,0
35.514385,0,0
35.524862,0,0
35.535341,0,0
35.550966,0,0
35.560966,0,0
35.580151,0,0
35.590639,0,0
35.601131,0,0
35.616842,0,-1
35.626901,0,0
35.637397,0,0
35.647883,0,0
35.664155,0,0
35.674157,0,0
35.684622,0,1
35.695107,0,0
35.711401,0,0
35.721403,0,0
35.731876,0,0
35.742364,0,0
35.757987,0,0
35.767987,0,1
35.778508,0,0
35.789016,0,-1
35.804686,0,0
35.830217,0,0
35.840712,0,1
35.851197,0,0
35.869367,0,0
35.879382,0,0
35.889880,0,0
35.900392,0,0
35.916080,0,0
35.926115,0,0
35.936630,0,0
35.947128,0,0
35.963389,0,0
35.973389,0,0
35.983870,0,0
35.994388,0,0
36.010683,0,0
36.020705,0,0
36.031358,0,0
36.041851,0,0
36.058125,0,0
36.080510,0,0
36.091009,0,0
36.101504,0,0
36.122250,0,-1
36.132325,0,0
36.142828,0,0
36.153300,0,0
36.169545,0,0
36.179545,0,0
36.190051,0,0
36.200557,1,0
36.216257,-1,0
36.226282,0,0
36.236750,0,0
36.247259,0,-1
36.262904,0,1
36.272905,0,0
36.283413,0,-1
36.293894,0,0
36.310210,0,0
36.330877,0,0
36.340877,0,0
36.351370,0,0
36.361864,0,0
36.375676,0,1
36.385711,0,-1
36.396226,0,0
36.406692,0,0
36.422382,0,0
36.432428,1,0
36.443033,0,0
36.453535,0,0
36.469781,0,1
36.479783,0,0
36.490278,0,0
36.500761,0,0
36.517025,0,0
36.527027,0,0
36.537513,0,0
36.548041,0,0
36.581196,0,0
36.591230,0,-1
36.601713,0,0
36.612199,-1,0
36.627908,0,0
36.637957,0,1
36.648517,0,0
36.659018,0,0
36.674629,0,0
36.684630,0,0
36.695125,0,0
36.705608,0,0
36.721290,0,0
36.731325,0,0
36.741822,0,0
36.752369,1,0
36.768013,0,0
36.778014,0,0
36.788513,0,0
36.798984,0,0
36.832182,0,0
36.842272,0,-1
36.852777,0,0
36.863301,0,0
36.878978,0,1
36.888991,0,0
36.899512,0,0
36.910014,0,0
36.925065,0,-1
36.937288,0,0
36.947801,0,0
36.958337,0,0
36.968840,0,0
36.983985,0,0
36.993998,0,0
37.004500,0,0
37.014996,0,0
37.030061,0,0
37.040112,0,0
37.050611,0,0
37.060611,0,0
37.093794,0,0
37.103866,0,0
37.114376,0,0
37.124886,0,0
37.141276,0,0
37.151370,0,0
37.161370,0,0
37.171858,0,0
37.188125,0,0
37.198134,0,0
37.208631,0,0
37.219128,0,0
37.234806,0,0
37.244861,0,0
37.255326,0,0
37.265852,0,0
37.282098,0,1
37.292100,0,0
37.302579,0,0
37.313081,0,0
37.358193,0,0
37.368256,0,0
37.378705,0,0
37.389186,0,0
37.404780,0,-1
37.414782,0,0
37.425276,0,0
37.435780,0,0
37.450806,0,0
37.460810,0,0
37.471311,0,0
37.481777,0,0
37.496780,0,1
37.506781,0,0
37.517240,0,-1
37.527702,0,0
37.543349,-1,0
37.553351,0,0
37.563821,0,0
37.574312,0,0
37.607431,0,0
37.617434,0,0
37.627892,0,0
37.638362,0,0
37.654060,0,0
37.664072,0,0
37.674523,0,0
37.684978,0,0
37.700615,0,0
37.710617,0,0
37.721090,0,0
37.731542,0,1
37.747217,0,0
37.757239,0,0
37.767733,0,0
37.778266,0,0
37.793293,0,0
37.803297,0,0
37.813796,0,0
37.824298,0,0
37.839371,0,0
37.858743,0,0
37.869269,0,0
37.879803,0,0
37.890291,0,0
37.905358,0,0
37.915422,0,0
37.925922,0,0
37.936420,0,1
37.951487,0,-1
37.961520,0,0
37.972000,0,0
37.982505,0,0
37.998151,0,0
38.008151,0,-1
38.018635,0,0
38.029117,0,0
38.044769,0,0
38.054802,0,0
38.065286,0,1
38.075771,0,0
38.090783,0,0
38.110084,0,0
38.120615,0,0
38.131121,0,0
38.141629,0,-2
38.156135,0,1
38.166215,0,0
38.176712,0,0
38.187233,0,0
38.202880,0,0
38.212893,0,1
38.223405,0,-1
38.233905,0,0
38.249579,0,1
38.259635,0,0
38.270124,0,0
38.280613,0,0
38.296383,0,0
38.306383,0,-1
38.316885,0,0
38.327389,0,0
38.342450,0,1
38.361856,0,0
38.372385,0,0
38.382877,0,-1
38.393382,0,0
38.407792,0,0
38.417803,0,0
38.428301,0,0
38.438800,0,0
38.453837,0,0
38.463882,0,0
38.474390,0,0
38.484887,0,0
38.500733,0,0
38.510747,0,1
38.521248,0,0
38.531760,0,0
38.546840,0,0
38.556903,0,0
38.567405,0,0
38.577904,0,0
38.592931,0,-1
38.612380,0,1
38.622896,0,1
38.633410,0,0
38.643908,0,0
38.657762,0,0
38.667863,0,0
38.678386,0,0
38.688880,0,0
38.703912,0,0
38.713922,0,0
38.724428,0,0
38.734922,0,0
38.749975,0,0
38.760032,0,0
38.770529,0,0
38.781036,0,0
38.796077,0,0
38.806078,0,0
38.816566,0,0
38.827063,0,0
38.842708,0,0
38.862758,0,0
38.873299,0,0
38.883793,0,0
38.906378,0,0
38.916416,0,0
38.926919,0,0
38.937413,0,0
38.953082,0,0
38.963111,0,0
38.973607,1,0
38.984107,0,0
38.999775,0,0
39.009827,0,-1
39.020342,0,0
39.030826,0,0
39.045850,0,0
39.055850,0,0
39.066358,0,0
39.076846,0,0
39.092491,0,0
39.113130,0,-1
39.123656,0,0
39.134176,0,0
39.156795,0,0
39.166886,0,0
39.177384,0,0
39.187867,0,0
39.203506,0,0
39.213561,0,0
39.224041,0,0
39.234532,0,0
39.250215,0,-1
39.260287,0,0
39.270768,0,0
39.281272,0,0
39.296297,0,0
39.306311,0,0
39.316871,0,0
39.327391,0,0
39.343062,0,0
39.363044,0,0
39.373564,0,0
39.384059,0,0
39.406648,0,0
39.416742,0,0
39.427242,0,0
39.437733,0,0
39.453431,0,1
39.463463,0,0
39.473949,0,0
39.484435,0,0
39.499449,0,0
39.509450,0,0
39.519971,0,0
39.530471,0,0
39.545515,0,0
39.555537,0,0
39.566026,0,0
39.576510,0,0
39.592760,0,0
39.613212,0,0
39.623215,0,0
39.633710,0,0
39.656342,0,0
39.666426,0,0
39.676915,0,0
39.687419,0,0
39.703086,0,0
39.713086,0,-1
39.723584,0,1
39.734083,0,0
39.749769,0,0
39.759788,0,0
39.770283,1,0
39.780770,0,0
39.796424,0,-1
39.806434,0,0
39.816941,0,0
39.826941,0,0
39.843885,0,0
39.863265,0,0
39.873796,0,0
39.884301,0,0
39.894782,0,0
39.909213,0,0
39.919243,0,0
39.929778,0,0
39.940272,0,0
39.955953,0,0
39.965963,0,0
39.976457,0,0
39.986948,0,0
40.003218,0,0
40.013245,0,0
40.023727,0,0
40.034228,0,0
40.050318,0,0
40.060344,0,0
40.070823,0,0
40.081440,0,0
40.115387,0,0
40.125431,0,0
40.135773,0,0
40.146268,0,0
40.162619,0,0
40.172690,0,0
40.183187,0,0
40.193703,0,0
40.209366,0,0
40.219374,0,0
40.229988,0,0
40.240503,0,0
40.255565,0,0
40.265611,0,0
40.276111,0,0
40.286620,0,0
40.302271,0,0
40.312292,0,0
40.322782,0,0
40.333308,0,0
40.365911,0,0
40.375976,0,0
40.386465,0,0
40.396964,0,0
40.412666,0,0
40.422697,0,0
40.433190,0,0
40.443746,0,0
40.459881,0,0
40.470327,0,0
40.480850,0,0
40.491351,0,0
40.507618,0,0
40.517618,0,0
40.528096,0,0
40.554404,0,0
40.564925,0,0
40.586194,0,0
40.596236,0,0
40.640579,0,0
40.650702,0,0
40.661195,0,0
40.676599,0,0
40.686602,0,0
40.697097,0,0
40.707585,0,0
40.729075,0,0
40.739088,0,0
40.749585,0,0
40.760074,0,0
40.776084,0,0
40.786085,0,0
40.796553,0,0
40.807036,0,0
40.823328,0,1
40.833366,0,0
40.843841,0,0
40.866169,0,0
40.887513,0,-1
40.897540,0,0
40.908032,0,0
40.918510,0,0
40.934184,0,0
40.944190,0,1
40.954746,0,0
40.965222,0,0
40.981454,0,0
40.991455,0,0
41.001923,0,0
41.012406,0,0
41.028687,0,-1
41.038695,0,0
41.049244,0,0
41.059719,0,0
41.075325,0,0
41.085327,0,0
41.095821,0,0
41.116205,0,0
41.126718,0,0
41.140565,0,1
41.150611,0,0
41.161099,0,0
41.171573,0,0
41.187208,0,1
41.197208,0,0
41.207689,0,0
41.218181,-1,0
41.233840,0,0
41.243865,0,-1
41.254411,0,0
41.264908,0,0
41.280530,-1,0
41.290532,0,0
41.301027,0,0
41.311527,0,0
41.326584,0,0
41.336617,0,0
41.347107,0,0
41.366255,0,0
41.376772,0,0
41.391810,0,0
41.401824,0,0
41.412316,0,0
41.422799,0,0
41.438469,0,0
41.448471,0,0
41.459041,0,0
41.469529,0,0
41.485176,0,2
41.495177,0,-1
41.505651,0,0
41.516135,0,1
41.531787,0,0
41.541796,-1,0
41.552277,0,0
41.562763,0,0
41.578413,0,0
41.588422,0,0
41.616426,0,0
41.626941,0,0
41.642668,0,0
41.652724,0,0
41.663319,0,0
41.673818,0,0
41.690320,0,0
41.700322,0,0
41.710816,-1,0
41.721333,0,0
41.736997,0,0
41.747032,0,0
41.757513,0,1
41.768085,0,0
41.783103,0,0
41.793113,0,0
41.803610,0,0
41.814121,0,0
41.829187,0,0
41.839228,0,0
41.866615,0,1
41.877129,0,0
41.892820,0,0
41.902829,0,0
41.913325,0,0
41.923823,0,0
41.938872,0,0
41.948928,-1,0
41.959449,0,0
41.969940,0,0
41.985036,0,0
41.995036,0,0
42.005519,0,0
42.016018,0,0
42.031077,0,0
42.041119,0,0
42.051600,0,0
42.062103,0,0
42.077749,0,0
42.087750,0,0
42.098243,0,0
42.117495,0,1
42.128026,0,0
42.143130,0,0
42.153209,0,0
42.163704,0,0
42.174190,0,-1
42.189826,0,0
42.199828,0,1
42.210326,0,0
42.220828,0,0
42.236508,0,0
42.246537,0,0
42.257015,0,0
42.267492,0,0
42.283121,0,0
42.293122,0,0
42.303609,1,0
42.314125,-1,0
42.329798,0,0
42.339828,0,1
42.367819,0,0
42.378333,0,0
42.394147,0,0
42.404167,0,0
42.414636,0,0
42.425117,0,0
42.440774,0,0
42.450791,0,0
42.461264,0,0
42.471732,1,0
42.486729,0,0
42.496731,0,0
42.507212,0,0
42.517702,0,0
42.538089,0,0
42.548120,0,0
42.558605,0,-1
42.569118,0,0
42.773922,0,0
42.783970,0,0
42.794513,0,0
42.805013,0,0
42.820232,0,1
42.830275,0,0
42.840758,0,0
42.851268,0,0
42.866879,0,0
42.876879,0,0
42.887370,0,0
42.897844,0,0
42.913483,0,0
42.923483,0,0
42.933936,0,0
42.944432,0,0
42.960056,0,0
42.970056,0,0
42.980543,0,0
42.991040,0,0
43.024304,0,0
43.034354,0,0
43.044830,0,0
43.055328,0,0
43.070980,0,0
43.080997,0,0
43.091500,0,0
43.102036,0,-1
43.117098,0,0
43.127124,0,0
43.137607,0,0
43.148116,0,0
43.163746,0,0
43.173764,0,1
43.184279,0,0
43.194782,0,-1
43.209813,0,0
43.219872,0,0
43.230393,0,0
43.240881,0,0
43.255879,0,0
43.275239,0,0
43.285725,0,0
43.296233,0,0
43.306804,0,0
43.321883,1,0
43.331931,0,0
43.342421,0,0
43.352896,0,0
43.369124,0,0
43.379125,0,0
43.389615,0,0
43.400106,0,0
43.416994,0,0
43.427054,0,0
43.437551,0,0
43.448051,0,0
43.463049,0,0
43.473051,0,0
43.483563,0,0
43.494059,0,0
43.527105,0,0
43.537166,0,0
43.547647,0,0
43.558117,0,0
43.573746,0,0
43.583747,0,0
43.594234,0,0
43.604727,0,-1
43.620374,0,-1
43.630439,0,0
43.640909,0,0
43.651375,0,1
43.666326,0,0
43.676328,0,0
43.686815,0,-1
43.697305,0,0
43.712323,0,2
43.722325,0,0
43.732834,0,-2
43.743331,0,1
43.758954,0,0
43.778262,0,0
43.788795,0,-1
43.799292,0,0
43.809766,0,0
43.824845,0,0
43.834904,0,0
43.845391,0,0
43.855851,0,0
43.871446,0,0
43.881447,0,0
43.891885,0,0
43.902378,0,-1
43.918025,0,0
43.928079,0,2
43.938583,0,0
43.949084,0,-1
43.964076,0,0
43.974076,0,0
43.984547,0,0
43.995008,0,0
44.010597,0,0
44.042101,0,1
44.052195,0,0
44.062670,0,0
44.073146,0,0
44.088725,0,-1
44.098726,1,0
44.109222,0,0
44.119703,0,1
44.135361,0,0
44.145378,0,-1
44.155867,0,0
44.166361,0,0
44.181967,0,0
44.191967,0,0
44.202465,0,0
44.212935,0,0
44.229186,0,0
44.239211,0,0
44.249688,0,0
44.260170,0,0
44.280079,0,0
44.295311,0,0
44.305346,0,0
44.315840,0,0
44.326374,0,0
44.340198,0,0
44.353456,0,0
44.363472,0,0
44.373952,0,0
44.384442,0,0
44.400058,0,0
44.410075,0,0
44.420575,0,0
44.431103,0,0
44.446756,0,0
44.456779,0,0
44.467266,0,0
44.477742,0,0
44.493957,0,0
44.503959,0,0
44.530114,0,0
44.540638,0,0
44.558848,0,0
44.568873,0,0
44.579365,0,0
44.589837,0,0
44.605449,0,0
44.615449,0,0
44.625934,0,0
44.636418,0,0
44.652713,0,0
44.662724,0,0
44.673212,0,0
44.683678,0,0
44.699309,0,0
44.709310,0,-1
44.719795,0,0
44.730280,0,0
44.745920,0,0
44.755924,0,0
44.780132,0,0
44.790630,0,0
44.810053,0,0
44.820099,0,0
44.830598,1,0
44.841154,0,0
44.856210,0,0
44.866238,0,-1
44.876738,0,0
44.887236,0,0
44.902875,0,0
44.912911,0,0
44.923421,0,0
44.933932,0,0
44.948997,0,0
44.959045,0,0
44.969537,0,1
44.980036,0,0
44.995050,0,0
45.005055,0,0
45.030461,0,-1
45.040980,0,0
45.059242,0,0
45.069339,0,0
45.079843,0,0
45.090365,1,0
45.105395,-1,0
45.115418,1,-1
45.125930,0,0
45.136442,0,0
45.150860,0,0
45.160898,0,0
45.171402,0,0
45.181899,0,0
45.198181,0,1
45.208193,0,0
45.218697,0,0
45.229208,0,0
45.244275,0,-1
45.254420,0,0
45.280462,0,0
45.290974,0,0
45.308534,0,0
45.318538,0,0
45.329026,0,0
45.339498,0,0
45.355166,0,0
45.365200,0,0
45.375703,0,0
45.386197,0,0
45.401826,0,0
45.411826,0,0
45.422289,0,0
45.432759,0,0
45.448437,0,0
45.458456,0,0
45.468931,0,0
45.479426,0,0
45.495072,0,0
45.505074,0,0
45.530577,0,0
45.541080,0,0
45.559935,0,-1
45.569994,0,0
45.580512,0,0
45.591019,0,0
45.606658,0,0
45.616683,0,0
45.627193,0,0
45.637702,0,0
45.653379,0,0
45.663467,0,0
45.673962,0,0
45.684472,0,0
45.699497,0,0
45.709501,0,1
45.719996,0,0
45.730504,0,0
45.745564,0,0
45.755620,0,0
45.780603,0,0
45.791129,0,0
45.810802,0,0
45.820856,0,0
45.831376,0,0
45.841878,0,0
45.858222,0,0
45.868325,0,0
45.878825,0,0
45.889319,0,0
45.904952,-1,0
45.914952,0,0
45.925462,0,0
45.935958,0,1
45.951624,0,0
45.961664,0,-1
45.972223,0,0
45.982719,0,1
45.997720,0,0
46.007721,0,0
46.030729,0,0
46.041236,0,0
46.061962,0,0
46.072083,-1,0
46.082580,0,0
46.093081,0,0
46.108726,0,0
46.118726,0,0
46.129220,0,0
46.139715,0,0
46.155384,0,0
46.165429,0,0
46.175956,0,0
46.186434,0,0
46.201432,0,0
46.211433,0,0
46.221913,0,0
46.232413,0,0
46.248086,0,0
46.258121,0,0
46.281099,0,0
46.291615,0,0
46.312932,0,0
46.322952,0,0
46.333441,0,0
46.343938,0,0
46.358977,1,0
46.369013,0,0
46.379547,0,0
46.390050,0,-1
46.406323,0,0
46.416324,0,0
46.426804,0,0
46.437278,0,0
46.452916,0,0
46.462917,0,0
46.473381,0,0
46.483842,0,0
46.500102,0,1
46.510102,0,0
46.531105,0,0
46.541598,0,0
46.552076,0,0
46.565903,0,0
46.575933,0,1
46.586440,-1,0
46.596915,1,0
46.613161,0,0
46.623161,0,0
46.633620,1,1
46.644105,0,0
46.660387,0,0
46.670429,0,0
46.681027,0,0
46.691498,0,0
46.707151,0,0
46.717151,0,0
46.727631,0,0
46.738107,0,0
46.753737,0,0
46.781128,0,0
46.791657,0,0
46.802151,0,0
46.817214,0,-1
46.827252,0,0
46.837731,0,0
46.848229,0,0
46.863277,0,0
46.873324,0,0
46.883833,0,0
46.894403,0,-1
46.909428,0,2
46.919433,0,-1
46.929921,0,0
46.940405,0,0
46.956076,0,0
46.966101,0,-1
46.976591,0,1
46.987090,0,0
47.002729,0,0
47.012730,0,0
47.031931,0,0
47.042448,-1,0
47.052920,0,0
47.067407,0,0
47.077501,0,-1
47.087995,0,1
47.097997,0,0
47.113019,0,0
47.123019,0,-1
47.133497,0,0
47.143973,0,0
47.159023,0,0
47.169025,0,0
47.179511,0,1
47.190012,0,0
47.205157,0,-1
47.215157,0,0
47.225635,0,-1
47.236121,0,0
47.250525,0,-3
47.260526,1,1
47.294376,-1,0
47.304469,0,0
47.327141,1,1
47.337142,0,0
47.347602,0,0
47.358080,-1,-2
47.372498,0,2
47.382507,0,0
47.392973,1,0
47.403479,0,0
47.418208,0,0
47.428210,0,0
47.438677,0,-1
47.449155,0,0
47.474973,0,0
47.484973,0,0
47.495444,0,0
47.505940,0,0
47.537996,0,1
47.548055,0,0
47.558556,0,-1
47.569050,-1,0
47.589330,0,0
47.599375,0,0
47.609838,0,0
47.620351,0,-1
47.634756,0,0
47.644757,0,1
47.655237,0,0
47.665715,0,0
47.680134,0,0
47.690161,0,0
47.700657,0,0
47.710657,1,0
47.726298,0,0
47.736299,0,1
47.746772,0,0
47.757262,0,0
47.789199,0,2
47.799274,1,0
47.809824,0,0
47.820342,0,1
47.835405,0,0
47.845436,-1,0
47.855950,0,0
47.866442,0,0
47.880881,0,0
47.890931,0,0
47.901436,0,0
47.911986,0,0
47.926399,0,0
47.936419,0,0
47.946915,0,0
47.957412,0,0
47.983741,0,0
48.002344,0,-1
48.012493,0,-1
48.039227,0,-1
48.049757,0,1
48.065846,1,-1
48.075877,0,0
48.086378,0,0
48.096878,0,0
48.111330,0,0
48.121504,0,0
48.131988,0,0
48.142501,0,0
48.157526,0,0
48.167538,0,0
48.178037,0,0
48.188528,0,0
48.203595,0,0
48.213628,0,0
48.224200,0,0
48.234684,0,0
48.249083,0,0
48.259094,0,0
48.269591,0,0
48.289330,0,0
48.299844,1,0
48.313702,-1,0
48.323823,0,0
48.334308,0,0
48.344808,0,-1
48.360451,0,0
48.370456,0,1
48.380942,0,-1
48.391444,0,0
48.407122,0,0
48.417133,0,0
48.427641,0,0
48.438124,0,1
48.453749,0,0
48.463749,0,0
48.474244,0,0
48.484734,0,0
48.500401,0,0
48.510417,0,0
48.520871,0,0
48.539992,-1,-2
48.550479,-1,0
48.566151,0,0
48.576169,0,0
48.586663,0,2
48.597154,0,0
48.612823,-2,-3
48.622824,-1,0
48.633354,0,0
48.643834,0,2
48.660095,-3,-3
48.670097,-6,-10
48.680584,0,0
48.691079,0,-1
48.706748,-1,0
48.716748,0,1
48.727214,-2,3
48.737712,2,-3
48.753342,0,7
48.763346,7,16
48.790087,0,-1
48.800607,1,-12
48.818226,-16,-4
48.828272,-4,2
48.838790,-1,10
48.849279,5,0
48.865208,3,2
48.875208,10,-11
48.885705,0,-4
48.896215,17,4
48.912516,-24,-27
48.922568,-11,3
48.933046,1,0
48.943544,-4,1
48.959800,-1,2
48.969801,0,0
48.980288,4,-6
48.990780,-1,1
49.007082,0,-2
49.017102,-12,20
49.040110,-8,8
49.050626,-17,11
49.071960,-5,5
49.081982,-2,2
49.092486,-1,1
49.102992,-1,0
49.118066,0,-1
49.128107,2,4
49.138646,1,-5
49.149169,-3,1
49.165727,0,0
49.175727,18,-16
49.186229,7,-5
49.196716,1,2
49.212382,0,-1
49.222412,-1,-1
49.232895,0,0
49.243382,0,0
49.258993,1,0
49.268994,1,1
49.290110,0,-1
49.300618,-1,-2
49.322563,0,1
49.332617,0,1
49.343192,-1,0
49.353667,0,0
49.368668,-1,0
49.378668,0,0
49.389149,2,-1
49.399619,0,0
49.414664,-1,0
49.424664,-1,0
49.435136,0,2
49.445663,-2,0
49.460650,0,0
49.470650,-2,1
49.481125,0,0
49.491591,-1,0
49.506622,0,0
49.516629,0,3
49.540200,0,1
49.550700,-1,0
49.569512,0,0
49.579512,0,1
49.589969,-2,0
49.600452,1,1
49.615488,-8,-3
49.625495,-2,1
49.635968,0,0
49.646444,0,1
49.660818,-1,0
49.670819,0,-1
49.681294,21,-11
49.691765,0,0
49.706798,0,0
49.716798,2,2
49.727285,-1,-1
49.737768,-8,-1
49.752780,-5,0
49.762780,0,1
49.790640,-14,-1
49.801148,-20,-6
49.816265,-1,1
49.826302,0,0
49.836760,-2,1
49.847238,0,1
49.862227,-3,4
49.872228,-4,0
49.882685,-3,0
49.893158,0,0
49.910060,0,3
49.920106,-1,0
49.930601,0,1
49.941101,3,4
49.956122,0,2
49.966198,6,2
49.976666,-3,0
49.987143,11,15
50.002791,11,13
50.012793,1,2
50.023256,0,0
50.042372,25,4
50.052890,6,3
50.067973,0,0
50.077975,4,0
50.088447,-2,-1
50.098926,-1,-3
50.113968,3,-14
50.123970,4,-18
50.134447,0,-14
50.144916,-2,-3
50.159284,-18,-22
50.169291,-8,5
50.179753,-18,-2
50.190246,6,1
50.205918,27,-21
50.215919,6,3
50.226381,18,6
50.236836,7,11
50.253078,12,30
50.263080,-48,13
50.273561,-23,21
50.292750,-97,27
50.303304,-68,53
50.319025,-39,15
50.329031,-1,0
50.339463,3,-3
50.349926,-13,-1
50.365534,-53,24
50.375536,43,30
50.386026,55,0
50.396487,37,-36
50.412773,90,-56
50.422779,-1,-52
50.433251,11,-25
50.443721,14,-23
50.459342,29,8
50.469343,0,0
50.479804,-47,19
50.490295,-3,0
50.505940,3,-14
50.515943,10,-4
50.543348,-9,-4
50.553867,1,0
50.570198,37,-24
50.580200,-1,-5
50.590660,-2,2
50.601113,5,5
50.617384,-4,9
50.627384,-1,1
50.637848,-19,1
50.648315,0,1
50.664565,21,1
50.674671,36,19
50.685151,22,19
50.695615,10,24
50.711484,6,7
50.721485,-12,-18
50.731947,-6,-28
50.742425,-42,14
50.758194,57,-6
50.768194,76,-26
50.793692,-18,-29
50.804186,2,3
50.823041,25,-23
66.701351,-14,-849
66.711351,0,8
66.721812,5,12
66.732271,0,1
66.748314,2,0
66.758330,-2,-1
66.768801,1,1
66.779272,2,1
66.796594,-2,-6
66.806595,-4,-1
66.817069,0,1
66.827540,0,-1
66.843118,1,-1
66.853119,2,3
66.863593,-24,-8
66.874063,-1,1
66.889684,1,-3
66.899684,0,0
66.910166,0,-1
66.920635,2,1
66.953125,-9,-22
66.963154,-1,-7
66.973618,0,0
66.984093,0,-1
66.999752,0,-1
67.009793,0,0
67.020252,0,0
67.030721,0,-1
67.045679,1,0
67.055679,0,0
67.066190,0,-1
67.076655,-1,0
67.092268,1,0
67.102268,2,1
67.112733,0,0
67.123203,-3,-3
67.138168,4,4
67.148170,1,0
67.158628,-1,-1
67.169120,0,0
67.184737,0,0
67.204135,0,0
67.214626,0,0
67.225098,1,-1
67.235569,0,0
67.249952,0,0
67.259953,1,0
67.270442,0,0
67.280904,0,0
67.296513,1,0
67.306513,0,0
67.316978,0,0
67.327445,0,0
67.342403,-1,-1
67.352404,0,0
67.362859,0,0
67.373346,0,0
67.388949,0,0
67.398949,1,0
67.409413,0,0
67.419884,0,0
67.435476,-1,0
67.454731,0,0
67.465239,1,0
67.475697,0,0
67.486174,0,0
67.499977,-1,0
67.510032,2,0
67.520495,-1,0
67.530959,-1,0
67.546543,0,0
67.556543,0,0
67.567027,1,0
67.577525,0,0
67.593128,0,0
67.603132,0,0
67.613586,2,0
67.624059,-1,0
67.639641,-1,0
67.649642,0,0
67.660098,0,0
67.670548,1,0
67.686777,0,0
67.706075,0,0
67.716554,0,0
67.727000,0,0
67.737458,-1,0
67.753082,0,0
67.763082,0,0
67.773547,0,0
67.784079,0,0
67.799702,0,0
67.809706,0,0
67.820184,1,0
67.830650,0,0
67.846230,-1,0
67.856230,1,0
67.866685,0,0
67.877175,0,0
67.892809,1,0
67.902809,0,0
67.913263,-1,0
67.923713,0,0
67.957376,0,0
67.967417,0,0
67.977902,0,0
67.988389,0,0
68.004081,-1,0
68.014179,0,0
68.024667,0,0
68.035168,1,0
68.050765,0,0
68.060766,2,0
68.071248,-2,0
68.081748,0,0
68.097355,0,0
68.107393,0,0
68.117881,0,0
68.128373,1,0
68.143966,0,0
68.153968,0,1
68.164446,-3,-1
68.174913,0,0
68.189876,3,0
68.209259,1,1
68.219748,-1,0
68.230223,0,0
68.240690,1,0
68.256522,0,0
68.266524,0,0
68.276963,-1,0
68.287526,0,0
68.303755,2,0
68.313756,-2,0
68.324210,-1,-1
68.334660,1,0
68.350841,-1,0
68.360842,1,0
68.371298,0,0
68.381737,0,0
68.397943,0,1
68.407943,-1,0
68.418399,0,-1
68.428851,0,0
68.462533,1,0
68.472548,0,0
68.483024,1,0
68.493473,-2,0
68.509745,0,0
68.519747,0,0
68.530211,0,0
68.540656,1,0
68.557491,0,0
68.567491,-1,0
68.577942,1,0
68.588420,0,0
68.604660,1,0
68.614661,-3,0
68.625125,1,0
68.635585,0,0
68.651181,-1,0
68.661181,2,0
68.671619,1,1
68.682078,-1,0
68.715855,-2,0
68.725881,3,0
68.736353,0,0
68.746791,0,0
68.763057,0,0
68.773063,-1,0
68.783537,1,0
68.794009,0,0
68.810251,-1,0
68.820255,-1,0
68.830735,0,-1
68.841207,0,0
68.857419,0,0
68.867420,0,0
68.877891,-1,0
68.888372,1,0
68.904615,0,0
68.914662,2,1
68.925144,-1,-1
68.935582,0,0
68.969262,0,0
68.979279,0,0
68.989742,1,0
69.000203,-2,0
69.016516,-1,0
69.026558,0,0
69.037048,3,1
69.047528,0,0
69.063121,0,0
69.073122,-1,0
69.083574,0,0
69.094055,-2,-1
69.109682,1,0
69.119688,2,1
69.130161,0,0
69.140637,-1,0
69.156841,0,0
69.166841,0,0
69.177326,-1,0
69.187798,0,0
69.221479,3,0
69.231547,0,0
69.242041,-3,-1
69.252545,0,0
69.268202,2,1
69.278216,0,0
69.288707,1,0
69.299182,-1,0
69.314812,0,0
69.324845,-1,0
69.335328,0,0
69.345807,0,0
69.362029,0,-1
69.372030,0,0
69.382516,-1,0
69.393015,-1,0
69.408634,2,0
69.418784,-1,0
69.429285,0,0
69.439751,0,0
69.472087,5,2
69.482088,0,0
69.492557,0,0
69.503032,0,0
69.518693,0,0
69.528744,0,0
69.539213,0,0
69.549687,0,0
69.565288,0,0
69.575289,0,0
69.585746,0,0
69.596234,0,0
69.612505,0,0
69.622523,0,0
69.632982,0,0
69.643433,0,0
69.659626,0,0
69.669626,0,0
69.680082,0,0
69.690573,0,0
69.723656,0,0
69.733746,0,0
69.744240,0,0
69.754700,0,0
69.770334,0,0
69.780334,0,0
69.790802,0,0
69.801264,0,0
69.818665,0,0
69.828703,0,0
69.839164,0,0
69.849618,0,0
69.865203,0,0
69.875203,0,0
69.885653,0,0
69.896144,0,0
69.911784,0,0
69.921842,0,0
69.932405,0,0
69.942892,0,0
69.975955,0,0
69.985955,0,0
69.996425,0,0
70.006894,0,0
70.022581,0,0
70.032656,0,0
70.043133,0,0
70.053600,0,0
70.069812,0,0
70.079812,0,0
70.090274,0,0
70.100740,0,0
70.116373,0,0
70.126389,0,0
70.136889,0,0
70.147352,0,0
70.163551,0,0
70.173553,-1,0
70.184036,0,0
70.194489,0,0
70.227641,0,0
70.237662,0,1
70.248124,0,0
70.262226,-1,0
70.272720,0,0
70.288225,0,0
70.298226,0,0
70.308671,0,0
70.319121,0,0
70.334741,0,0
70.344743,0,0
70.355201,0,0
70.365674,0,0
70.381893,0,0
70.391895,0,0
70.402371,0,0
70.412828,0,0
70.428460,0,0
70.438472,0,0
70.448942,0,0
70.459402,0,0
70.490494,0,0
70.504569,0,0
70.514569,0,0
70.525036,0,0
70.535490,0,0
70.551796,0,0
70.561813,0,0
70.572308,0,0
70.582803,0,0
70.598402,0,0
70.608403,0,0
70.618862,0,0
70.629332,0,0
70.645562,0,0
70.655583,0,0
70.666095,0,0
70.676583,0,0
70.692193,0,0
70.702195,0,0
70.728830,0,0
70.739324,0,0
70.757038,0,0
70.767116,0,0
70.777602,0,0
70.788079,0,0
70.804293,0,0
70.814294,0,0
70.824756,0,0
70.835223,0,-1
70.850873,0,0
70.860892,0,0
70.871393,0,0
70.881888,0,0
70.898163,0,0
70.908165,1,0
70.918642,0,0
70.929131,0,0
70.944771,0,0
70.954802,0,0
70.978951,0,0
70.989430,0,0
71.009443,0,0
71.019443,0,0
71.029921,0,0
71.040416,0,0
71.056663,0,0
71.066702,0,0
71.077189,0,0
71.087646,1,-1
71.103862,0,0
71.113862,0,0
71.124361,1,0
71.134854,0,0
71.151144,0,0
71.161255,0,0
71.171703,0,0
71.182171,0,0
71.197760,0,0
71.207760,0,-1
71.229345,0,0
71.239811,0,0
71.262384,0,0
71.272460,0,0
71.282950,0,0
71.293448,0,0
71.309913,1,0
71.319915,0,0
71.330385,0,0
71.340853,0,0
71.356477,0,0
71.366479,0,0
71.376943,-1,0
71.387432,0,0
71.403655,0,0
71.413655,0,0
71.424109,0,0
71.434561,0,0
71.450788,0,0
71.460788,0,0
71.479883,0,0
71.490346,0,0
71.500797,0,0
71.516414,0,0
71.526414,0,0
71.536869,0,0
71.547329,0,0
71.563563,0,0
71.573563,0,0
71.584032,0,0
71.594477,0,0
71.610658,0,0
71.620658,0,0
71.631145,0,0
71.641624,0,0
71.657882,0,0
71.667882,0,0
71.678340,0,0
71.688797,0,0
71.705021,0,0
71.729983,0,0
71.740502,-1,1
71.750984,0,0
71.769820,0,-1
71.779853,0,0
71.790311,0,0
71.800776,0,0
71.816987,0,0
71.826989,0,0
71.837486,0,0
71.847957,0,1
71.864209,-1,0
71.874214,0,0
71.884680,0,0
71.895140,0,0
71.910674,0,0
71.920675,0,0
71.931166,0,0
71.941641,0,0
71.957897,0,0
71.980459,0,1
71.990940,0,0
72.001389,0,0
72.022641,0,0
72.032641,0,0
72.043137,0,0
72.053624,0,-1
72.070542,0,0
72.080584,0,0
72.091055,0,1
72.101525,0,0
72.117097,0,0
72.127098,0,0
72.137547,0,0
72.148016,0,0
72.164252,0,0
72.174255,0,0
72.184736,0,0
72.195215,0,-1
72.211442,0,0
72.230844,0,0
72.241339,0,1
72.251827,0,0
72.262297,0,0
72.277340,0,0
72.287425,0,0
72.297895,0,0
72.308397,1,-1
72.324023,-1,0
72.334024,0,0
72.344481,1,1
72.354941,0,0
72.370581,-1,0
72.380598,0,0
72.391075,0,0
72.401569,1,0
72.417192,0,0
72.427197,0,0
72.437654,-1,0
72.448146,0,0
72.481265,1,0
72.491391,0,0
72.501871,-1,0
72.512352,0,0
72.528600,0,0
72.538602,0,0
72.549075,-1,0
72.559546,0,0
72.575180,1,0
72.585200,0,0
72.595690,0,0
72.606158,0,0
72.622390,0,0
72.632390,0,0
72.642849,-1,0
72.653329,0,0
72.669588,1,0
72.679590,0,0
72.690187,-1,0
72.700670,0,0
72.733708,0,0
72.743746,1,0
72.754211,0,0
72.764675,-1,0
72.781614,0,0
72.791712,0,0
72.802259,0,0
72.812716,-1,0
72.828308,0,0
72.838309,0,0
72.848796,0,0
72.859285,0,1
72.877063,0,0
72.887088,0,0
72.897574,1,0
72.908070,0,0
72.924421,-1,0
72.934422,0,0
72.944902,0,0
72.955369,0,0
72.989607,0,0
72.999653,0,0
73.010112,0,0
73.020590,0,0
73.036229,0,0
73.046243,0,0
73.056723,0,0
73.067204,0,0
73.083452,0,0
73.093454,-1,0
73.103990,0,1
73.114496,0,0
73.130731,0,0
73.140732,-1,0
73.151210,0,0
73.161666,1,0
73.178534,0,0
73.188549,0,-1
73.199036,0,0
73.209533,0,0
73.242566,0,0
73.252596,0,0
73.263079,0,0
73.273574,0,0
73.289269,0,0
73.299346,0,0
73.309840,0,0
73.320326,0,-1
73.335938,0,1
73.345938,0,0
73.356403,0,0
73.366859,0,1
73.381851,0,0
73.391855,0,-1
73.402325,0,0
73.412811,0,0
73.427751,0,0
73.437753,0,0
73.448219,0,0
73.458716,0,0
73.473741,0,0
73.493173,0,0
73.503683,0,0
73.514199,0,1
73.524686,0,0
73.539082,0,0
73.549113,0,0
73.559571,0,0
73.570041,0,0
73.585033,0,0
73.595033,0,0
73.605499,0,0
73.615974,0,0
73.631555,0,0
73.641557,0,0
73.652032,-1,0
73.662491,0,0
73.678121,1,0
73.688121,0,0
73.698574,-1,0
73.709036,1,0
73.724600,0,0
73.744015,0,0
73.754522,0,0
73.764989,0,0
73.775467,0,0
73.789880,0,0
73.799890,0,0
73.810365,0,0
73.820897,0,-1
73.836494,1,0
73.846495,0,0
73.856982,0,0
73.871668,-1,0
73.882153,1,0
73.897781,0,1
73.907783,0,0
73.918255,0,0
73.928733,0,0
73.944682,0,0
73.954682,0,0
73.965144,0,-1
73.975593,0,0
74.018984,0,1
74.038097,0,0
74.048102,0,0
74.058585,0,0
74.069089,0,-1
74.085083,0,0
74.095084,0,0
74.105558,0,0
74.116059,0,0
74.131686,0,0
74.141687,0,0
74.152163,0,0
74.162653,0,0
74.178273,0,0
74.188294,1,-1
74.198762,0,0
74.209250,0,0
74.224918,0,1
74.245039,0,0
74.255549,0,0
74.266050,0,-1
74.276538,0,0
74.290362,0,0
74.300386,0,1
74.310862,0,-1
74.321371,0,0
74.337852,0,0
74.347888,0,0
74.358395,1,0
74.368873,-1,0
74.388686,0,0
74.398688,0,0
74.409183,0,0
74.419670,0,0
74.654983,0,2
74.665059,0,1
74.675555,0,0
74.686063,0,-1
74.701857,0,0
74.711881,0,0
74.722385,0,0
74.732882,0,0
74.747291,0,0
74.757349,0,0
74.767849,0,0
74.778356,0,1
74.793968,0,0
74.803969,0,0
74.814470,0,0
74.824961,0,0
74.839960,0,0
74.850009,0,0
74.860500,0,0
74.870981,0,0
74.886582,0,0
74.905981,0,0
74.916528,0,0
74.927027,0,0
74.937532,-1,0
74.951363,0,0
74.961449,0,0
74.971922,0,0
74.982417,0,0
74.998017,0,0
75.008019,0,0
75.018508,1,1
75.028997,0,0
75.044080,-1,0
75.054246,0,0
75.064723,1,0
75.075215,0,0
75.090234,-1,-1
75.100236,0,0
75.110718,0,1
75.121214,0,0
75.136894,0,0
75.156322,0,0
75.166845,0,0
75.177337,0,0
75.187829,0,0
75.202278,0,0
75.212285,0,0
75.222757,0,0
75.233251,0,0
75.248926,0,0
75.259129,0,-1
75.269627,0,0
75.280111,0,0
75.295781,0,0
75.305782,0,-1
75.316267,0,1
75.326741,0,0
75.343058,0,0
75.353165,0,0
75.363649,0,0
75.374146,0,0
75.407160,0,0
75.417241,0,0
75.427737,0,0
75.438243,0,0
75.453943,0,0
75.464040,0,0
75.474525,0,0
75.485000,0,0
75.501237,0,0
75.511238,0,0
75.521714,0,-1
75.532216,0,0
75.547846,0,1
75.557892,0,0
75.568376,0,0
75.578846,0,0
75.595061,0,0
75.605062,0,0
75.615533,0,0
75.625979,0,1
75.658967,0,0
75.669125,0,-1
75.679610,0,-1
75.690102,-1,0
75.705760,0,0
75.715760,1,0
75.726225,0,0
75.736705,0,0
75.751708,0,1
75.761729,0,0
75.772193,0,0
75.782649,0,-1
75.797597,0,1
75.807598,0,0
75.818059,0,0
75.828555,0,0
75.844183,0,0
75.854206,0,0
75.864743,0,0
75.875223,0,0
75.890805,0,0
75.910151,0,-1
75.920676,0,0
75.931164,0,0
75.941638,0,0
75.956094,0,1
75.966164,0,0
75.976668,0,0
75.987154,0,0
76.002144,0,0
76.012147,0,0
76.022622,0,-1
76.033112,0,0
76.048737,0,0
76.058763,0,1
76.069400,0,0
76.079907,0,-1
76.094880,0,0
76.104887,0,1
76.115382,0,0
76.125884,0,0
76.140918,0,-1
76.160363,0,0
76.170846,0,0
76.181362,0,0
76.191838,0,0
76.206840,0,0
76.216842,0,0
76.227338,0,0
76.237830,0,0
76.263681,-1,0
76.273731,0,0
76.284216,0,0
76.294687,1,0
76.311053,0,0
76.321055,0,0
76.331516,0,0
76.341971,0,0
76.364500,0,0
76.374501,0,0
76.384988,0,0
76.410449,0,0
76.429245,-1,0
76.439246,0,0
76.449707,0,0
76.460207,0,0
76.476488,0,0
76.486576,0,0
76.497059,0,0
76.507542,0,0
76.523146,0,0
76.533147,0,0
76.543622,0,0
76.554093,0,0
76.569695,0,-1
76.579724,0,0
76.590279,0,1
76.600752,0,0
76.616969,0,0
76.626969,0,0
76.637442,0,0
76.660445,0,0
76.681164,0,0
76.691227,0,1
76.701706,0,-1
76.712207,0,0
76.727184,0,0
76.737184,0,0
76.747653,0,0
76.758144,0,0
76.773761,0,0
76.783776,0,0
76.794285,0,0
76.804770,0,0
76.820376,0,0
76.830378,0,0
76.840835,0,0
76.851315,0,0
76.867558,0,0
76.877569,0,0
76.888068,0,0
76.910378,0,0
76.931071,0,0
76.941107,0,0
76.951590,0,0
76.962078,0,0
76.977687,0,0
76.987704,0,0
76.998190,0,0
77.008635,0,0
77.025469,0,0
77.035470,0,0
77.045941,0,0
77.056412,0,0
77.072684,0,0
77.082704,0,0
77.093242,0,0
77.103728,0,0
77.119923,0,0
77.129924,0,0
77.140422,0,0
77.160752,0,0
77.171275,0,0
77.185103,0,0
77.195161,0,0
77.205635,0,0
77.216117,0,0
77.232340,0,0
77.242341,0,0
77.252836,0,0
77.263338,0,0
77.278358,0,0
77.288366,0,0
77.298947,0,0
77.309428,0,0
77.325042,0,0
77.335044,0,0
77.345531,0,0
77.356019,0,0
77.371013,0,0
77.381050,0,0
77.391551,0,0
77.423287,0,1
77.433340,0,-1
77.448911,0,0
77.458911,0,0
77.469408,0,0
77.479896,0,0
77.494907,1,0
77.504987,0,0
77.515497,0,0
77.525955,-1,0
77.541521,0,0
77.551521,0,-1
77.562013,0,1
77.572509,0,0
77.587507,0,0
77.597558,0,0
77.608098,0,0
77.618563,0,-1
77.634143,0,1
77.661605,0,0
77.672096,0,-1
77.682593,0,0
77.697691,0,0
77.710113,0,0
77.720645,1,0
77.731120,0,0
77.741587,0,0
77.755285,0,0
77.765287,0,0
77.775775,0,0
77.786271,0,0
77.803065,0,0
77.813154,0,0
77.823630,0,0
77.834137,1,0
77.849118,0,0
77.859154,0,0
77.869645,0,0
77.880157,0,0
77.912713,0,0
77.922768,0,-1
77.933254,0,0
77.943739,0,0
77.958760,0,-1
77.968777,0,0
77.979262,0,1
77.989743,0,0
78.005365,0,0
78.015526,1,0
78.026025,0,0
78.036508,0,0
78.051495,0,-1
78.061504,0,0
78.071983,0,0
78.082503,0,0
78.097530,-2,0
78.107593,0,0
78.118234,1,0
78.128763,0,0
78.144370,0,0
78.163767,0,0
78.174294,0,0
78.184759,0,0
78.207320,0,0
78.217427,0,0
78.227993,0,0
78.238490,0,0
78.254099,-1,-1
78.264125,1,0
78.274613,0,0
78.285116,0,1
78.300143,1,0
78.310190,0,0
78.320659,-1,0
78.331199,0,0
78.346183,0,0
78.356183,0,0
78.366642,-1,0
78.377138,0,0
78.392766,0,0
78.413932,0,0
78.424479,0,0
78.434953,0,0
78.456234,1,0
78.466252,0,0
78.476715,0,0
78.487195,0,0
78.502210,0,0
78.512226,0,0
78.522705,-1,0
78.533230,0,0
78.548806,0,0
78.558808,0,0
78.569288,1,-1
78.579779,0,0
78.594781,1,0
78.604832,-1,0
78.615327,0,0
78.625805,0,0
78.640161,0,0
78.664391,0,0
78.674877,0,0
78.685357,0,1
78.704166,1,0
78.714245,0,-1
78.724751,0,0
78.735292,-1,0
78.749632,0,1
78.759633,0,0
78.770103,0,-1
78.780597,-1,-1
78.796256,0,0
78.806304,2,0
78.816784,1,0
78.827259,0,0
78.842215,-1,1
78.852216,0,0
78.862711,0,1
78.873224,0,0
78.888258,0,0
78.914436,1,0
78.924910,0,0
78.935417,0,0
78.951708,0,0
78.961753,0,0
78.972248,0,-1
78.982747,0,0
78.997757,0,1
79.007759,0,0
79.018220,0,0
79.028735,0,-1
79.043726,1,1
79.053733,0,0
79.064228,0,0
79.074717,0,0
79.090372,-1,0
79.100409,1,0
79.110903,0,0
79.121405,0,0
79.136409,0,0
79.146467,0,0
79.165639,0,0
79.176147,0,0
79.186636,0,0
79.201093,0,0
79.211199,-1,0
79.221691,0,0
79.232182,1,0
79.247771,0,0
79.257773,1,0
79.268255,0,0
79.278741,0,0
79.293138,-1,0
79.303179,0,0
79.313657,-1,0
79.324117,0,0
79.339988,0,0
79.350016,2,0
79.360476,0,0
79.370942,-1,0
79.387311,0,0
79.397349,0,0
79.416563,0,0
79.427059,0,0
79.437527,0,0
79.451912,-1,1
79.461914,1,0
79.472400,0,-1
79.482852,0,0
79.498460,0,0
79.508461,0,0
79.518964,1,0
79.529464,0,0
79.545099,-2,0
79.555101,2,0
79.565569,0,0
79.576059,-2,0
79.591101,0,0
79.601125,1,0
79.611600,-1,0
79.622059,0,0
79.638274,0,0
79.648274,0,0
79.667467,0,0
79.677955,0,0
79.688415,0,0
79.702812,0,1
79.712818,0,-1
79.723328,0,0
79.733810,0,0
79.750020,0,0
79.760022,1,0
79.770490,0,0
79.780960,-1,0
79.797208,0,0
79.807216,0,0
79.817681,0,0
79.828153,-1,0
79.842486,1,0
79.852486,0,0
79.863019,-1,1
79.873490,0,0
79.889722,0,0
79.899736,0,0
79.918898,-1,0
79.929416,1,0
79.939880,0,0
79.954900,0,0
79.964900,1,0
79.975363,0,0
79.985810,-1,0
80.001433,0,0
80.011442,0,0
80.021906,-1,0
80.032381,-1,0
80.047337,0,0
80.057338,0,0
80.067872,0,0
80.078354,1,0
80.093351,0,0
80.103351,0,0
80.113811,0,0
80.124280,0,0
80.139854,0,0
80.149856,-1,0
80.168985,0,0
80.179485,0,1
80.189967,0,0
80.204398,-1,0
80.214486,1,0
80.224977,0,0
80.235463,1,0
80.251075,0,0
80.261075,-2,0
80.271580,0,0
80.282078,0,0
80.297706,0,0
80.307752,1,0
80.318242,0,0
80.328724,0,0
80.344317,-1,0
80.354318,0,0
80.364777,0,0
80.375287,0,0
80.389655,0,0
80.399656,0,0
80.419375,0,0
80.429883,0,1
80.440382,0,0
80.454160,0,0
80.464186,0,0
80.474740,0,0
80.485240,0,0
80.501512,0,0
80.511529,-1,0
80.522018,0,-1
80.532498,0,0
80.547473,0,0
80.557473,0,0
80.567950,0,1
80.578414,0,0
80.593983,0,0
80.603984,1,0
80.614445,0,0
80.624933,0,0
80.640546,-1,0
80.650547,0,0
80.693519,0,0
80.703586,0,0
80.714074,0,0
80.745497,0,0
80.755559,0,0
80.766032,0,0
80.776511,0,0
80.891624,0,0
80.901624,0,0
80.920788,0,0
80.931311,0,0
80.941817,0,0
80.957167,0,0
80.967270,0,1
80.977745,0,0
80.988250,0,0
81.035805,0,0
81.045806,0,0
81.056267,0,0
81.066714,0,0
81.114791,0,0
81.124803,0,0
81.135286,0,0
81.145774,0,0
81.190875,0,0
81.200941,1,0
81.211433,0,0
81.221903,0,0
81.238433,0,0
81.248496,0,0
81.258980,0,0
81.269470,0,-1
81.285068,0,1
81.295128,0,0
81.305602,0,0
81.316094,0,0
81.331703,0,-1
81.341739,0,0
81.352223,0,1
81.362719,0,0
81.377693,0,0
81.387694,0,0
81.398263,0,0
81.408756,0,1
81.441310,-1,0
81.467973,0,0
81.478485,1,-1
81.488973,0,-1
81.499509,0,0
81.513851,0,0
81.523852,0,0
81.534325,0,0
81.544794,-1,0
81.565930,0,0
81.575937,0,1
81.586432,0,0
81.596924,0,0
81.612411,0,0
81.622412,0,0
81.632871,0,0
81.643358,0,0
81.658952,0,-1
81.668978,0,0
81.691307,0,0
81.701910,0,0
81.722555,0,0
81.732582,1,0
81.743064,0,0
81.753527,0,0
81.768514,0,0
81.778514,0,0
81.788970,0,0
81.799443,0,0
81.814409,0,0
81.824409,0,0
81.834894,0,0
81.845396,0,0
81.860400,0,0
81.870453,0,0
81.880953,1,0
81.891458,0,0
81.906443,0,0
81.916493,0,0
81.941279,0,0
81.951780,0,0
81.970612,0,-1
81.980724,0,0
81.991233,-1,0
82.001721,0,1
82.016686,1,0
82.026688,0,0
82.037182,0,0
82.047671,0,0
82.062667,0,0
82.072696,0,-1
82.083195,0,0
82.093700,0,0
82.108695,0,1
82.118699,0,0
82.129201,0,0
82.139682,0,0
82.154085,0,0
82.164141,0,0
82.191396,0,0
82.201909,0,0
82.218205,0,0
82.228267,0,0
82.238757,0,0
82.249255,0,0
82.263640,0,0
82.273669,0,0
82.284143,0,0
82.294619,0,0
82.309559,0,-1
82.319559,0,0
82.330059,0,0
82.340557,0,0
82.355569,0,0
82.365619,0,0
82.376138,0,0
82.386629,0,0
82.401904,0,0
82.411906,0,1
82.422441,0,0
82.441578,0,0
82.452090,0,0
82.466556,0,0
82.476639,0,0
82.487133,0,-1
82.497624,0,0
82.513230,0,0
82.523348,0,0
82.533845,0,0
82.544344,0,1
82.559963,0,0
82.569981,0,0
82.580466,0,-1
82.590933,0,0
82.605893,0,1
82.615895,0,0
82.626458,0,0
82.636965,0,0
82.651985,0,0
82.662068,0,0
82.672530,0,0
82.691642,0,0
82.702145,0,0
82.717171,0,-1
82.727254,0,0
82.737732,0,0
82.748219,1,0
82.763873,0,0
82.773874,0,0
82.784358,0,0
82.794824,0,0
82.809771,0,0
82.819772,0,1
82.830347,0,0
82.840820,0,0
82.855824,0,0
82.865824,0,0
82.876304,0,0
82.886769,0,0
82.902370,0,0
82.912370,0,0
82.922851,0,0
82.942034,0,0
82.952540,0,0
82.967590,0,-1
82.977634,0,0
82.988113,0,0
82.998605,0,0
83.014202,0,0
83.024204,0,0
83.034762,0,0
83.045239,0,0
83.060231,1,0
83.070233,0,0
83.080692,0,1
83.091154,0,0
83.108262,0,0
83.118263,0,-2
83.128750,0,1
83.139310,0,0
83.154351,0,0
83.164378,0,0
83.192271,0,0
83.202787,0,0
83.218464,-1,0
83.228524,0,0
83.239070,0,0
83.249568,1,0
83.265234,0,0
83.275253,0,0
83.285720,0,0
83.296208,0,0
83.311188,0,0
83.321219,0,0
83.331723,0,0
83.342346,0,0
83.357978,-1,0
83.367983,0,0
83.378463,0,0
83.388931,0,0
83.404506,1,0
83.414506,0,1
83.442420,0,0
83.452936,0,-1
83.467373,0,-1
83.477439,0,0
83.487940,0,0
83.498441,0,0
83.514065,0,0
83.524065,-1,1
83.534563,0,0
83.545067,0,0
83.560698,0,0
83.570740,1,0
83.581234,0,0
83.591730,0,0
83.607335,0,0
83.617358,-1,0
83.627849,0,0
83.638338,0,0
83.653959,1,0
83.663974,0,0
83.674457,0,0
83.693592,0,1
83.704089,-1,0
83.718494,1,0
83.728520,0,0
83.738994,0,0
83.749552,0,0
83.765167,0,0
83.775169,-1,0
83.785645,0,0
83.796132,0,0
83.811724,0,0
83.821724,-1,0
83.832189,0,0
83.842655,0,0
83.858264,0,0
83.868264,0,0
83.878759,0,0
83.889267,0,0
83.904862,0,0
83.914863,0,0
83.925366,1,0
83.956386,0,1
83.966429,0,-1
83.982100,0,1
83.992137,0,0
84.002594,0,0
84.013086,0,0
84.028071,0,-2
84.038080,0,0
84.048573,0,0
84.059120,0,0
84.074820,0,0
84.084829,0,1
84.095291,0,0
84.105778,0,0
84.121995,0,0
84.131997,0,0
84.142488,0,0
84.152960,0,0
84.169223,0,-1
84.194757,0,1
84.205279,0,0
84.215763,0,0
84.233287,0,-1
84.243287,0,0
84.253757,-1,1
84.264242,0,0
84.279875,0,0
84.289914,0,0
84.300410,0,0
84.310889,1,0
84.326494,0,0
84.336523,0,0
84.346992,-1,0
84.357485,0,0
84.373120,0,0
84.383164,1,0
84.393644,0,0
84.404136,0,-1
84.420363,-1,1
84.445306,0,0
84.455829,0,0
84.466427,0,0
84.485263,0,0
84.495359,1,0
84.505855,0,0
84.516371,0,0
84.531960,0,0
84.541962,-1,0
84.552468,0,0
84.562961,0,0
84.578608,0,0
84.588669,0,0
84.599168,0,0
84.609679,0,0
84.626052,1,0
84.636052,0,0
84.646554,0,1
84.657073,0,1
84.672716,0,-2
84.695891,0,0
84.706416,0,0
84.716883,0,-1
84.736913,0,0
84.746941,0,1
84.757437,0,0
84.767943,0,-2
84.783584,1,0
84.793656,0,0
84.804151,1,0
84.814417,2,-1
84.830608,0,0
84.840867,0,0
84.851365,0,-1
84.861858,0,0
84.877503,0,0
84.887514,0,0
84.897972,-1,0
84.908450,0,0
84.923404,-2,0
84.945886,0,2
84.956409,-1,0
84.966906,-1,0
84.987597,0,0
84.997662,-1,0
85.008151,0,0
85.018646,1,1
85.032731,0,-1
85.045361,-1,-3
85.055362,1,1
85.065846,1,0
85.076349,0,0
85.091974,0,-1
85.102019,0,-1
85.112503,-5,-6
85.122991,-1,-2
85.138594,0,0
85.148594,1,0
85.159098,0,-1
85.169586,1,0
85.202146,5,5
85.212216,4,1
85.222704,0,0
85.233210,2,0
85.248249,0,0
85.258289,2,0
85.268750,0,2
85.279225,32,0
85.294234,0,2
85.304285,0,-3
85.314782,0,-1
85.325254,-15,34
85.340233,7,47
85.350234,-3,6
85.360695,0,0
85.371171,5,-7
85.386164,-42,-16
85.396215,-23,-15
85.406693,-1,-2
85.417164,3,1
85.432146,2,20
85.452015,-70,-95
85.462529,5,12
85.472999,15,15
85.495571,-3,-3
85.505610,-3,-2
85.516091,-6,-5
85.526563,-2,-9
85.541520,5,-28
85.551520,3,7
85.561984,2,1
85.572474,-47,-14
85.587470,-43,-19
85.597519,-6,8
85.607985,3,15
85.618465,-23,7
85.633442,-38,-14
85.643443,-37,-23
85.653918,-59,-6
85.664395,-30,-14
85.679398,0,4
85.702422,33,25
85.712915,15,15
85.723392,-23,0
85.742787,27,91
85.752789,10,-3
85.763261,-11,7
85.773728,16,0
85.789356,22,-20
85.799457,1,-4
85.809916,4,2
85.820400,-13,41
85.835373,41,40
85.845375,-2,33
85.855853,-3,2
85.866347,-9,-12
85.881353,9,3
85.891413,-12,-7
85.901909,3,3
85.912397,14,19
85.927363,5,10
85.952882,5,9
85.963413,0,-4
85.973880,1,11
85.990829,9,22
86.000865,5,6
86.011382,27,-14
86.021873,13,-13
86.036866,-2,-12
86.046867,0,0
86.057339,3,0
86.067827,5,23
86.082836,-20,4
86.092897,0,3
86.103403,1,0
86.113416,7,16
86.129154,3,0
86.139155,1,-2
86.149619,-51,-14
86.160090,0,-2
86.175097,-1,-2
86.185103,-22,12
86.204257,7,12
86.214802,4,1
86.225269,-15,-10
86.239060,-5,-2
86.249060,5,-1
86.259553,6,-13
86.270036,0,0
86.284403,0,2
86.294415,2,0
86.304881,0,0
86.315376,9,5
86.329088,8,0
86.339089,-3,-2
86.349563,-2,-2
86.360055,0,0
86.374456,1,0
86.384467,-1,-1
86.394943,-1,-2
86.405419,2,-8
86.419749,0,-4
86.429750,2,1
86.454584,-2,-2
86.465091,-2,-2
86.482038,-1,-2
86.492089,3,-5
86.502580,1,-8
86.513085,1,0
86.527472,1,-1
86.537495,0,-2
86.548013,2,-3
86.558522,0,-2
86.572292,0,-4
86.582338,-1,-4
86.592816,0,0
86.603313,0,-1
86.617678,0,0
86.627683,-1,-3
86.638187,-3,-8
86.660682,-1,-1
86.670694,2,-12
86.681174,1,-3
86.704765,0,0
86.722926,31,-32
86.732929,0,0
86.743404,0,2
86.753873,-1,3
86.767614,-6,11
86.777624,1,1
86.788103,0,0
86.798576,4,3
86.812893,16,18
86.822894,1,0
86.833376,0,-2
86.843836,-5,0
86.857583,-16,-29
86.867583,0,0
86.878047,-1,1
86.888521,1,0
86.902231,-17,4
86.912232,-4,3
86.922696,0,1
86.933175,0,0
86.964432,-14,31
86.974487,0,0
86.984960,1,0
86.995427,2,1
87.009208,-4,6
87.019208,-31,3
87.029675,-1,1
87.040154,0,0
87.053887,-2,1
87.063887,-6,3
87.074347,-4,-1
87.084808,-1,0
87.099156,0,1
87.109157,1,1
87.119609,-1,1
87.130104,-4,3
87.144477,0,0
87.154478,0,1
87.164919,0,0
87.175394,12,-17
87.189708,1,-7
87.214586,1,0
87.225086,0,0
87.235555,1,-2
87.253125,7,-15
87.263190,1,8
87.273658,0,3
87.284140,0,0
87.297844,-24,16
87.307846,16,14
87.318315,2,-4
87.328761,15,10
87.343744,0,-5
87.353746,-3,9
87.364201,-22,19
87.374657,34,-3
87.389623,10,26
87.399624,-1,42
87.410097,17,69
87.420569,4,30
87.434922,-35,-62
87.444923,5,-7
87.464632,9,-44
87.475146,1,0
87.497043,4,-5
87.507049,19,-16
87.517525,0,-1
87.527995,-1,0
87.542988,-9,31
87.552991,-3,-7
87.563478,0,-2
87.573941,2,22
87.588248,2,105
87.598249,-8,41
87.608711,4,2
87.619189,-2,-45
87.635090,-10,9
87.645146,29,26
87.655627,1,-21
87.666120,15,-24
87.681214,2,4
87.691224,0,6
87.726688,-23,-80
87.736806,4,-28
87.756237,-18,-8
87.766244,-3,2
87.776708,-8,16
87.787194,-2,0
87.801878,-1,-3
87.811878,0,0
87.822350,-1,0
87.832791,0,1
87.847770,2,-19
87.857770,22,22
87.868260,0,0
87.878720,0,-1
87.893060,-3,12
87.903060,-1,3
87.913559,1,16
87.924059,1,6
87.938450,1,16
87.965387,-1,9
87.975904,-1,0
87.986392,-21,-18
88.002036,13,-42
88.012038,14,-100
88.022497,-30,-25
88.032970,-44,-23
88.048582,-46,-58
88.058738,-32,-1
88.069203,41,-27
88.079679,10,-56
88.094626,-42,-29
88.104627,-17,31
88.115121,-13,-16
88.125610,-37,-47
88.140634,-8,-91
88.150636,1,-34
88.161105,6,-15
88.171557,17,-19
88.187117,-3,-32
88.197117,38,-34
88.216334,39,-42
88.226826,39,32
88.237281,6,48
88.251691,17,15
88.261713,1,1
88.272190,-10,12
88.282649,-22,25
88.297390,-8,29
88.310021,-49,-97
88.320021,3,-17
88.330470,-24,-72
88.340934,-31,-35
88.355923,9,14
88.366011,3,2
88.376457,-55,-17
88.386934,-17,-40
88.402282,15,14
88.412283,6,-10
88.422751,9,0
88.433227,2,26
88.448232,-85,-57
88.467666,-20,4
88.478164,-16,-33
88.488612,-34,14
88.499079,-10,61
88.512811,-22,120
88.522812,42,132
88.533280,-3,172
88.543743,-21,44
88.558122,-30,43
88.568123,-88,75
88.578579,9,43
88.589027,13,7
88.604599,45,3
88.614600,30,25
88.625063,-5,-9
88.635513,36,11
88.650512,-31,-33
88.660513,-27,7
88.670969,5,-12
88.681425,-4,0
88.696377,15,145
88.718199,21,261
88.728681,-51,87
88.739159,12,12
88.759224,-22,96
88.769302,11,60
88.779761,-2,-43
88.790220,11,9
88.805175,-9,47
88.815176,-37,1
88.825617,-51,6
88.836099,25,-9
88.851089,8,-64
88.861091,-17,22
88.871566,-45,14
88.882027,-22,6
88.896963,-11,-28
88.906965,-34,-12
88.917448,-57,19
88.927915,-79,48
88.971029,2,33
88.981128,1,-93
88.991611,18,-20
89.002089,14,-27
89.017258,18,-23
89.027258,21,-33
89.037737,63,-27
89.048214,25,13
89.068052,-31,16
89.078120,-42,43
89.088601,-44,-3
89.099067,-1,-15
89.114019,7,4
89.124563,18,-92
89.135031,52,-15
89.145500,20,34
89.161221,69,-45
89.171221,15,-13
89.181682,10,-8
89.192133,-2,19
89.224590,-130,-95
89.234601,-2,-5
89.245084,-12,0
89.255570,5,-50
89.270617,4,7
89.280671,-3,-1
89.291142,2,8
89.301626,-40,49
89.315937,5,0
89.325938,-30,58
89.336392,25,24
89.346863,32,31
89.361221,-23,-57
89.371222,15,46
89.381777,13,-11
89.392233,-5,-18
89.407174,-25,23
89.417175,-51,-2
89.427626,-65,-7
89.438101,6,39
89.453089,17,18
89.474826,5,-141
89.485342,-57,56
89.495807,-73,99
89.516426,41,200
89.526428,47,84
89.536892,-22,29
89.547375,-34,-42
89.561723,18,-58
