time,D0,D1,D2,D3,D4,D5,D6,D7,D8,D9,D10,D11,D12,D13,D14,D15
26.742908,524,453,397,355,336,344,347,353,463,394,357,325,367,381,370,1075,404,353,323,359,378,394,397,1122,372,334,365,406,371,405,437,899,344,362,452,1123,366,941,965,925,307,342,409,461,407,948,908,879,304,359,455,395,504,878,891,833,328,426,539,983,924,891,830,829
26.999122,545,475,399,356,332,349,359,353,463,396,347,328,342,395,370,1085,407,360,324,352,379,394,423,963,367,334,364,371,396,1067,437,901,342,352,413,498,390,502,965,914,303,347,416,1040,400,870,913,881,307,358,463,469,444,914,874,834,329,422,538,983,917,874,857,808
27.252522,473,401,355,334,325,362,363,1166,410,356,330,327,353,395,370,1019,367,334,329,386,401,1046,423,950,343,329,396,379,374,989,437,887,331,466,404,421,390,450,965,879,320,373,433,524,402,898,852,858,331,398,496,1012,780,896,875,838,366,579,1034,983,912,876,843,827
27.503516,453,385,346,321,331,355,325,425,385,343,315,324,373,395,370,1019,351,321,327,401,1139,1083,423,896,325,337,369,364,407,917,928,879,328,423,388,408,390,928,965,858,325,376,451,528,466,917,887,850,334,423,449,463,917,896,837,860,385,579,1005,958,900,884,845,831
27.755057,390,348,318,312,1173,367,373,425,352,317,318,361,361,395,370,353,323,322,392,371,380,396,423,882,331,390,407,1040,407,1007,864,872,325,394,463,415,390,456,893,843,344,440,492,519,890,926,863,861,373,534,376,356,937,893,863,834,645,428,1004,953,924,884,859,842
28.006908,363,327,307,309,1069,344,325,425,332,308,323,384,380,395,1034,961,313,318,379,359,980,1009,941,887,327,407,1064,385,360,943,864,856,333,393,483,506,390,957,921,853,352,469,411,519,947,926,923,881,429,430,376,919,945,920,901,871,793,943,997,953,937,889,881,889
28.261225,380,343,320,302,304,327,327,425,348,316,303,310,370,355,1034,1013,331,307,317,382,378,1033,956,916,314,353,342,1055,380,415,896,902,295,350,411,415,390,1000,921,864,308,373,391,988,939,365,893,890,338,470,357,984,952,915,891,872,715,892,1031,953,990,893,859,887
28.514829,366,334,307,294,306,350,347,361,339,310,301,323,360,356,330,992,318,305,356,335,979,358,912,898,309,386,389,389,365,1004,1015,883,299,359,420,461,390,951,963,877,311,436,369,343,933,900,970,893,387,448,367,919,952,910,884,863,731,948,984,953,933,904,902,890
28.768434,350,318,297,297,1046,333,334,361,326,297,313,358,403,373,1026,938,310,322,388,361,967,371,912,885,308,383,374,377,343,929,1015,849,318,386,450,526,941,922,915,853,346,485,418,1010,945,949,921,867,469,386,370,960,897,929,883,882,364,1040,980,970,947,905,908,871
29.023669,345,318,298,303,322,350,318,361,322,300,309,352,375,373,1026,945,309,329,355,349,1016,391,959,881,312,378,411,381,343,967,1015,869,325,399,452,431,943,897,923,851,364,472,418,997,977,964,907,885,482,998,370,1011,921,864,903,897,1217,1028,965,940,888,916,894,895
29.277590,345,317,294,299,325,330,322,385,316,295,319,368,970,373,984,963,306,333,353,355,386,369,959,890,308,385,376,383,355,926,1015,854,332,406,444,553,967,991,912,862,382,477,371,352,949,917,848,920,717,1011,370,944,921,884,881,864,358,1028,1013,984,926,915,907,888
29.530154,331,309,298,306,336,306,349,348,310,300,331,369,406,373,984,1016,317,362,367,353,347,983,901,885,325,401,395,1014,355,943,900,843,361,439,496,713,967,944,913,858,463,488,393,428,977,915,922,881,842,1000,370,973,921,885,898,886,1066,1028,980,968,969,905,895,867
29.784145,351,319,311,308,333,322,334,342,323,315,353,383,378,373,984,1055,325,412,387,370,358,986,923,904,343,418,443,380,355,972,900,865,399,467,399,731,967,945,925,863,500,488,393,985,949,915,906,930,998,1013,1010,997,931,878,941,908,1106,1020,997,976,918,926,914,908
30.035391,434,397,380,361,356,362,370,373,392,384,358,375,423,358,1047,383,390,376,444,448,405,380,1008,973,342,420,472,452,391,446,900,968,396,481,449,1045,967,1022,943,923,427,1051,1013,1017,994,927,417,985,1184,466,1010,983,940,986,948,978,1106,1054,1036,1035,1002,926,991,947
30.285771,550,503,479,447,437,421,432,435,505,482,449,435,435,453,480,1155,494,452,460,478,1148,502,1008,1061,501,424,537,571,391,446,900,1050,400,513,512,508,967,1160,1055,980,441,445,1013,486,994,1005,482,985,478,441,1179,1118,940,986,948,1030,1295,1054,1196,1035,1134,1066,1070,1065
30.535824,635,576,540,513,491,480,474,481,582,545,497,497,476,478,475,1202,554,528,489,564,538,542,483,1116,634,461,570,640,391,446,900,1072,453,503,512,547,967,536,1055,1090,441,445,530,566,1122,1005,504,1009,478,1316,1179,1189,940,1139,948,1073,1295,1054,1196,1035,1134,1086,1069,1065
30.786850,697,626,582,542,526,512,510,524,635,582,535,546,539,544,504,1229,608,538,541,616,536,516,483,1116,476,573,682,632,391,634,900,1093,487,503,512,1191,967,1143,1055,1105,441,445,530,566,1170,1005,504,1049,478,1316,1179,1189,940,1139,948,1062,1295,1054,1244,1035,1131,1080,1081,1065
31.037214,742,665,610,597,606,568,549,512,656,568,596,693,572,544,504,1229,572,669,792,680,536,516,483,1136,526,740,1265,632,391,634,900,1154,487,503,512,1299,967,1221,1055,1128,441,445,530,566,1170,1005,504,1112,478,1316,1179,1212,940,1139,948,1080,1295,1054,1244,1035,1136,1104,1083,1065
31.287404,768,670,644,717,599,568,549,512,669,729,804,913,572,544,504,488,857,949,904,680,536,516,483,560,526,740,1265,632,391,1152,1209,540,487,1440,512,1300,967,1182,1055,1068,441,445,530,566,1170,1005,504,1115,478,1316,1179,1212,940,1112,948,1131,677,1054,1244,1035,1140,1138,1103,1064
31.538584,772,721,814,934,599,568,549,512,740,971,893,913,572,544,504,1239,857,949,904,680,536,1282,483,1252,1691,740,1265,632,391,1152,1238,456,487,1440,512,1300,967,1148,1055,469,441,445,530,566,1170,1005,1144,1074,478,1316,1179,1146,940,1112,948,1101,677,1054,1219,1035,1210,1138,1121,1064
31.792640,798,1008,1043,947,1060,568,549,512,740,971,893,913,572,544,504,1297,857,949,904,680,536,1282,483,1252,1691,740,1265,632,391,1152,1238,1135,487,1440,512,1300,967,1189,1055,1115,441,445,530,566,1170,1005,1043,1060,478,1316,1179,1146,940,1065,948,1059,677,1054,1219,1035,1192,1133,1133,1064
32.048105,798,1049,1043,947,1309,568,549,512,740,971,893,913,572,544,504,1237,857,949,904,680,536,1282,483,1179,1691,740,1265,632,391,1152,1238,1121,487,1440,512,1289,967,1189,1055,1096,441,445,530,566,1170,1005,1043,1093,478,1316,1179,1231,940,1161,948,1093,1549,1054,1308,1035,1211,1147,1098,1064
32.302406,798,1049,1043,947,1309,568,549,512,740,971,1506,913,1297,544,504,1199,857,1491,904,680,1438,1282,483,1179,1691,740,1265,632,391,1234,1236,1111,487,1440,512,1289,967,1189,1055,1097,441,445,530,1267,1170,1005,1043,1159,478,1316,1179,1231,940,1161,948,1086,1549,1054,1308,1035,1235,1122,1134,1123
32.555690,798,1049,1043,947,1309,568,549,512,740,971,1506,913,1297,544,504,1217,857,1491,904,680,1291,1282,483,1217,1691,740,1265,632,391,1234,1236,1098,487,1440,512,1289,967,1177,1055,1111,441,445,530,1267,1170,1005,1043,1102,478,1316,1179,1231,940,1161,948,1109,2034,1054,1308,1035,1235,1161,1111,1123
32.805780,798,1049,1043,947,1484,568,549,512,740,971,1506,913,1297,544,504,1275,857,1491,904,680,1365,1282,483,1097,1691,740,1265,632,391,1215,1236,1128,487,1440,512,1289,967,1177,1055,1149,441,445,530,1267,1170,1005,1096,1108,478,1316,1179,1238,940,1161,948,1102,2034,1054,1305,1035,1235,1138,1106,1101
33.056552,798,1049,1043,947,1484,568,549,512,740,971,1506,913,1297,544,504,1162,857,1491,904,680,1365,1282,483,1085,1691,740,1265,632,391,1215,1236,1151,487,1440,512,1289,967,1185,1055,1144,441,445,530,1267,1170,1130,1096,1123,478,1316,1179,1163,940,1153,948,1114,2034,1054,1268,1035,1235,1117,1086,1075
33.308640,798,1049,1043,947,1484,568,549,512,740,971,1506,913,1259,544,504,1162,857,1491,904,680,1365,1194,483,547,1691,740,1391,632,391,1238,1173,565,487,1440,512,1289,967,1149,1055,580,441,445,530,1302,1170,1130,1096,1205,478,1330,1179,1065,940,1109,948,1084,2034,1054,1228,1035,1235,1111,1126,1075
33.559345,798,1049,1043,947,1484,568,549,512,740,971,1506,913,1259,544,504,1162,857,1491,904,680,1365,1194,483,547,1691,740,1391,632,391,1238,1173,565,487,1440,512,1289,967,1219,1055,740,441,445,530,1302,1170,1130,1106,1017,478,1330,1179,1214,940,1142,1071,1087,1361,1054,1220,1035,1122,1147,1073,1075
33.809396,229,251,231,244,206,202,216,248,740,971,1506,913,1370,544,504,1243,857,1491,904,680,1365,1194,483,547,1691,740,1391,632,391,1238,1173,643,487,1440,512,1289,967,1119,1055,1052,441,445,530,1302,1170,1130,1106,1044,478,1367,1179,1214,940,1138,1071,1106,1361,1054,1218,1035,1106,1104,1090,1053
34.060402,224,227,208,192,176,168,193,235,740,279,1506,913,1370,544,504,1243,857,1491,904,680,1365,1239,483,547,2910,740,1391,632,391,1238,1173,1062,487,1440,512,1207,967,1119,1055,1060,441,445,530,1302,1170,1130,1104,1115,1493,1367,1179,1272,940,1138,1071,1085,1361,1054,1289,1035,1199,1164,1105,1087
34.310637,231,218,197,194,213,243,193,408,740,326,1506,913,3551,544,504,514,857,1491,904,680,1261,1239,1125,624,2910,740,1391,632,391,1238,1173,1089,487,1440,512,1207,967,1154,1055,1063,441,445,530,1262,1170,1130,1123,1137,1493,1367,1179,1214,1241,1138,1071,1090,1361,1054,1353,1035,1153,1138,1164,1087
34.560851,231,207,192,212,213,243,472,435,740,326,1506,913,3551,544,549,556,857,1491,904,680,1261,1239,1129,1025,2910,740,1391,632,391,1202,1150,1112,487,1440,512,1207,967,1140,1141,1099,441,445,530,1364,1170,1130,1123,1139,1493,1392,1179,1248,1241,1180,1071,1096,1361,1054,1145,1035,1179,1143,1187,1087
34.810896,213,185,169,202,259,243,561,510,281,199,1506,913,3551,544,689,467,857,1273,904,680,1216,1175,1150,502,2910,740,1391,632,391,1182,1150,535,487,1440,512,1307,967,1132,1141,1131,441,445,530,1364,1170,1193,1123,1095,1493,1287,1179,1256,1241,1224,1071,1150,1361,1054,1145,1035,1179,1143,1202,1087
35.061115,221,177,169,168,210,243,600,457,258,212,1506,1116,1437,1146,1096,1177,857,1273,904,680,1168,1163,1109,536,1323,740,1391,632,391,1155,1269,572,487,1440,512,1179,967,1071,1141,1060,441,445,530,1169,1170,1193,1123,1113,1493,1273,1179,1256,1241,1170,1071,1192,1361,1054,1258,1035,1179,1143,1202,1087
35.311637,222,173,167,185,285,683,562,383,258,283,1506,1116,1437,1172,1112,402,857,1273,904,680,1302,1160,1109,505,1317,740,1391,632,391,438,1269,590,487,1440,512,1179,967,1183,1135,1142,441,445,530,1169,1170,1147,1137,1113,1493,1273,1179,1167,1241,1228,1071,1156,1361,1054,1153,1035,1179,1143,1179,1087
35.562691,224,192,209,268,285,497,485,416,258,1301,1506,1116,1437,554,1112,506,857,1273,904,680,1319,1211,1109,577,1317,740,1391,632,391,438,1123,1155,487,1440,512,1206,967,1183,1152,1161,441,445,530,1169,1170,1147,1137,1193,1493,1267,1179,1277,1241,1145,1071,1191,1314,1054,1153,1035,1179,1206,1168,1087
35.812847,218,187,235,268,285,409,375,390,258,1301,593,1116,426,437,437,472,857,1273,904,512,1201,499,487,597,1317,740,1391,1302,391,1217,1092,1155,487,1440,512,1206,967,1174,1152,1164,441,445,530,1169,1170,1147,1137,1193,1390,1216,1179,1145,1241,1145,1071,1185,1314,1054,1153,1035,1236,1189,1185,1087
36.063093,197,183,201,412,384,384,354,360,258,1270,593,1116,426,433,387,411,857,1273,904,512,1201,475,446,490,1317,740,1391,1179,391,542,513,1224,487,1440,512,1206,967,1174,1058,1203,441,445,530,1169,1170,1147,1137,1193,1390,1216,1179,1203,1241,1145,1071,1175,1372,1054,1153,1035,1198,1189,1171,1087
36.313355,193,186,241,412,384,394,394,347,258,1270,593,1116,426,448,436,428,857,1273,904,1121,1251,467,554,500,1317,740,1391,1179,391,1213,565,1224,487,1440,512,1206,967,1150,1072,1166,441,445,530,1279,1170,1147,1148,1179,1297,1276,1179,1203,1241,1145,1071,1168,1383,1280,1242,1035,1198,1161,1196,1087
36.563665,216,179,171,215,384,394,426,369,258,1270,593,1116,426,448,489,446,857,1273,904,1263,1251,467,607,580,1317,740,1391,1179,391,1148,1089,621,487,1272,512,1238,967,1149,1099,1167,441,445,530,1279,1170,1147,1148,1179,1297,1276,1179,1221,1241,1169,1071,1117,1341,1240,1217,1196,1170,1165,1167,1087
36.814631,213,172,170,192,253,394,415,364,258,1270,593,1116,426,448,518,467,857,2853,904,1263,1251,1213,611,519,1354,740,1183,1179,391,1148,1140,1120,487,1272,512,1238,967,1148,1139,547,441,445,530,1279,1170,1147,1148,594,1301,1237,1179,1233,1241,1169,1071,1193,1341,1240,1186,1196,1198,1151,1167,1087
37.076260,197,182,182,213,245,394,428,354,258,1270,593,1116,426,448,541,467,857,2853,904,1224,1251,1192,1087,584,1354,1301,1183,1179,391,1178,1091,1120,487,1272,512,1238,967,1165,1139,1117,1279,445,530,1279,1170,1147,1109,1091,1330,1224,1179,1203,1093,1140,1071,1120,1366,1240,1182,1196,1183,1205,1203,1087
37.328740,196,185,188,209,228,394,442,356,258,1394,593,1294,1319,1182,585,463,857,2853,904,1224,1237,1166,1087,584,1354,1301,1183,1179,391,1136,1091,1120,487,1272,512,1188,967,1161,1139,1114,1279,445,530,1279,1170,1147,1109,1145,1264,1224,1179,1183,1093,1198,1071,1161,1366,1240,1291,1196,1186,1205,1165,1087
37.589907,193,180,191,203,209,394,458,381,258,1306,593,1294,1319,1151,543,474,857,2853,904,1224,1207,1164,1087,584,2122,1301,1183,1179,391,1136,1091,1108,487,1272,512,1188,967,1265,1139,1112,1279,445,530,1213,1170,1147,1109,1141,1290,1224,1179,1156,1159,1198,1071,1147,1377,1240,1248,1196,1152,1205,1184,1087
37.841329,190,155,153,181,209,394,449,405,258,1306,593,1294,1319,1150,491,490,857,2853,904,1224,1207,1105,1075,584,2122,1301,1183,1179,391,1136,1091,1115,487,1264,512,1188,967,1265,1139,1156,1279,3893,530,1207,1170,1176,1094,1141,1290,1224,1179,1186,1159,1100,1071,1167,1377,1240,1251,1196,1152,1205,1184,1160
38.092695,215,163,157,193,1310,394,458,407,258,1306,593,1294,1319,1150,540,492,857,2853,904,1311,1207,1105,1129,883,2122,1301,1265,1179,391,1136,1091,1116,487,1264,512,1187,967,1119,1139,1168,1279,3893,530,1206,1170,1178,1094,1141,1416,1192,1179,1236,1159,1100,1071,1149,1377,1240,1199,1178,1084,1159,1150,1160
38.344412,216,156,150,152,199,394,431,381,258,1306,593,1294,1135,1150,671,473,857,2853,904,1311,1207,1202,1119,1037,1292,1301,1265,1179,391,1167,1110,1060,487,1264,512,1187,967,1119,1139,1128,1264,3893,530,1206,1170,1138,1175,1127,1322,1241,1179,1174,1159,1100,1071,1139,1377,1240,1251,1195,1084,1151,1182,1160
38.594853,220,173,171,236,267,394,531,408,258,1306,593,1294,1135,1150,677,514,857,2853,904,1311,1237,1143,1094,1165,1292,1301,1265,1193,391,1137,1110,1139,487,1264,512,1187,967,1118,1139,1132,1291,3893,530,1206,1170,1204,1076,1135,1286,1228,1179,1183,1131,1100,1071,1149,1377,1240,1113,1195,1145,1140,1174,1160
38.845241,185,197,199,236,267,394,548,452,258,1306,593,1294,1179,1131,659,475,857,2853,904,1311,1237,1143,3431,1165,1292,1301,1265,1193,391,1145,1110,1139,487,1264,1178,1183,967,1139,1139,1176,1235,3893,530,1206,1170,1204,1153,1119,1286,1187,1179,1210,1131,1100,1071,1120,1325,1240,1113,1195,1147,1101,1174,1160
39.095600,227,220,199,236,267,1116,593,467,1320,1306,593,1294,1266,1166,653,554,857,2853,904,1311,1104,1162,3431,1133,1292,1301,1265,1193,391,1159,1110,1118,487,1264,1178,1132,967,1130,1116,1119,1235,1171,530,1206,1170,1134,1065,1081,1286,1242,1179,1106,1190,1136,1071,1130,1325,1202,1131,1195,1147,1122,1101,1160
39.345602,227,220,199,236,267,1132,968,499,1320,1306,593,1294,1207,1101,1074,607,857,2853,904,1311,1207,1162,1090,567,1292,1301,1265,1193,391,1165,1110,1148,487,1264,1178,1132,967,1126,1116,1135,1235,1171,530,1206,1170,1134,1065,1081,1286,1174,1179,1106,1190,1136,1071,1154,1209,1202,1212,1195,1147,1179,1155,1160
39.595845,227,220,199,1247,267,1132,968,499,1320,1306,593,679,1203,1101,1074,1089,857,2853,904,1311,1207,1154,1092,682,1292,1301,1265,1193,391,1189,1077,1003,487,1264,1178,1132,967,1129,1081,1054,1235,1171,530,1206,1170,1134,1145,1081,1259,1169,1179,1106,1190,1107,1071,1156,1209,1202,1151,1195,1147,1176,1131,1160
39.845847,227,220,199,1247,267,1132,968,499,1320,1306,593,679,1203,1101,1074,1086,857,2853,904,1311,1097,1154,1092,742,1292,1301,1265,1193,391,1148,1065,1053,487,1264,1178,1132,967,1122,1099,1075,1235,1171,530,1083,1170,1134,1128,1081,1238,1169,1179,1106,1190,1107,1120,1082,1209,1202,1199,1195,1147,1138,1139,1160
40.097781,227,220,199,1281,1226,1132,968,499,1320,1286,593,679,1183,1101,1074,766,857,2853,904,1311,1097,1066,955,1052,1292,1301,1265,1193,391,1148,1117,1089,487,1264,1178,1132,967,1082,1130,1157,1235,1171,530,1095,1170,1134,1116,1081,1238,1253,1179,1135,1190,1150,1118,1107,1209,1202,1282,1195,1176,1122,1157,1160
40.348367,227,220,199,1281,1236,1132,968,499,1320,1279,1310,679,1235,1101,1074,769,857,2853,904,1311,1097,1170,1111,1083,1292,1301,1265,1193,391,1148,1117,1096,487,1264,1178,1132,967,1082,1172,1110,1235,1171,1257,1095,1170,1134,1137,1094,1326,1167,1179,1119,1190,1150,1112,1137,1209,1202,1151,1195,1196,1139,1125,1160
40.598587,227,220,199,1281,1229,1132,1116,708,1320,1279,1310,1128,1235,1178,1117,744,857,1317,904,1311,1097,1207,1124,1132,1292,1301,1132,1193,391,1148,1121,1121,487,1264,1178,1132,967,1082,1148,1156,1235,1171,1257,1153,1170,1134,1112,1013,1326,1219,1179,1119,1082,1150,1112,1116,1209,1202,1218,1195,1196,1147,1136,1160
40.848710,227,220,199,1281,1338,1132,983,708,1320,1279,1310,1128,1235,1153,1032,963,857,1317,904,1311,1097,1166,1124,1012,1292,1301,1132,1193,391,1148,1101,1061,487,1264,1178,1132,967,1128,1114,1159,1270,1171,1257,1197,1170,1134,1118,1133,1326,1219,1179,1161,1082,1150,1112,1161,1209,1202,1200,1195,1210,1147,1169,1160
41.098788,227,220,199,1281,1213,1132,983,708,1320,1279,1310,1128,1235,1153,1032,1105,857,1317,904,1311,1141,1120,1124,1089,1292,1301,1132,1124,391,1116,1185,1064,487,1264,1178,1132,967,1148,1114,1077,1312,1171,1288,1197,1170,1134,1118,1140,1340,1219,1179,1030,1082,1134,1112,1125,1209,1202,1194,1195,1110,1147,1151,1160
41.348843,227,1291,199,1281,1206,1132,983,708,1320,1279,1310,1128,1169,1153,1032,1108,857,1317,904,1311,1141,1194,1138,1120,1292,1301,1132,1124,391,1181,1147,1078,487,1264,1178,1132,967,1121,1107,1091,1312,1171,1288,1123,1170,1134,1118,1157,1340,1219,1179,1208,1082,1134,1112,1121,1209,1202,1249,1195,1110,1164,1161,1160
41.598908,227,1291,199,1227,1211,1132,983,1072,1320,1279,1310,1128,1109,1169,1032,1197,857,1317,904,1311,1130,1158,1138,1096,1292,1301,1132,1124,391,1123,1123,1093,487,1264,1178,1132,967,1094,1107,1139,1312,1171,1288,1123,1170,1134,1118,1043,1340,1186,1179,1120,1082,1070,1112,1112,1403,1202,1236,1195,1091,1164,1111,1160
41.849089,227,1291,199,1236,1231,1132,983,1072,1320,1279,1310,1128,1109,1169,1032,1079,857,1213,904,1311,1102,1048,1138,1083,1292,1301,1132,1124,391,1123,1089,1123,487,1264,1178,1132,967,1114,1107,1087,1312,1171,1288,1275,1170,1134,1161,1075,1340,1186,1179,1125,1082,1207,1112,1097,1403,1202,1207,1195,1106,1133,1100,1160
42.099973,227,1291,199,1211,1179,1132,983,719,1320,1279,1310,1162,1109,1169,1132,1078,857,1213,904,1311,1182,1121,1138,1158,1292,1301,1132,1124,391,1148,1089,1143,487,1264,1178,1132,967,1104,1107,1092,1312,1171,1288,1275,1170,1134,1161,1075,1340,1262,1179,1107,1082,1207,1112,1106,1403,1202,1239,1195,977,1133,1118,427
42.350324,227,1321,199,1285,1179,1132,1096,675,1320,1190,1163,1162,1109,1169,1111,1178,857,1213,904,1311,1187,1103,1138,1180,1292,1118,1132,1166,391,1148,1198,1087,487,1264,1178,1210,967,1075,1107,1089,1312,1171,1288,1127,1170,1134,1062,1084,2903,1262,1179,1116,1082,1207,1112,426,1403,1202,1229,1195,977,1112,1140,414
42.756377,227,1321,1284,1285,1218,1132,1092,484,1320,1190,1163,1197,1181,1169,1084,536,857,1191,904,1311,1097,1126,1026,1040,1292,1118,1154,1133,391,1148,1116,1090,487,1264,1178,1210,967,1123,1107,1066,1312,1171,1288,1188,1170,1105,1105,1083,2903,1186,1179,1135,1082,1207,1112,418,1403,1202,1224,1195,1103,717,1128,407
43.006752,227,1288,1235,1285,1111,1132,1092,619,1320,1190,1163,1197,1073,1169,1084,926,857,1191,904,1171,1065,1126,1047,1087,1292,1164,1154,1133,391,1132,1116,1063,487,1264,1178,1093,967,1041,1107,1051,1312,1061,1288,1188,1170,1105,1105,1090,2903,1310,1179,1110,1082,1207,1112,1103,1403,1202,1149,1195,1103,1092,566,438
43.257776,227,1288,1235,1285,1144,1140,1092,908,1320,1167,1163,1142,1241,1169,1040,1085,857,2198,904,1130,1104,1126,1157,1087,1292,1164,1138,1133,391,1112,1116,1087,487,1264,1178,1061,967,1123,1107,1055,1312,1061,1288,1188,1170,1105,1105,1071,1349,1310,1179,1146,1082,1207,697,490,1403,1202,1200,1195,1103,1092,577,375
43.509702,227,1288,1235,1146,1170,1164,1077,1003,1320,1254,1137,1142,1004,1169,1064,1086,857,1107,904,1130,1104,1107,1157,1090,1282,1164,1138,1165,391,951,1116,1087,487,1264,1178,1061,967,1095,1054,1051,1312,1061,1288,1093,1170,1192,1057,600,1349,1310,1179,1190,1082,1207,697,500,1342,1202,1190,1195,1129,1130,679,338
43.760826,227,1243,1235,1146,1170,1133,1082,573,1320,1254,1137,1142,4443,1169,1081,952,857,1107,904,1130,1104,1107,1157,1000,1282,1164,1138,1165,391,1062,1116,1082,487,1264,1178,1109,1116,1160,1054,649,1312,1061,1288,1074,1170,1192,1057,556,1349,1161,1179,1167,1099,1080,697,442,1342,1202,1270,1195,1129,1051,667,314
44.012555,227,1263,1235,1146,1072,1133,1085,591,1320,1139,1137,1114,1097,1169,1014,770,857,1107,904,1086,1065,1098,993,1020,1276,1164,1138,1165,391,1074,1064,1082,487,1264,1178,1148,1116,1003,1054,1039,1156,1061,1288,1201,1170,1192,1091,607,1349,1198,1179,1109,1099,1080,697,425,3341,1206,1098,1195,1031,1051,680,311
44.262555,227,1278,1235,1191,1135,1133,1128,654,1320,1212,1137,1114,1097,1169,1036,1023,857,1212,904,1086,1100,1067,1056,1020,1276,1164,1138,1114,391,1107,1021,1069,487,1264,1178,1104,1116,1103,1058,1068,1156,1061,1288,1201,1097,1192,1091,629,1349,1198,1179,1084,1099,1080,697,581,3341,1206,1138,1195,1081,1051,1160,511
44.512578,227,1278,1235,1191,1120,1133,1031,808,1215,1185,1137,1114,1097,1169,1064,1032,857,1212,904,1086,1104,1097,1056,1051,1276,1164,1138,1186,391,1076,1021,1056,487,1264,1178,1023,1116,1077,1058,1097,1176,1061,1288,1059,1052,1046,1016,639,1349,1158,1179,1084,1099,1082,697,1086,3341,1206,1153,1195,1131,1091,1113,511
44.762651,227,1278,1235,1104,978,868,1082,1093,1215,1185,1185,1114,1036,1029,1082,1073,857,1106,904,1086,1054,1099,1034,1046,1276,1164,1138,1186,391,1076,1021,1070,487,1264,1178,1023,1116,1025,1058,1055,1144,1061,1288,1059,1075,1046,1021,743,1183,1103,1179,1025,1099,1082,697,1081,1240,1206,1079,1195,1118,1095,1125,511
45.013050,227,1135,1235,1104,770,1090,1103,1119,1215,1163,1185,1083,945,1052,1082,1100,857,1112,904,1031,1074,1077,1034,1028,1276,1078,1138,1044,391,1032,1021,1063,487,1264,1178,1007,1116,1025,1009,1049,1207,1061,1288,1059,1044,1013,1021,1102,1217,1115,1179,1025,1099,1082,697,1060,1240,1206,1091,1195,1073,1057,1046,511
45.263051,227,1135,1235,1060,951,500,467,450,1215,1108,1114,1050,974,1052,1082,1110,857,1112,904,1031,1078,1034,1034,1028,1276,1144,1138,1044,391,1032,1021,1062,487,1264,1077,1007,1116,1108,1009,1053,1207,1061,1288,1059,1044,871,1021,1102,1217,1125,1179,1037,1099,1082,697,1152,1240,1206,1113,1195,1088,1080,1113,511
45.513071,227,1135,1235,1060,977,957,345,329,1215,1130,1129,1050,1022,406,391,369,857,1112,904,1031,1107,1054,393,1028,1122,1144,1138,1044,391,1032,1021,1058,487,4567,1077,1007,1116,1027,1009,1099,1207,1061,1288,1059,1073,871,1182,1090,1151,1163,1179,1055,1099,1082,697,1082,1240,1206,1086,1195,1138,1082,1067,511
45.763080,227,1135,1128,1159,1068,1045,470,390,1215,1130,1129,1050,1064,406,528,498,857,1112,904,1031,1118,436,813,608,1122,1144,1138,1044,391,1108,991,1114,487,4567,1077,1077,1116,1027,1043,1094,1207,1061,1288,1059,1073,1081,1182,1090,1151,1116,1179,1055,1099,1116,1085,1085,1240,1206,1158,1195,1066,1082,1135,511
46.013209,138,127,152,215,128,1102,470,475,1215,1280,1129,1174,1014,406,528,664,857,1112,904,1108,1118,1075,813,921,1186,1144,1138,1044,391,1108,979,999,487,4567,1077,1077,1116,1057,1043,1023,1207,1061,1288,1154,1089,1055,1074,1064,1151,1207,1179,1055,1099,1116,1085,1026,1240,1206,1219,1195,1068,682,680,717
46.263601,155,150,132,125,107,103,104,200,118,135,128,126,121,106,528,1117,115,149,168,222,187,1075,813,1001,170,1144,1138,1044,391,227,979,1035,487,4567,1077,1077,1116,1057,1043,1047,1207,1061,1288,1214,1089,1055,1074,1043,1151,1207,1179,1055,1099,1116,1085,1039,1240,1206,1268,1195,1170,670,659,672
46.513714,119,133,131,132,120,115,111,110,120,126,128,122,122,114,113,106,112,127,120,116,122,116,110,108,113,110,109,111,123,118,125,991,100,100,103,114,124,127,128,1057,89,95,110,107,128,128,1045,125,75,95,101,119,125,155,117,1017,104,97,136,106,148,684,657,669
46.763720,132,141,142,143,134,126,122,116,123,136,142,133,129,126,118,115,122,138,138,136,135,124,120,115,120,125,129,131,134,123,118,115,116,117,121,131,132,125,121,117,100,114,115,127,134,127,127,123,93,107,116,118,125,136,129,1051,97,107,110,118,309,708,679,694
47.014433,127,164,170,156,144,135,132,128,138,160,165,155,141,135,128,125,142,155,154,149,142,134,129,122,134,145,141,155,144,136,128,126,124,133,137,153,147,136,132,128,112,131,134,148,145,139,133,131,113,125,138,140,144,146,141,1083,112,129,133,147,148,157,706,718
47.264736,146,183,186,164,161,148,135,132,156,174,186,168,147,144,133,128,162,169,181,165,151,140,132,123,155,162,163,163,147,140,130,126,142,151,158,160,148,142,134,127,129,147,155,174,152,143,135,132,132,145,163,161,157,146,140,132,136,147,154,167,172,161,151,149
47.520462,177,213,203,183,173,156,148,147,171,195,210,176,170,156,145,140,176,197,199,177,167,156,144,134,171,183,186,178,165,152,144,136,156,172,183,179,168,152,143,136,147,175,179,181,165,160,145,140,154,168,177,182,172,164,153,138,156,168,172,182,183,173,154,150
47.771656,182,205,201,193,175,163,152,145,190,204,201,190,170,160,145,141,196,204,198,181,175,162,146,138,177,199,194,182,170,157,144,140,169,185,199,180,172,157,147,141,168,192,189,190,178,165,151,144,177,187,203,198,186,170,157,146,179,208,205,205,210,1106,1109,170
48.021764,208,224,199,189,174,162,152,148,206,212,205,196,176,159,150,145,209,215,203,185,173,162,148,137,199,219,201,193,172,158,151,140,200,216,195,187,170,164,152,141,207,216,202,196,177,162,155,146,209,214,213,207,209,980,166,973,212,218,215,214,215,997,1004,160
48.271945,226,209,208,189,177,161,167,164,225,227,203,193,172,162,158,156,230,213,207,187,172,161,152,146,223,210,204,183,171,157,150,147,227,215,208,190,174,163,153,152,235,227,212,192,178,164,157,151,688,253,216,216,187,177,165,884,1199,224,1077,218,957,210,894,181
48.522573,223,205,205,192,173,163,160,154,230,212,201,182,172,157,153,144,227,213,210,185,169,156,148,144,221,214,210,185,169,157,148,142,232,218,210,193,172,159,151,146,250,224,220,206,181,168,154,153,245,239,219,218,218,195,184,858,225,244,981,221,914,877,863,837
48.772573,189,163,160,149,140,130,128,130,183,169,159,140,134,126,122,118,181,169,154,140,132,124,119,114,187,168,157,136,132,120,116,112,176,171,151,138,128,121,116,115,197,163,155,140,135,121,119,116,188,176,164,156,148,142,135,788,196,173,169,156,155,856,835,825
49.022580,158,142,136,132,125,126,121,117,155,140,131,125,119,114,113,243,154,137,132,121,116,111,110,110,151,129,128,116,111,106,107,106,154,133,121,118,111,106,104,108,145,130,126,116,114,107,108,109,151,142,128,119,115,111,110,112,158,143,138,130,129,122,123,121
49.272590,162,144,136,129,119,114,105,102,159,133,128,118,115,107,103,101,156,124,120,112,109,102,102,95,146,123,115,108,103,99,96,95,134,122,112,106,102,95,93,93,136,121,111,105,101,94,91,91,132,123,111,106,98,96,93,90,151,121,113,106,1062,96,94,93
49.522722,206,214,214,169,170,140,138,129,200,213,177,182,142,157,121,129,202,175,173,143,143,122,124,109,202,188,143,157,122,132,110,111,201,170,157,134,131,114,110,101,169,175,137,145,113,114,100,99,168,160,144,122,117,106,103,95,162,157,126,129,111,111,97,94
49.773260,248,287,247,282,719,360,341,264,281,291,283,286,355,325,269,253,279,282,299,295,304,275,266,229,282,293,269,287,266,276,232,231,267,261,253,251,265,255,239,199,242,255,235,236,234,244,212,187,238,221,225,218,227,217,207,163,212,210,192,200,204,208,172,170
50.024954,248,287,247,2996,2994,615,695,442,281,291,362,286,321,789,545,395,279,282,299,295,352,802,444,350,319,356,359,347,307,323,326,314,301,327,318,305,293,287,295,289,285,281,306,275,262,258,263,275,269,280,282,271,247,246,237,255,267,246,243,235,224,218,220,230
50.275265,248,287,247,2996,2988,615,661,435,281,291,362,286,3085,789,556,405,279,282,299,295,352,722,473,373,319,356,359,351,328,343,384,327,301,327,303,318,299,296,297,285,285,281,305,277,258,256,264,267,269,315,277,271,254,242,236,240,1131,271,248,239,231,211,214,217
50.525821,248,287,247,2996,2994,615,641,422,281,291,362,286,3051,789,557,377,279,404,299,295,355,759,473,363,319,356,359,313,339,342,354,316,301,327,339,315,298,305,280,308,285,281,306,290,262,264,262,276,269,308,276,281,254,243,249,244,1131,272,259,246,228,221,218,223
50.776162,248,287,247,2979,2977,765,572,391,281,291,362,286,3051,722,477,359,279,404,299,295,403,463,403,340,348,341,308,327,340,341,351,292,301,327,313,311,294,282,292,310,285,300,312,268,256,264,268,278,269,281,276,254,246,242,242,242,272,243,242,232,227,222,218,221
66.683638,305,373,371,368,3188,3168,430,404,364,395,347,380,449,410,385,299,327,336,385,355,349,336,286,275,358,335,345,334,316,326,286,248,426,360,330,312,304,286,250,210,475,324,456,368,314,257,227,200,2231,450,404,328,274,235,217,214,319,461,355,274,251,272,415,271
66.935608,305,373,413,403,416,390,316,318,370,336,391,378,360,273,269,233,336,336,328,347,297,291,240,199,338,394,322,293,278,234,213,212,364,408,338,292,248,235,234,279,422,340,322,268,255,377,775,898,256,261,272,282,435,485,313,895,248,270,277,304,310,358,926,276
67.186672,289,296,266,248,227,216,221,226,346,267,258,243,233,278,256,1020,281,269,283,288,330,295,295,334,275,309,559,354,330,959,223,904,298,311,352,415,319,333,297,848,308,385,362,424,402,925,807,795,546,501,369,371,496,830,796,758,392,907,933,441,875,798,761,743
67.437363,275,253,241,249,262,289,268,308,264,359,416,322,348,280,256,984,278,321,403,318,335,872,295,929,308,352,379,349,322,903,375,867,390,473,386,485,922,945,875,866,444,432,482,865,697,859,807,791,779,961,938,893,386,818,804,781,392,966,927,830,845,804,777,778
67.688689,252,256,634,341,272,289,268,308,270,427,393,321,284,280,961,972,298,339,366,420,336,1002,295,881,349,440,438,421,916,885,884,862,485,407,391,563,873,882,822,835,917,432,482,837,861,844,812,831,986,947,938,861,837,828,796,788,1030,942,883,878,851,809,794,779
67.939891,248,447,707,322,1029,289,268,308,267,340,407,361,284,280,927,949,307,349,395,363,1008,961,295,883,413,423,452,506,916,835,882,887,446,407,944,613,868,819,853,843,959,432,482,776,853,799,787,790,977,908,888,832,828,798,808,781,918,924,875,825,819,814,798,789
68.191800,251,487,726,441,1019,289,981,308,284,328,350,361,1030,922,886,935,343,391,439,363,824,867,915,860,460,1023,531,798,848,878,882,859,446,386,906,842,868,837,844,819,941,432,482,922,804,835,801,804,916,925,861,816,822,806,784,802,962,896,862,814,822,796,800,824
68.445058,237,409,504,972,942,957,1005,308,278,305,385,918,934,922,891,901,337,390,408,880,877,878,915,865,473,405,482,581,848,859,803,866,446,386,915,841,822,822,831,799,920,888,852,835,814,848,814,809,974,937,873,817,838,785,794,798,993,893,831,825,823,792,774,805
68.698317,234,330,446,894,1029,920,948,308,266,295,348,918,871,922,943,899,315,393,402,880,828,906,915,858,473,423,425,569,862,853,867,824,446,410,870,882,822,819,817,827,939,997,852,823,781,793,751,801,952,891,873,846,823,807,799,781,978,877,858,843,812,792,792,771
68.951761,229,306,452,918,1010,920,941,308,266,303,348,921,926,883,912,910,323,383,407,414,876,876,915,870,469,958,933,583,876,847,807,812,446,410,894,897,845,860,820,835,972,997,919,840,841,826,792,820,995,946,861,877,813,849,800,790,994,936,865,869,799,805,786,822
69.204035,226,311,422,945,945,935,915,308,264,295,340,955,878,883,874,902,318,385,406,395,822,905,915,833,483,958,382,544,853,776,807,841,924,400,889,893,825,838,820,835,997,997,844,869,806,825,814,801,962,943,857,847,840,834,796,770,974,874,829,808,836,807,803,799
69.454706,236,454,820,944,935,982,928,308,268,311,405,903,947,917,913,872,327,388,432,413,931,928,821,850,473,886,382,847,857,874,820,837,924,400,849,820,857,778,820,812,909,844,803,805,785,825,803,779,1008,895,854,839,803,803,792,817,962,881,873,854,793,824,820,808
69.706227,232,490,751,944,1010,971,928,941,255,305,405,889,887,920,924,954,302,348,420,910,846,868,821,898,433,389,465,901,865,888,820,853,924,914,878,654,857,792,820,841,935,844,918,872,856,825,803,793,916,887,857,830,803,797,771,779,918,874,813,838,788,793,776,795
69.958494,249,506,759,944,1091,971,928,941,270,327,338,1060,887,938,912,964,312,355,426,943,874,900,821,908,440,400,461,869,865,866,885,833,957,427,878,737,838,824,877,834,909,844,918,846,847,810,840,806,902,849,835,813,806,850,788,792,939,852,835,820,797,810,792,793
70.210121,267,291,319,944,365,1035,1026,941,289,350,343,1060,887,938,912,1026,325,374,375,943,939,968,884,981,409,478,511,937,865,866,885,894,957,427,878,692,866,869,884,857,927,844,918,900,862,803,857,866,933,917,870,861,859,853,839,825,942,903,892,855,773,824,820,855
70.461104,335,333,326,347,375,343,1026,941,301,352,413,421,421,938,912,986,353,389,452,385,394,939,969,981,426,512,438,573,865,953,893,942,577,427,1016,987,866,869,883,902,931,844,895,905,896,803,864,963,1060,1009,870,896,906,911,863,862,1061,1015,898,898,917,877,876,900
70.711404,343,359,393,433,371,343,1026,941,350,411,443,421,482,938,912,1120,407,476,566,446,394,939,411,1037,594,548,427,768,865,1036,893,994,577,427,1016,1040,866,985,883,943,1083,844,895,974,896,906,864,926,1068,1033,985,948,968,923,922,902,1107,1028,993,906,939,948,912,902
70.961536,380,441,503,433,425,343,1026,941,460,553,576,421,482,938,912,1130,667,623,598,791,1065,1065,411,1047,949,548,427,768,865,1065,893,981,577,427,1016,1003,866,988,964,1004,1083,983,895,974,979,906,925,965,1098,1016,985,1029,968,923,918,953,1153,1036,988,980,949,939,945,946
71.211977,537,614,671,1200,1157,343,1026,941,720,701,629,1085,482,938,912,1078,741,623,1017,791,1066,1065,411,1025,1030,548,1056,768,865,992,893,990,577,427,1026,972,866,1003,964,948,1120,1065,1094,946,983,906,988,915,1039,1021,985,1003,961,912,926,915,1110,1002,986,917,957,953,962,930
71.462468,704,761,704,1200,1157,1168,1026,941,742,701,629,1014,482,938,1035,1055,741,1112,1017,1041,1084,1065,1033,1059,1030,548,1056,992,865,906,893,1002,577,427,1026,986,866,980,964,954,1077,1065,1094,949,983,906,988,926,1039,985,973,921,961,961,920,905,1056,989,946,942,906,918,919,936
71.712492,829,768,704,1200,1191,1168,1026,941,742,1210,629,1012,1083,938,1043,1116,741,1109,1061,1038,1084,1016,1033,987,1030,1067,1056,985,865,980,893,973,577,427,1026,1038,866,943,969,968,1077,1065,1094,958,978,906,926,984,988,975,973,950,961,910,920,898,1066,1003,944,976,941,914,902,874
71.962931,829,768,704,1087,1111,1169,1160,941,1123,1210,629,1012,1083,938,1043,1096,741,1098,1061,1050,1100,1013,1033,1015,1204,1099,1044,988,1017,980,893,973,577,1029,1026,958,866,926,969,931,1076,1065,1094,1032,978,986,926,905,1052,998,973,976,959,860,926,892,1091,1003,948,976,934,911,888,888
72.213353,829,768,704,1112,1141,1169,1160,941,1123,1210,629,1076,1015,938,1048,1047,741,1098,1061,1050,1024,1013,1033,1017,1139,1099,1044,968,1013,986,952,950,577,1029,1026,985,866,924,938,1023,1076,1065,977,913,978,986,876,951,969,953,973,957,959,873,891,907,1091,998,951,946,901,912,913,908
72.463781,829,1419,704,1183,1094,1169,1160,941,1123,1056,629,1076,991,938,1050,1045,741,1133,995,1080,994,978,1033,1017,1139,1099,1044,968,985,1021,951,982,577,1015,1026,966,866,950,938,960,1076,1065,977,899,917,986,876,979,1071,1004,973,963,937,939,931,923,1047,961,983,940,892,926,950,926
72.716285,829,1419,704,1183,1167,1169,1160,941,1123,1056,629,1076,1127,938,1050,1080,741,1133,995,1080,1063,954,983,1028,1139,1099,1044,980,985,1007,970,972,577,1044,1026,1001,866,956,938,929,1076,1065,977,943,939,850,884,942,1071,1025,973,927,967,958,936,919,1144,1027,1011,930,941,928,922,951
72.972225,829,1419,704,1163,1172,1169,1160,941,1123,1056,629,1085,1058,938,1050,1063,741,1133,995,1080,1109,1099,983,1022,1139,1099,1044,980,985,1056,970,1007,577,1044,1026,1001,866,970,963,971,1076,1065,977,959,909,850,933,1021,1071,1106,973,968,913,963,959,982,1104,1027,1053,972,960,967,957,975
73.225118,829,1341,704,1163,1160,1169,1132,941,1187,1056,629,1085,1058,938,1050,1058,741,1133,995,1080,1109,1099,1040,1037,1196,1099,1044,980,985,1056,1016,1008,577,1044,1026,1077,866,970,963,967,1122,1065,977,959,909,961,933,983,1184,1071,973,968,913,954,934,943,1104,1027,1019,1008,949,989,954,951
73.475689,829,1341,704,1163,1141,1169,1132,941,1187,1056,1079,1085,1058,938,1050,1062,741,1133,995,1080,1109,1099,1040,968,1196,1099,1044,1097,985,2731,986,994,577,1044,1026,1060,866,992,963,1001,1122,1065,977,1064,965,961,933,939,1184,1010,1047,1015,913,938,942,902,1104,1072,1011,1008,977,930,946,960
73.726504,829,1341,704,1163,1189,1169,1132,941,1187,1158,1079,1072,1058,938,1050,1071,741,1111,995,1080,1006,1005,1040,1114,1108,1114,1044,1022,985,986,986,1000,577,1044,1026,1025,866,992,963,929,1126,956,977,1009,1018,900,987,946,1184,1064,1047,924,886,938,937,941,1161,1057,993,988,913,950,922,960
73.977288,829,1341,704,1163,1092,1169,1132,941,1187,1158,1079,1072,1048,938,1046,1104,741,1111,995,981,1073,995,1040,935,1108,1114,1044,1042,985,997,986,1008,577,1092,1026,1003,866,898,969,940,1154,956,977,862,950,995,960,940,1184,1103,1047,991,1007,956,941,947,1161,1039,1013,988,1022,932,936,936
74.227542,829,1341,704,1163,1191,1151,1132,941,1187,1158,1079,1072,1048,938,1039,996,741,1111,995,1121,1076,1074,1021,995,1108,1114,1044,1077,985,978,1017,979,577,1092,1026,1037,866,962,969,944,1154,956,977,1034,950,969,970,974,1184,1149,1047,991,994,920,941,957,1161,1039,1067,1020,1024,980,987,975
74.637441,829,1315,704,1218,1144,1109,1028,1003,1187,1224,1079,1103,1055,938,1004,1070,741,1111,995,1121,1076,1074,1021,1002,1252,1114,1044,1077,1020,1120,964,972,577,1092,1026,1080,866,1011,1002,955,1154,956,977,1090,1031,1011,969,942,1323,1145,1047,1044,994,994,972,967,1219,1039,1138,1020,1004,1011,1006,960
74.888480,829,1315,704,1037,1130,1056,1072,1003,1187,1151,1079,1103,1028,938,1004,1055,741,1111,995,1121,1011,1032,1021,1006,1252,1114,1044,1077,1020,991,964,1005,577,1092,1026,1080,866,979,974,980,1154,956,977,1013,1031,1011,969,915,1180,1136,1047,967,994,994,968,977,1219,1039,1139,1020,1023,1003,985,992
75.138843,829,1315,704,1037,1130,1039,973,927,1187,1151,1087,1084,1028,938,1034,1008,741,1116,995,1121,1081,1037,1021,984,1252,1114,1044,1077,1020,991,964,989,577,1092,1026,1060,1033,932,961,1006,1154,956,977,1025,1031,1018,969,999,1180,1128,1080,1011,944,969,968,1009,1219,1039,1126,1020,1043,988,995,975
75.389746,829,1315,704,1037,1123,1078,1014,1029,1187,1151,1094,1098,1028,938,1035,1040,741,1131,1122,1084,1081,1051,1021,982,1252,1114,1044,1060,1020,1008,964,988,577,1092,1026,1058,1033,968,961,981,1182,956,977,1026,1031,1018,971,965,1166,1128,1080,1050,1034,1042,1028,983,1140,1039,1069,1020,980,1012,1000,1012
75.641557,829,1315,704,1182,1050,1090,1043,980,1187,1183,1094,1098,1047,938,1055,996,741,1131,1122,1084,1076,1045,1021,1037,1252,1114,1084,1060,1020,1004,964,988,577,1092,1026,1058,1033,1000,961,999,1182,956,977,1042,1060,1018,979,1003,1166,1164,1080,1050,1029,1013,1028,1002,1273,1039,1152,1020,1010,1043,1040,1012
75.892698,829,1315,704,1182,1087,1079,1081,884,1187,1183,1094,1098,1091,1050,1038,919,741,1177,1122,1084,976,1006,1021,938,1252,1114,1084,1060,1020,946,964,984,577,1092,1026,1102,1033,968,961,955,1203,956,977,1066,1060,983,964,984,1217,1143,1080,1029,1029,1013,1028,976,1273,1039,1089,1020,1081,1030,993,1012
76.142854,829,1315,1201,1182,1074,1069,1057,952,1187,1183,1094,920,1029,1055,1029,997,741,1222,1122,1041,1045,1028,964,994,1252,1114,1084,1096,1020,1038,964,997,577,1092,1026,1107,1033,1029,961,993,1203,956,977,1066,1060,983,964,898,1245,1209,1080,1029,1029,1013,982,978,1273,1210,1092,1020,1053,1021,1029,990
76.392972,829,1315,1201,1182,1088,1082,1036,1038,1187,1183,1094,920,1067,1055,1036,1046,741,1222,1122,1041,1045,1076,964,1023,1252,1114,1084,1017,1020,1054,1032,994,577,1092,1026,1107,1033,965,961,962,1203,956,977,1066,1060,983,964,989,1245,1148,1080,997,1029,1013,999,1011,1347,1138,1101,1052,1045,1027,1017,1045
76.642974,829,1315,1201,1182,1108,1082,1040,810,1187,1184,1094,920,1027,1055,980,901,741,1240,1122,1041,1067,1016,964,930,1252,1114,1084,1044,1020,951,1032,1008,577,1092,1026,1107,1033,999,967,982,1200,1149,977,1066,1060,983,1017,950,1245,1195,1080,1043,1029,926,999,994,3847,1138,1112,1078,1019,998,982,1045
76.892975,829,1315,1201,1182,1059,1082,1050,841,1187,1184,1094,1082,1027,1055,1017,961,741,1230,1122,1041,1090,1034,1028,993,1260,1114,1066,1075,1020,1029,1032,979,577,1092,1026,1107,1033,999,967,1007,1200,1149,977,987,1060,983,986,930,1245,1099,1080,1006,979,1014,950,984,1348,1138,1106,1078,1019,1043,1007,1001
77.143401,829,1274,1201,1182,1069,1082,1017,970,1187,1184,1094,1082,1139,1055,1023,988,741,1156,1122,1041,1015,1096,1028,1004,1293,1114,1066,1075,1020,1029,1001,964,577,1092,1026,1047,1033,1007,968,958,1244,1149,977,977,1060,983,954,960,1245,1149,1080,1048,1037,995,982,1012,1243,1138,1167,1078,1086,1028,1006,1001
77.393911,829,1257,1201,1182,1043,1082,1029,1007,1187,1862,1094,1112,1087,1048,1032,1012,741,1117,1122,1041,993,1005,1028,1034,1293,1114,1066,1066,1020,1080,1034,999,577,1092,1026,1061,1033,1007,975,979,1244,1087,977,1049,1060,919,954,949,1245,1119,1080,1032,1043,979,975,947,1139,1138,1080,1078,1063,990,975,1001
77.644129,829,1257,1201,1182,1093,1082,1020,1007,1187,1862,1094,1112,1150,1032,1030,964,741,1117,1122,1041,1069,1026,1028,1008,1293,1114,1066,1066,1041,982,966,983,577,1044,1026,1046,986,964,975,986,1244,1087,977,1042,1060,940,948,973,1262,1144,1080,1017,1012,960,975,965,1290,1138,1080,1078,1007,1031,1006,978
77.895177,829,1242,1201,3129,1088,1056,995,974,1187,1257,1094,1112,1084,1050,1022,1059,741,1096,1122,1041,1001,1026,1028,1008,1293,1069,1066,1011,1041,1040,998,981,577,1044,1061,1068,986,997,975,1008,1244,1052,977,1042,1032,940,973,1013,1209,1132,1105,1077,1022,960,990,987,1233,1138,1100,1078,1030,990,1009,978
78.146279,829,1242,1201,1079,1038,1035,1027,974,1187,1257,1094,1112,1037,1050,1025,1019,741,1096,1122,1078,1038,946,1028,965,1293,1193,1066,1011,1041,1081,987,1021,577,1223,1061,1068,986,1025,1022,1011,1244,1052,977,1023,996,940,973,960,1167,1106,1105,1061,1024,1044,1021,1040,1233,1155,1179,1118,1060,1044,1074,1044
78.396511,829,1242,1101,1064,1036,1061,1058,974,1150,1257,1094,1112,1070,1050,1015,1061,741,1104,1122,1078,997,1018,1024,965,1293,1193,1066,1011,1041,1016,987,979,577,1223,1061,1020,986,1057,1016,1015,1244,1052,1067,1023,996,940,973,1056,1167,1106,1105,1061,1024,1111,989,1051,1287,1155,1138,1118,1087,1062,1061,1044
78.647023,829,1242,1090,1028,1052,992,956,974,1150,1114,1094,1112,1109,1050,1015,1020,741,1132,1122,1078,997,978,1024,1026,1293,1016,1066,1011,1041,1070,987,997,577,1223,1061,1032,986,985,1012,961,1244,1184,1067,1023,996,996,973,1057,1226,1148,1105,1034,985,1093,989,999,1287,1155,1118,1048,1040,1043,1023,1050
78.897031,829,1241,1095,1035,1035,1047,1043,916,1150,1114,1094,1112,989,1015,1026,996,741,1132,1122,1078,984,1024,1024,1015,1293,1016,1081,1011,987,1070,987,981,577,1223,1061,950,986,1015,989,1020,1142,1184,1067,1077,978,996,973,1002,1226,1180,1105,1075,985,937,989,970,1287,1155,1108,1048,1035,1012,993,1050
79.148190,829,1241,1063,1095,1026,1054,1019,1034,1150,1136,1094,1112,1050,1012,991,975,741,1090,1122,1078,1001,1030,1024,958,1293,1038,1081,1045,987,1002,987,970,577,1223,1061,1054,986,1015,989,961,1190,1184,1067,1077,978,996,998,964,1018,1181,1105,1074,985,1071,1015,973,1287,1205,1131,1048,1049,1007,1005,1050
79.399079,829,1241,1090,1198,1047,1044,1016,1034,1150,1136,1094,1112,1050,1012,1001,993,741,1090,1122,1055,1005,990,959,989,1293,1038,1081,1014,1040,1002,943,1005,577,1223,1061,1082,986,1045,947,958,1190,1184,1067,1038,978,971,1002,1054,1018,1146,1105,1038,985,1071,1025,1035,1287,1205,1110,1048,1033,1024,1034,1049
79.649973,829,1241,1113,1198,1083,1058,1033,1034,1202,1068,1094,1094,1048,1012,993,1011,741,1083,1122,1055,1042,999,1023,991,1293,1038,1081,1014,1040,980,1011,1008,577,1223,1061,1021,986,1010,967,985,1184,1184,1067,1038,1000,1031,998,1001,1018,1141,1105,1054,985,1071,987,994,1257,1205,1138,1048,1054,1044,993,1049
79.901461,829,1241,1113,1031,1029,1056,1044,1034,1152,1068,1094,1030,1029,996,1012,993,741,1083,1122,1065,956,1069,1023,992,1293,1163,1081,1014,1040,1025,1021,977,577,1223,1061,1069,986,982,957,948,1184,1184,1067,1038,1000,1031,968,1048,1018,1141,1105,1038,985,1026,1020,1001,1257,1205,1078,1048,1063,1052,1023,1072
80.151554,829,1241,1113,1128,1009,1040,1034,953,1152,1160,1094,1030,1029,996,1006,1001,741,1083,1122,990,956,1034,1023,981,1293,1163,3229,1025,1040,1068,973,987,577,1223,1061,1053,986,1048,980,951,1184,1184,1067,1038,1000,1031,951,978,1253,1141,1105,1024,985,1063,976,1030,1257,1205,1078,1048,1097,1007,1033,1072
80.401998,829,1241,1113,1128,1029,1034,1025,957,1152,1160,1094,1030,992,996,993,1025,741,1083,1122,990,956,1034,1002,997,1293,1163,3229,1025,1040,976,964,981,577,1223,1061,1053,986,1020,993,954,1184,1184,1067,1098,1000,1031,945,971,1253,1141,1105,1018,1052,961,1010,965,1365,1205,1115,1048,1108,1046,1011,962
80.652277,829,1241,1162,1128,1094,1053,1046,1007,1152,1160,1094,1111,1051,1019,993,1034,741,1083,1122,990,956,1014,912,989,1293,1163,3229,1017,1040,1023,962,1002,577,1223,1061,1053,986,991,972,994,1184,1184,1067,1098,1023,1031,1019,973,1253,1141,1105,1018,1052,1017,1033,1001,1365,1205,1148,1048,1059,1036,1031,962
80.903341,829,1241,1162,1128,1043,1030,965,1007,1152,1160,1094,1111,1051,1029,952,954,741,1083,1251,990,1068,1006,1104,1039,1293,1163,3229,1079,1040,1023,939,984,577,1223,1061,1036,986,961,960,958,1184,1184,1067,1105,1023,1031,952,1003,1253,1280,1105,1018,1052,1065,1003,1002,1365,1205,1170,1048,1014,1006,1014,1027
81.173406,829,1241,1162,1128,1057,1085,985,978,1152,1138,1094,1111,1017,1023,990,981,741,1083,1251,990,1052,1006,931,979,1111,1163,3229,1009,1040,1027,939,962,577,1223,1061,996,986,970,965,974,1184,1184,1065,1105,1023,1031,941,903,1253,1098,1105,998,951,1065,973,969,1365,1205,1045,1048,998,1011,967,1020
81.423769,829,3180,1162,1114,1082,1076,1028,1016,1152,1138,1094,1111,1063,1026,1007,1018,741,1083,1079,1081,1033,973,1005,1015,1146,1163,3229,1009,1040,1027,896,968,577,1223,1061,1045,986,970,938,967,1184,1184,1065,1105,1023,1031,911,971,1253,1074,1105,961,1001,1065,973,972,1365,1134,1004,985,1000,1000,953,1020
81.673840,829,3180,1162,1114,1078,1087,1103,1046,1152,1202,1094,1111,1063,1019,1007,1011,741,1083,1079,1081,982,1011,959,987,1146,1163,3229,1059,1040,1027,910,959,577,1223,1061,1030,986,970,938,927,1184,1184,1065,962,967,944,911,960,1147,1074,1105,1016,916,1065,945,952,1165,1134,1044,933,970,962,949,947
81.923842,829,3180,1119,1053,1098,1005,1043,1021,1255,1202,1094,1053,1044,1023,1021,1064,741,1083,1079,1081,1065,971,1008,1002,1146,1157,3229,1012,1040,876,910,1006,577,1223,1061,1030,986,987,938,955,1184,1184,1065,962,967,944,914,957,1147,1074,1105,944,916,975,945,947,1165,1134,1050,933,954,986,962,982
82.174018,829,3180,1105,1053,1050,1040,999,1021,1255,1065,1094,1064,1044,1023,1021,988,741,1083,1079,1081,1023,1049,1008,1043,1146,1157,3229,1012,1040,1012,910,997,577,1223,1061,981,969,952,938,990,1184,1061,1065,945,967,944,1025,969,1147,1090,1105,1016,1022,948,945,1001,1165,1134,1059,933,1035,984,1009,998
82.424185,829,3180,1120,1093,1090,1041,1051,784,1255,1166,1094,1064,1079,1030,1013,941,741,1105,1079,1070,1108,1009,462,1015,1146,1157,3229,1059,1012,1065,912,999,577,1223,1061,1059,969,953,938,977,1184,1061,1065,945,1028,944,1047,976,1064,1098,1105,1013,1022,1026,939,978,1165,1134,1081,933,1000,989,1029,599
82.674242,829,1190,1127,1110,1109,1048,1008,972,1255,1166,1091,1064,1031,1026,1013,995,741,1105,1079,1070,980,1009,960,954,1146,1157,3229,1059,1012,1038,994,989,577,1223,1061,1009,969,1011,938,954,1184,1577,1065,945,1028,1077,933,912,1064,1115,1105,1026,1061,1024,939,980,1165,1134,1059,933,1000,1013,989,1018
82.924566,829,1190,1164,1121,1039,1050,1059,1005,1255,1166,1091,1064,1017,1051,1013,1006,741,1105,1135,1070,1010,979,960,954,1146,1157,3229,1066,1012,1038,1010,981,577,1223,1061,1058,969,995,938,1041,1184,1577,1016,945,1028,1065,1006,997,1208,1115,1105,1095,1061,1024,939,997,1165,1169,1163,933,1000,1088,1076,876
83.174843,829,1191,1164,1096,940,1057,1059,1005,1255,1155,1082,1064,1017,1015,1017,1023,741,1105,1041,1070,1010,1008,991,1002,1146,1157,1086,1044,1012,975,1010,997,577,1223,1061,998,969,1089,938,985,1184,1577,1016,945,1070,1065,1006,1049,1208,1031,1105,1098,1061,1082,1015,925,1165,1169,1126,933,1000,1049,1073,876
83.424972,829,1114,1102,1084,1008,1046,1019,1041,1255,1155,1082,1014,1046,1015,1017,1012,741,1112,1041,984,1009,948,1012,973,1146,1157,1086,1029,1012,996,986,958,577,1223,1061,998,969,1089,938,988,1184,1577,1016,921,984,965,942,947,1208,1108,1105,1049,1065,1075,1015,946,1165,1169,1126,933,1027,1010,976,876
83.676190,829,1176,1112,1115,1046,1029,1043,1056,1157,1155,1082,1014,1046,1013,999,1000,741,1126,1041,984,985,1027,1012,988,1146,1157,1086,1029,1012,996,1012,993,577,1223,1061,998,969,954,938,978,1117,1577,1117,1038,971,965,950,959,1208,1133,1105,998,1065,949,976,993,1165,1169,1061,933,1058,1014,1018,998
83.927098,829,1176,1091,1033,852,841,1043,1056,1157,1127,1082,1014,877,934,1015,1022,741,1126,1041,984,990,1010,1012,998,1146,1157,1086,1029,1012,1022,1015,951,577,1223,1061,1054,969,1095,938,973,1087,1577,1117,1038,971,965,966,978,1145,1089,1105,921,1003,993,976,1000,1165,1169,1070,933,1044,1026,1023,998
84.177370,829,1176,1091,1165,964,998,1043,1056,1157,1062,1082,1014,962,999,1044,1027,741,1126,1041,984,1027,1048,1028,1012,1146,1157,1086,1021,1012,964,1015,960,577,1223,1061,934,969,1095,938,984,1087,1577,1117,946,971,965,983,939,1145,1109,1105,999,1003,993,976,1012,1165,1169,966,933,1018,994,975,998
84.427849,829,1214,1091,1123,1006,1025,1079,1056,1157,1062,1082,1014,1047,1021,1022,1026,741,1166,1041,1084,1027,1047,1048,962,1135,1157,1086,1080,1019,1046,1015,964,577,1223,1061,934,969,969,938,1001,1128,1577,1117,946,971,965,997,980,1145,1109,1105,1019,1018,993,976,998,1165,1169,1050,933,994,1026,1010,998
84.678405,829,1214,1091,1223,1096,761,1089,1056,1157,1062,1082,1014,1024,938,1013,1002,741,1166,1041,1084,1008,939,975,993,1135,1157,1086,1080,1019,1044,921,1004,577,1223,1061,1016,969,1019,938,950,1128,1577,1117,1008,971,965,1071,1013,1145,1167,1105,1019,1018,994,1009,990,1165,1169,1100,933,1002,1046,1000,1005
84.928408,162,170,152,163,199,758,878,910,159,153,1396,170,1129,938,970,1012,118,1166,1041,1084,1226,1138,939,978,1135,1157,1086,1080,1019,1044,921,1043,577,1223,1061,1217,969,1019,938,1021,1853,1577,1117,1008,971,965,1071,1043,1145,1167,1105,1019,1018,994,1009,1051,1165,1169,1280,933,757,739,744,1005
85.184608,192,200,193,201,205,174,175,160,178,193,183,179,170,163,169,167,160,157,164,158,152,151,165,204,143,154,710,148,140,160,197,248,138,136,134,134,135,676,217,242,128,125,114,123,861,822,231,225,127,116,111,943,891,814,218,228,119,122,122,931,887,460,410,392
85.434608,216,235,216,232,180,164,152,146,208,210,219,221,209,164,155,138,192,205,219,207,191,176,154,155,172,180,193,185,186,256,315,292,150,161,165,170,345,335,315,306,138,139,156,378,373,325,330,298,129,452,413,386,359,343,320,306,696,521,474,391,384,338,332,299
85.685040,227,230,201,179,163,151,143,143,218,239,235,182,169,147,141,211,212,239,252,191,169,163,246,251,199,217,218,269,248,257,260,235,174,225,299,299,272,261,244,239,211,323,318,281,279,249,249,223,384,340,306,289,263,257,239,232,399,322,317,274,274,247,246,227
85.935494,202,197,185,171,163,152,147,152,211,199,190,169,162,163,179,176,202,210,192,191,184,185,178,176,218,201,202,179,186,171,175,164,210,203,185,182,172,171,165,165,210,187,188,169,177,156,164,154,197,192,177,172,164,164,156,156,207,177,181,164,170,154,161,152
86.186810,138,140,145,147,144,141,145,144,152,142,147,143,146,145,148,153,139,140,136,138,136,140,140,143,138,132,134,130,132,132,137,137,131,131,127,127,126,130,130,133,131,125,124,117,124,124,129,128,124,125,120,120,122,124,125,126,127,119,123,118,122,121,123,127
86.437100,108,120,131,134,127,166,221,159,104,113,124,137,144,175,184,152,100,112,117,127,141,151,830,935,97,105,110,123,133,133,155,252,94,102,109,118,133,284,221,292,95,99,105,118,124,185,315,326,89,99,104,113,124,130,140,167,90,95,102,145,175,244,246,258
86.687277,287,388,361,361,353,381,342,375,271,462,387,367,383,390,398,384,343,420,398,400,396,400,402,374,958,371,386,405,425,429,442,422,347,388,401,406,432,442,428,329,930,384,357,410,364,376,332,323,347,369,378,364,338,380,413,442,290,350,328,375,410,445,419,408
86.946905,169,275,302,306,294,301,331,333,204,283,337,349,321,325,347,395,215,315,306,327,327,326,377,406,270,305,339,342,366,341,323,362,274,321,309,324,335,328,356,369,292,322,331,383,399,383,384,373,306,359,327,299,319,348,355,305,301,241,258,277,321,296,281,239
87.197141,78,229,255,306,273,297,313,370,102,264,264,269,323,367,390,366,224,266,278,294,345,382,377,387,279,283,292,313,353,375,343,361,285,286,305,310,339,348,326,364,278,335,347,335,364,376,359,348,333,268,290,335,368,331,293,328,212,238,272,313,302,281,243,257
87.447263,105,340,315,313,309,304,311,347,230,313,338,325,317,386,383,345,278,292,310,337,329,391,366,373,330,316,336,340,2110,371,350,356,299,320,334,344,358,357,324,344,301,336,362,356,355,376,355,365,324,274,286,323,377,340,313,325,208,236,263,318,311,283,253,279
87.697317,246,357,323,332,344,342,335,347,355,340,368,331,370,362,354,361,318,300,317,335,336,404,369,375,318,345,341,354,363,363,341,354,295,334,307,333,363,339,324,345,321,345,366,352,385,344,311,363,248,273,309,341,377,347,344,328,224,264,306,313,302,272,296,300
87.947881,11,21,23,30,26,40,41,271,20,22,22,21,32,30,366,342,24,25,25,25,27,51,354,346,38,27,37,28,65,336,190,342,37,50,41,73,39,340,268,331,287,279,281,347,387,179,331,350,220,250,267,343,327,321,308,312,229,273,279,265,280,255,286,271
88.198832,13,24,30,27,40,251,257,338,1807,412,23,28,41,61,366,353,28,25,28,35,59,129,338,335,44,37,44,92,86,110,273,319,139,102,171,204,56,255,299,334,254,277,285,319,373,330,333,354,233,266,290,331,303,306,319,307,268,271,268,271,263,256,297,291
88.450177,19,33,41,38,45,264,312,330,35,32,35,43,111,290,359,347,45,33,37,46,136,292,338,333,56,44,71,74,206,80,312,302,268,134,304,310,187,346,314,302,317,308,321,292,338,379,322,309,226,249,278,324,351,319,333,329,226,263,283,294,282,276,271,301
88.700674,47,68,105,235,278,272,310,319,47,58,51,113,304,330,356,341,131,63,75,237,303,336,362,327,267,113,325,292,323,333,327,292,303,329,358,377,323,355,300,289,311,297,316,319,337,365,324,309,225,245,275,322,335,311,320,320,217,251,277,279,270,268,260,297
88.953540,25,41,60,88,256,306,296,338,41,37,47,73,234,294,345,336,57,48,65,108,274,291,364,337,111,76,165,307,304,322,328,303,319,222,369,353,309,335,307,292,319,305,325,319,344,373,325,307,223,251,282,327,340,318,326,322,218,270,280,287,285,264,269,300
89.207196,33,24,201,223,307,303,330,322,44,49,54,215,319,306,370,344,101,72,134,291,334,323,352,326,271,183,306,331,313,375,324,300,331,338,367,358,329,371,295,296,298,298,311,321,370,357,324,318,228,253,294,327,328,310,315,312,232,281,273,284,275,256,282,292
89.457430,61,91,161,259,283,298,323,342,61,61,82,225,299,305,360,341,188,75,158,305,326,339,355,325,274,176,335,319,2072,371,322,304,316,334,371,362,339,355,300,307,316,310,331,339,371,366,316,325,229,258,299,339,336,319,321,318,231,279,284,288,281,265,291,295
