time,D0,D1,D2,D3,D4,D5,D6,D7,D8,D9,D10,D11,D12,D13,D14,D15, D
12.286985,821,1112,1063,1005,617,562,472,446,1045,1111,1140,1050,1113,619,574,1248,865,1044,1106,1123,563,1121,1030,1421,1136,1152,486,1123,1118,1175,810,1062,850,1191,443,449,447,1177,439,1368,1104,1192,467,1083,428,409,415,420,1209,1151,1547,1279,1147,1178,385,1139,1184,1303,1244,1354,1323,1149,1184,1333
12.536985,863,1069,1068,863,598,555,472,446,1122,1098,1140,1087,1113,619,574,1248,865,1044,1106,1170,563,1121,1030,1421,1136,1152,486,1123,1118,1175,810,1062,850,1191,443,449,447,1177,439,1368,1104,1192,467,1083,428,409,415,420,1209,1151,1547,1279,1147,1178,385,1139,1184,1303,1244,1354,1323,1149,1184,1333
12.787413,944,1062,1061,843,614,555,472,446,1068,1099,1098,1122,1113,619,574,1248,865,1044,1106,1170,563,1121,1030,1421,1144,1080,486,1123,1118,1175,810,1062,850,1191,443,449,447,1177,439,1436,1104,1192,467,1083,428,409,415,420,1209,1151,1547,1279,1147,1178,385,1139,1224,1303,1172,1354,1323,1149,1184,1333
13.038195,827,1080,1033,727,579,555,472,446,1043,1083,1111,1085,1113,619,574,1248,865,1044,1121,1103,563,1121,1030,1421,1144,1080,486,1123,1118,1175,810,1062,850,1191,443,449,447,1177,439,1436,1104,1192,467,1083,428,409,415,420,1173,1151,1547,1266,1147,1178,385,1139,1224,1303,1172,1354,1323,1149,1184,1333
13.288569,734,1069,1093,1033,623,533,472,446,1001,1096,1082,1019,1080,619,574,1248,865,1044,1169,1090,563,1121,1030,1421,1016,1080,486,1123,1118,1175,810,1062,850,1191,443,449,447,1177,439,1436,1104,1192,467,1178,428,409,415,420,1173,1155,1547,1266,1147,1178,385,1139,1224,1303,1255,1354,1323,1149,1184,1333
13.540103,922,1006,1077,1082,955,616,472,446,1001,1096,1098,1149,1105,619,574,1353,865,1044,1169,1120,1097,1121,1030,1421,1138,1080,486,1123,1118,1175,810,1062,850,1191,443,449,447,1177,439,1436,1104,1192,467,1178,428,409,415,420,1248,1155,1547,1266,1147,1178,385,1139,1224,1303,1255,1354,1323,1149,1184,1333
13.790532,666,757,1107,1082,959,616,472,446,1001,990,1098,1103,1076,619,574,1353,865,1044,1169,1120,1184,1121,1030,1247,1138,1080,486,1123,1118,1175,810,1062,850,1191,443,449,447,1177,439,1436,1104,1192,467,1267,428,409,1330,420,1248,1155,1547,1266,1147,1178,385,1139,1224,1303,1276,1354,1323,1149,1184,1333
14.040534,677,704,899,1112,1111,944,472,446,937,1075,1098,796,1050,1106,574,1353,865,1233,1169,1120,1184,1121,1030,1247,1160,1080,486,1123,1118,1175,810,1062,850,1191,443,449,447,1194,439,1436,1104,1192,467,1267,428,409,1330,420,1248,1155,1547,1266,1147,1178,385,1139,1211,1303,1276,1354,1323,1149,1184,1333
14.290913,725,807,1092,1112,1068,1046,472,1382,937,1075,1098,796,1159,1106,574,1353,865,1233,1169,1120,1092,1121,1030,1221,1160,1080,486,1123,1118,1175,810,1062,850,1191,443,449,447,1194,439,1436,1104,1192,467,1267,428,409,1330,420,1248,1155,1547,1266,1147,1178,385,1139,1181,1303,1276,1354,1323,1149,1184,1333
14.541182,653,745,1092,1108,1043,1046,472,1382,937,1098,1098,796,1153,1106,574,1353,865,1162,1169,1120,1092,1121,1030,1221,3553,1080,486,1123,1118,1175,810,1062,850,1191,443,449,447,1194,439,1436,1104,1192,467,1267,428,409,1330,420,1248,1155,1547,1266,1147,1178,385,1139,1198,1303,1276,1354,1323,1149,1184,1333
14.791723,550,628,1092,1082,1051,998,472,1382,786,846,1098,796,1147,1091,574,1353,865,1186,1169,1120,1092,1121,1030,1221,3553,1080,486,1123,1118,1175,810,1062,850,1191,443,449,447,1086,439,1162,1104,1192,467,1267,428,409,1297,420,1248,1228,1547,1266,1147,1138,385,1139,1229,1303,1308,1354,1323,1149,1184,1333
15.041727,641,665,866,1056,1103,995,472,1382,859,882,1042,796,1033,1082,574,1353,865,1186,1169,1120,1122,1121,1030,1221,3553,1080,486,1123,1118,1175,810,1062,850,1191,443,449,447,1140,439,1086,1104,1192,467,1267,428,409,1297,1197,1248,1228,1547,1162,1147,1138,385,1187,1257,1303,1308,1354,1323,1149,1184,1333
15.291736,645,693,767,1096,1084,1010,472,1382,855,933,1020,796,1033,1085,574,1353,865,1186,1169,1120,1089,1121,1030,1221,1169,1080,486,1123,1118,988,810,1062,850,1191,443,449,447,1140,439,1086,1104,1192,475,1267,428,409,1297,1197,1248,1228,1547,1162,1147,1160,385,1187,1213,1303,1166,1354,1323,1149,1184,1333
15.544844,643,666,719,1101,1057,1005,472,1382,840,922,1020,796,1033,1073,1108,1353,865,1186,1169,1120,1089,1133,1030,1221,1169,1080,486,1123,1118,988,1131,1062,850,1191,443,449,447,1140,439,1086,1104,1192,475,1267,428,409,1178,1197,1248,1228,1547,1012,1147,1160,385,1187,1335,1303,1166,1354,1323,1149,1139,1333
15.795231,660,724,747,1101,1067,1012,1070,1382,949,1030,974,796,1033,1066,1058,1092,865,1186,1169,1120,1089,1122,1030,1221,1169,1080,486,1123,1118,988,1131,1062,850,1191,443,449,447,1124,439,1086,1104,1192,475,1267,428,409,1566,1197,1248,1228,1547,1140,1147,1160,385,1128,1247,1303,1118,1354,1323,1149,1139,1333
16.045392,687,727,790,1101,1061,1038,1067,1157,949,1067,974,796,1033,1107,1054,1097,865,1186,1115,1120,1089,1122,1030,1221,1169,1080,486,1138,1118,988,1040,1062,850,1191,443,1079,447,1124,439,966,1104,1192,475,1119,428,409,1566,1197,1248,1226,1547,1168,1147,1160,385,1156,1161,1198,1219,1354,1323,1149,1139,1333
16.299610,720,778,863,1101,1071,1057,1071,1157,949,1153,974,1073,981,1107,1098,1064,865,1186,1115,1120,1089,1122,1030,1221,1169,1144,1186,1138,1118,988,1040,1062,850,1191,443,1079,447,1124,439,1042,1104,1192,475,1119,428,409,1566,1197,1248,1226,1547,1125,1147,1160,385,1138,1143,1138,1174,1354,1323,1149,1139,1333
16.549733,795,877,945,1101,1105,1079,1097,1229,949,1124,1108,1073,1143,1107,1098,1182,865,1186,1115,1120,1089,1122,1030,1082,1157,1144,1186,1138,1118,1149,1040,1062,850,1191,443,1139,447,1124,439,1042,1104,1192,475,1204,428,409,1566,1197,1248,1226,1547,1125,1230,1160,385,1138,1152,1116,1174,1354,1323,1149,1139,1333
16.800748,759,848,933,1098,1117,1065,1097,1229,949,1098,1108,1031,1187,1107,1098,1182,865,1186,1115,1120,1089,1122,1030,1082,1230,1123,1186,1138,1118,1149,1040,1062,850,1191,443,1139,447,1124,439,1139,1104,1192,475,1142,428,409,1566,1197,1248,1226,1547,1125,1230,1160,385,1277,1200,1145,1174,1354,1323,1149,1139,1333
17.051032,809,917,1000,1098,1116,1087,1097,1229,949,1098,1108,1031,1187,1107,1098,1182,865,1186,1115,2324,1089,1190,1030,1082,1212,1123,1186,1138,1118,1149,1040,1062,850,1191,443,1139,447,1124,439,1139,1104,1192,475,1166,428,409,1566,1197,1248,1226,1547,1125,1230,1189,385,1290,1121,1111,1174,1354,1323,1149,1139,1333
17.308732,891,986,1037,1059,1102,1093,1097,1229,949,1120,1108,1031,1187,1107,1098,1182,865,1186,1115,2324,1089,1190,1030,1082,1212,1123,1186,1138,1118,1149,1040,1062,850,1191,443,1139,447,1124,439,1139,1104,1192,475,1166,428,409,1566,1197,1248,1222,1547,1125,1230,1189,385,1290,1066,1199,1244,1354,1323,1149,1139,1333
17.559197,892,947,1037,1059,1105,1125,1097,1229,949,1120,1108,1031,1187,1107,1098,1182,865,1135,1115,2324,1089,1239,1030,1082,1148,1123,1186,1138,1118,1130,1040,1062,850,1191,443,1139,447,1124,439,1139,1104,1192,475,1166,428,409,1566,1197,1248,1222,1547,1125,1230,1189,385,1290,1052,1217,1244,1354,1323,1149,1139,1333
17.810467,852,895,1037,1148,1113,1125,1097,1229,949,1120,1108,1031,1187,1107,1098,1377,865,1135,1115,2324,1089,1239,1030,1082,1148,1123,1186,1138,1118,1130,1040,1062,850,1191,443,1139,447,1124,439,1241,1104,1192,475,1166,428,409,1566,1197,1248,1222,1547,1125,1230,1189,385,1290,1135,1213,1248,1354,1323,1149,1139,1333
18.060683,883,968,1142,1116,1148,1125,1097,1229,1138,1063,1108,1031,1144,1107,1098,1377,865,1135,1134,2324,1089,1124,1030,1082,1148,1123,1186,1138,1118,1130,1040,1062,850,1191,443,1139,447,1195,439,1171,1104,1192,475,1166,428,409,1566,1133,1248,1222,1547,1138,1056,1189,385,1160,1185,1213,1120,1354,1011,1149,1139,1333
18.315455,1111,1136,1142,975,1171,1125,1097,1229,1210,1227,1149,1049,1144,1107,1098,1377,865,1173,1134,2324,1089,1124,1030,1207,1148,1123,1186,1138,1118,1205,1040,1062,850,1191,443,1124,447,1195,439,1171,1104,3404,475,1166,428,409,1566,1133,1248,1222,1547,1110,1056,1189,385,1160,1115,1213,1131,1354,1052,1149,1139,1333
18.565461,1111,1201,1140,1064,1171,1125,1097,1229,1210,1227,1149,1104,1144,1107,1098,1377,865,1173,1134,2324,1089,1154,1030,1207,1060,1123,1186,1138,1118,1205,1040,1062,850,1191,443,1124,447,1199,439,1171,1104,3404,475,1166,428,1184,1566,1133,1248,1222,1547,1207,1056,1189,385,1160,1208,1213,1131,1354,1227,1149,1139,1333
18.815885,1111,1201,1185,1192,1199,1125,1097,1229,1210,1172,1149,1104,1144,1107,1098,1377,865,1173,1133,2324,1166,1154,1030,1207,1283,1123,1186,1138,1118,1205,1040,1062,850,1191,443,1124,447,1199,439,1221,1104,3404,475,1116,428,1184,1566,1133,1275,1222,1547,1178,1056,1189,385,1294,1231,1213,1131,1354,1236,1149,1139,1333
19.066129,1111,1222,1185,1171,1007,1125,1097,1229,1210,1172,1149,1104,1069,1107,1098,1377,865,1173,1133,2324,1166,1154,1030,1207,1283,1123,1186,1138,1118,1205,1040,1062,850,1191,443,1124,447,1199,439,1221,1191,3404,475,1116,428,1184,1566,1133,1244,1231,1547,1178,1056,1189,385,1294,1251,1213,1229,1354,1236,1149,1139,1333
19.316372,1111,1192,1185,1132,1125,1125,1097,1229,1210,1172,1149,1104,1118,1107,1098,1377,865,1167,1133,2324,1166,1154,1030,1207,1283,1123,1186,1138,1118,1205,1040,1062,850,1191,443,1124,447,1108,439,1221,1191,3404,475,1116,428,1184,1566,1133,1187,1231,1547,1178,1056,1189,385,1294,1166,1213,1229,1354,1236,1149,1139,1333
19.566826,1111,1212,1185,1224,1220,1125,1097,1229,1168,1172,1149,1104,1178,1107,1098,1245,1199,1167,1133,2324,1166,1154,1030,1188,1136,1123,1212,1138,1118,1205,1040,1062,850,1191,443,1124,447,1108,439,1222,1118,3404,475,1278,428,1184,1566,1133,1108,1170,1547,1178,1056,3660,385,1294,1125,1213,1158,1354,1236,1149,1139,1333
19.817242,1115,1168,1047,1036,1220,1125,1097,1229,1139,1221,1095,1104,1178,1107,1098,1245,1111,1167,1133,2324,1166,1154,1030,1188,1099,1123,1212,1138,1118,1205,1040,1062,1098,1191,443,1124,447,1108,439,1222,1123,3404,475,1163,428,1184,1566,1133,1059,1128,1547,1178,1056,3660,385,1243,1069,1213,986,1354,1294,1149,1139,1333
20.068831,1074,1230,1047,1153,1148,1125,1097,1229,1086,1221,1167,1142,1178,1107,1098,1245,1072,1167,1133,2324,1166,1172,1030,1188,1068,1123,1212,1138,1118,1205,1040,1062,1070,1191,443,1124,447,1108,439,1174,1071,3404,475,1163,428,1184,1566,1133,1060,1195,1547,1083,1056,3660,385,1243,1031,1213,986,1354,1128,1149,1139,1333
20.319269,1024,1230,1047,1206,1007,1125,1097,1229,1060,1221,1155,1142,1113,1107,1098,1245,1033,1167,1133,2324,1166,1172,1030,1188,1057,1123,1212,1138,1118,1201,1040,1062,1072,1191,443,1124,447,1108,439,1174,1072,3404,475,1163,428,1184,1566,1133,1044,1195,1547,1083,1056,3660,385,1243,1052,1213,986,1354,1128,1149,1139,1333
20.574296,1034,1181,1047,1206,1125,1125,1097,1229,1024,982,1129,1142,1115,1107,1098,1245,1031,1167,1133,2324,1166,1172,1030,1188,1050,1123,1212,1138,1118,1201,1040,1062,1046,1031,443,1124,447,1108,439,1174,1049,3404,475,1163,428,1184,1566,1133,1040,1195,1547,1342,1056,3660,385,1243,1019,1213,1157,1354,1128,1149,1139,1333
20.824297,1048,1181,1160,1138,1166,1125,1097,1229,1057,982,1129,1142,1157,1107,1098,1245,1005,1254,1133,2324,1166,1172,1030,1336,1007,1089,1212,1138,1118,1201,1040,1062,1059,1031,443,1124,447,1108,439,1174,1017,3404,475,1163,428,1184,1566,1133,999,1195,1547,1342,1056,3660,385,1243,982,1213,1157,1354,1128,1149,1139,1333
21.080078,958,1181,1160,1081,1218,1125,1097,1229,983,1167,1129,1160,1157,1107,1098,1245,991,1144,1133,1119,1166,1152,1030,1336,1013,1089,1212,1138,1118,1201,1040,1062,1006,1031,443,1162,447,1108,439,1174,984,3404,475,1163,428,1184,1566,1133,1010,1195,1547,1342,1056,3660,385,1243,997,1213,1261,1354,1128,1149,1139,1333
21.330576,963,1181,1160,1150,1067,1125,1097,1229,984,1102,1129,1004,1157,1107,1098,1159,988,1144,1133,1119,1166,1152,1157,1336,990,1089,1212,1138,1118,1144,1040,1062,996,1031,443,1162,447,1108,439,1174,1032,3404,475,1163,428,1184,1566,1133,1011,1282,1547,1342,1056,3660,385,1189,1001,1213,1192,1354,1236,1149,1139,1333
21.581930,999,1187,1160,1207,952,1125,1097,1229,1018,1102,1129,1004,1051,1107,1098,1159,1024,1144,1133,1119,1052,1151,1157,1336,985,1089,1212,1138,1118,1144,1040,1062,1014,1031,443,1162,447,1108,439,1174,993,3404,475,1163,428,1184,1566,1133,999,1282,1547,1342,1056,1124,385,1189,986,1213,1248,1354,1236,1149,1139,1333
21.832064,991,1187,1160,1041,1090,1125,1097,1229,984,1102,1129,1004,1096,1107,1098,1159,991,1144,1133,1119,1101,1152,1157,1196,994,1089,1119,1138,1118,1144,1040,1062,976,1031,443,1178,447,1108,439,1174,964,3404,475,1018,428,1184,1566,1155,924,1178,1547,1342,1056,1124,385,1133,898,1135,1248,1354,1236,1149,1139,1333
22.082181,1032,1187,1160,1008,1210,1125,1097,1229,1022,1102,1129,1090,1096,1107,1098,1159,1030,1144,1133,1119,1101,1152,1157,1196,1062,1089,1119,1138,1118,1144,1040,1062,1001,1170,443,1178,447,1071,439,1119,1013,3404,475,1018,428,1184,1566,1170,967,1154,1547,1342,1056,1124,385,1133,978,1135,1248,1354,1236,1149,1143,1333
22.332874,1103,1187,1160,989,1107,1125,1097,1229,1049,1002,1129,1073,1085,1107,1098,1159,1055,1144,1133,1061,1064,1152,1145,1196,1032,1089,1119,1138,1118,1098,1040,1062,1032,878,443,1178,447,1103,439,1119,1005,3404,475,1143,428,1184,1566,1170,997,1135,1547,1016,1056,1171,385,1128,974,1135,1184,1354,1014,1149,1143,1333
22.582874,1104,514,1205,1127,1099,1125,1097,1229,1039,1002,1129,1078,1085,1107,1098,1151,1096,1144,1133,1061,1064,1159,1145,1196,1066,1089,1119,1138,1118,1098,1040,1062,1067,878,443,1178,447,1103,439,1186,1081,3404,475,1140,1113,1184,1566,1170,1069,1012,1547,1077,1056,1171,385,1128,1037,1135,1191,1354,1120,1149,1143,1333
22.834196,1107,514,1205,947,1109,1125,1097,1229,1082,1002,1129,1002,985,1107,1098,1151,1096,1144,1133,1061,1064,1159,1145,1196,1058,1089,1119,1138,1118,1098,1040,1062,1067,878,443,1178,447,1103,439,1186,1163,3404,475,1140,1113,1184,1566,1308,1125,1012,1547,1077,1056,1171,385,1128,1094,1135,1191,1354,1120,1149,1143,1333
23.084601,1088,514,1205,1080,1146,1125,1097,1229,1063,1156,1129,1147,1026,1107,1098,1151,1096,1144,1133,1061,1178,1159,1145,1196,1069,1089,1162,1138,1118,1098,1040,1062,1067,1191,443,1178,447,1095,439,1186,1060,3404,475,1099,1113,1184,1186,1308,1055,1155,1547,1077,1056,1171,385,1230,1071,1135,1210,1354,1120,1149,1143,1333
23.456026,1133,1147,1035,962,1146,1125,1097,1229,1133,1156,1129,997,1173,1107,1098,1151,1123,1067,1133,1123,1178,1159,1145,1196,1174,1089,1162,1138,1118,1098,1040,1062,1067,1191,443,1178,447,1159,439,1070,1087,3404,475,1270,1113,1184,1186,1183,1049,1188,1547,1121,1056,1171,385,1206,1082,1135,1210,1354,1120,1149,1143,1333
23.706516,1133,1147,1035,1135,1139,1125,1097,1229,1116,1156,1129,1089,1173,1107,1098,1151,1123,1183,1133,1072,1178,1186,1145,1196,1066,1089,1162,1138,1118,1098,1040,1143,1067,1089,443,1178,447,1159,439,1133,1119,3404,475,1134,1113,1184,1186,1183,1130,1188,1547,1121,1056,1171,385,1206,1103,1135,1213,1354,1120,1149,1143,1333
23.960337,1133,1147,1035,1125,1042,1125,1097,1229,1151,1156,1129,1089,1076,1107,1098,1150,1123,1129,1133,1072,1124,1097,1145,1102,1047,0,1162,1138,1118,1098,1040,1162,1067,1089,443,1178,447,1159,439,1160,1141,3404,475,1229,1113,1184,1191,1183,1066,1211,1547,1132,1056,1171,385,1259,1075,1135,1200,1354,1120,1149,1143,1333
24.210670,1133,1147,1035,1066,1114,1125,1097,1229,1100,1054,1130,1021,1009,1107,1098,1112,1123,1129,1133,1072,1124,1222,1145,1190,1168,0,1162,1112,1118,1098,1040,1162,1067,1089,443,1178,447,1140,439,1160,1112,3404,475,1116,1113,1184,1191,1183,1081,1211,1547,1160,1056,1171,385,1259,1075,1135,1182,1354,1120,1149,1143,1333
24.462530,1133,1147,1157,1132,1097,1125,1097,1229,1143,1054,1130,1021,1009,1107,1098,1272,1146,1151,1108,1072,1124,1222,1145,1190,1110,0,1162,1112,1118,1152,1040,1162,1067,1089,443,1178,447,1185,439,1160,1078,3404,475,1131,1113,1184,1191,1183,1081,1211,1547,1160,1056,1171,385,1251,1198,1135,1182,1354,1120,1149,1143,1333
24.713258,1110,1147,938,997,1097,1125,1097,1229,1119,1147,988,1021,1009,1107,1098,1191,1146,1151,1108,1072,1042,1222,1145,1190,1110,0,1162,1079,1118,1152,1040,1162,1067,1089,443,1178,447,1185,439,1160,1078,3404,475,986,1113,1184,1191,1183,1169,1211,1547,1160,1056,1171,385,1251,1133,1135,1182,1354,1120,1149,1143,1333
24.963496,1053,1147,1150,1131,1185,1125,1097,1229,1113,1147,1084,1170,1009,1107,1098,1254,1146,1151,1108,1072,1042,1049,1145,1190,1110,0,1162,1079,1118,1152,1040,1162,1067,1089,443,1178,447,1185,439,1160,1078,3404,1129,986,1113,1184,1191,1183,1078,1211,1547,1160,1056,1171,385,1209,1244,1135,1193,1354,1179,1149,1143,1333
25.215652,1090,1147,1150,992,1119,1125,1097,1229,1113,1147,1084,1008,1009,1107,1098,1254,1146,1151,1108,1072,1042,1049,1145,1190,1110,0,1162,1079,1118,1152,1040,1162,1067,1089,443,1178,447,1185,439,1160,1078,3404,1129,1112,1113,1184,1191,1183,1078,1137,1547,1163,1056,1171,385,1209,1244,1135,1150,1354,1179,1149,1143,1333
25.465984,1090,1147,1150,1084,1173,1125,1097,1229,1113,1147,1144,1110,1115,1107,1098,1254,1146,1151,1108,1072,1042,1049,1145,1190,1153,0,1162,1079,1118,1152,1040,1162,1067,1089,443,1178,447,3732,439,1255,1078,3404,1129,1112,1113,1184,1191,1183,1078,1137,1547,1163,1056,1172,385,1209,1244,1135,1213,1354,1179,1149,1143,1333
25.717397,1090,2790,1064,1150,1200,1125,1097,1229,1113,1147,1208,1123,1115,1107,1098,1254,1146,1024,1108,1072,1042,1049,1145,1190,1153,0,1162,1079,1118,1152,1040,1162,1067,1089,443,1142,447,3732,439,1255,1078,3404,1129,1112,1113,1184,1072,1183,1078,1137,1547,1163,1056,1172,385,1226,1244,1135,1213,1354,1179,1149,1143,1333
25.967690,1090,2790,1149,1051,1171,1125,1097,1229,1113,1086,1208,1067,1105,1107,1098,1254,1151,1024,1108,1072,1042,1049,1145,1190,1186,0,1162,1079,1118,1151,1040,1162,1067,1089,443,1142,447,3732,439,1255,1078,3404,1129,1112,1113,1184,1072,1183,1211,1148,1547,1155,1056,1172,385,1226,1244,1135,1216,1354,1179,1149,1143,1333
26.223145,1090,2790,1149,1142,1098,1125,1097,1229,1113,1086,1208,1067,1105,1107,1098,1227,1151,1181,1108,1072,1042,1149,1343,1190,1186,0,1162,1079,1118,1151,1040,1162,1067,1089,443,1142,447,3732,439,1255,1078,3404,1129,1112,1113,1184,1072,1183,1211,1148,1547,1155,1056,1172,385,1226,1244,1135,1192,1354,1179,1149,1143,1333
26.473364,1090,1209,1149,1198,896,1125,1097,1229,1113,1086,1208,1067,990,1107,1098,1227,1151,1181,1108,1072,996,1149,1343,1190,1192,0,1162,1079,1118,1151,1040,1162,1067,1089,443,1142,447,3732,439,1194,1078,3404,1129,1112,1113,1184,1072,1183,1211,1148,1547,1155,1056,1172,385,1226,1244,1135,1192,1354,1179,1149,1143,1333
26.727315,1090,1209,1149,1132,1078,1125,1097,1229,1113,1086,1208,1067,1049,1107,1098,1227,1151,1181,1108,1072,1092,1149,1343,1190,1192,0,1162,1079,1118,1151,1040,1162,1067,1089,443,1142,447,3732,439,1207,1078,3404,1147,1112,1113,1184,1072,1183,1211,1162,1547,1155,1056,1172,385,1226,1244,1135,1164,1354,1179,1149,1143,1333
26.977762,1090,1209,1029,1073,1078,149,1097,1229,1113,1137,1208,1060,1049,1107,1098,1227,1151,1181,1139,1072,1092,1149,1343,1190,1192,0,1162,1079,1118,1151,1040,1162,1067,1089,443,1142,447,1196,439,1207,1078,3404,1147,1111,1113,1184,1072,1132,1211,1162,1547,1155,2973,1172,385,1226,1244,1135,1146,1354,1179,1149,1143,1333
27.234056,1090,1209,1031,1071,1078,149,1097,1229,1155,1137,1208,1078,1142,1107,1098,1227,1151,1156,1139,1072,1092,1149,1343,1190,1192,0,1162,1079,1118,1048,1040,1162,1067,1089,443,1142,447,1196,439,1207,1078,3404,1147,1111,1113,1184,1228,1132,1211,1162,1547,1155,2973,1172,385,1204,1244,1135,1224,1354,1239,1149,1143,1333
27.484509,1090,1185,1031,1157,1121,149,1097,1229,1155,1137,1208,1078,1142,1107,1098,1227,1151,1156,1139,1072,1092,1112,1343,1190,1192,0,1162,1079,1118,1048,1040,1162,1067,1089,443,1142,447,1196,439,1154,1078,3404,1147,1111,1113,1184,1228,1132,1155,1162,1547,1155,2973,1172,385,1204,1244,1135,1148,1354,1239,1149,1143,1333
27.741057,1090,1185,1031,1052,1087,149,1097,1229,1155,1137,1208,1044,1025,1107,1098,1280,1151,1156,1139,1072,1092,1112,1343,1190,1192,0,1162,1079,1118,1048,1040,1162,1067,1089,443,1142,447,1196,439,1154,1135,3404,1147,1112,1113,1184,1228,1132,1155,1162,1547,1122,2973,1172,385,1204,1244,1135,1158,1354,1239,1149,1143,1333
27.991059,1090,1185,1031,1110,1110,113,1097,1229,1155,1137,1208,1044,1086,1107,1098,1280,1151,1156,1139,1072,1092,1112,1343,1190,1192,0,1162,1079,1118,1048,1040,1162,1067,1089,443,1142,447,1196,439,1172,1135,3404,547,1112,1113,1184,1228,1132,1165,1117,1547,1090,2973,1172,385,1194,1245,1135,1186,1354,1239,1149,1143,1333
28.246658,1090,1259,1037,1009,1184,113,1097,1229,1155,1137,1035,1044,1086,1107,1098,1280,1151,2113,1139,1072,1092,1159,1343,1190,1084,0,1162,1079,1118,1048,1040,1162,1067,1089,443,1142,447,1196,439,1172,1135,3404,547,1112,1113,1184,1228,1132,1165,1117,1547,1118,2973,1172,385,1194,1245,1135,1167,1354,1239,1149,1143,1333
28.497115,1090,1259,1115,1057,1184,113,1097,1229,1155,1137,1035,1006,1142,1107,1098,1280,1151,2113,1139,1072,1092,1159,1343,1190,1084,0,1162,1079,1118,1048,1040,1162,1067,1089,443,1142,447,1098,439,1172,1135,3404,547,1112,1113,1184,1228,1132,1184,1173,1547,1172,2973,1172,385,1194,1245,1135,1145,1354,1239,1149,1143,1333
28.747543,1090,1259,1135,1096,1071,113,1097,1229,1155,1137,1035,1006,1142,1107,1098,1255,1151,2113,1139,1096,1092,1047,1343,1190,1138,0,1162,1079,1118,1048,1040,1162,1067,1089,443,1090,447,1112,439,1172,1135,3404,547,1112,1113,1184,1228,1132,1184,1173,1547,1196,2973,1172,385,1188,1245,1135,1097,1354,1239,1149,1143,1333
28.998249,1090,1259,1135,961,1062,113,1097,1229,1155,1137,1035,1055,1142,1107,1098,1183,1151,2113,1139,1096,1092,1047,1343,1190,1138,0,1162,1079,1118,1048,1040,1162,1067,1089,443,1060,447,1112,439,1172,1135,3404,547,1107,1113,1184,1228,1132,1184,1089,1547,1103,2973,1172,385,1188,1245,1135,1172,1354,1239,1149,1143,1333
29.248300,1090,1259,1109,1096,1062,113,1097,1229,1155,1137,1035,1092,1142,1107,1098,1183,1151,2113,1139,1096,1196,1047,1343,1190,1101,0,1162,1079,1118,1048,604,1162,1067,1089,443,1060,447,1112,439,1172,1106,3404,547,1084,1113,1184,1228,1171,1184,1089,1547,1103,2973,1172,385,1188,1245,1135,1096,1354,1239,1149,1143,1333
29.504273,1090,1259,991,1135,1164,113,1097,1229,1155,1137,1044,1092,1223,1107,1098,1183,1151,2113,1139,1241,1196,1047,1343,1190,1101,0,1162,1079,1118,1048,604,1162,1067,1089,443,1060,447,1046,439,1172,1106,3404,547,1084,1113,1184,1228,1171,1184,1035,1547,1103,1024,1172,385,1188,1245,1135,1096,1354,1239,1149,1143,1333
29.754776,1090,1277,1096,1094,1164,113,1097,1229,1155,1110,1084,1092,1068,1107,1098,1183,1151,2113,1084,1094,1078,1047,1343,1190,1176,0,1162,1079,1118,1048,604,1162,1067,1089,443,1060,447,1046,439,1172,1106,3404,547,1084,1113,1184,1228,1254,1184,1101,1547,1018,1024,1093,385,1131,1245,1135,1063,1354,1239,1149,1141,1333
30.012758,1090,1277,1111,1117,1147,113,1097,1229,1155,903,1084,1162,1160,1107,1098,1183,1151,2113,1084,1094,1078,1254,1343,1190,1136,0,1162,1079,1118,1048,604,1162,1067,1089,443,1060,447,1046,439,1199,1106,3404,547,1084,1113,1184,1228,1010,1184,1054,1547,1018,1069,1093,385,1131,1245,1135,1063,1354,1239,1149,1141,1333
30.262759,1090,1157,1109,1122,1147,113,1097,1229,1155,903,1085,3011,1160,1107,1098,1183,1151,1122,1084,1094,1078,1254,1343,1190,1053,0,1162,1106,1118,1048,604,1162,1067,1089,443,1060,447,1088,439,1199,1088,3404,547,1084,1113,1184,1228,1010,1184,1076,1547,1018,1069,1093,385,1202,1142,1135,1099,1354,1239,1149,1141,1333
30.519830,1090,1098,1153,1173,1153,113,1097,923,1155,903,1085,3011,1046,1107,1098,1183,1151,983,1084,1094,1200,1254,1343,1190,1088,0,1162,1106,1118,1048,604,1162,1067,1089,443,1060,447,1088,439,1151,1088,3404,547,1023,1071,1184,1228,1056,1117,1065,1547,1061,1069,1093,385,1138,1081,1135,1099,1354,1049,1149,1141,1333
30.769848,1090,1140,1153,1087,1120,113,1097,923,1155,903,1085,3011,1153,1107,1098,1183,1151,983,1084,1094,1200,1254,1343,1190,1088,0,1162,1106,1118,1048,604,1162,1067,1089,443,1060,447,1088,439,1151,1088,3404,547,1023,1071,1184,1228,1166,1117,1065,1547,1061,1069,1093,385,1138,1122,1135,1106,1354,1049,1149,1091,1333
31.026296,1090,1174,1157,1087,1080,1079,1097,923,1155,1184,1085,3011,1153,1087,1098,1183,1151,983,1084,1094,1073,1142,1343,1182,1088,2725,1162,1106,1118,1127,604,1162,1067,1089,443,1060,447,1088,439,1121,1108,3404,547,1023,1065,1184,1228,1166,1053,1098,1547,995,1069,1120,385,1092,1127,1135,1040,1354,1049,1149,1091,1333
31.276648,1090,1174,1157,1040,1078,1043,1097,923,1155,1184,1085,1056,1073,1075,1098,1183,1151,983,1084,1094,1073,1142,1343,1182,1088,2725,1162,1106,1118,1127,604,1162,1067,1089,443,1060,447,990,439,1121,1108,3404,547,1023,1065,1184,1125,1109,1053,1098,1547,995,1069,1120,385,1099,1127,1135,1025,1354,1042,1149,1079,1333
31.533288,1090,1174,1093,1138,1153,1043,1097,923,1155,1184,1085,1056,1073,1075,1098,1196,1151,985,1084,1094,1073,1142,1343,1126,1088,2725,1162,1106,1118,1127,604,1162,1067,1089,443,1060,447,990,439,1141,1108,3404,547,1023,1065,1080,1125,1076,1091,1077,1547,995,1079,1092,385,1095,1106,1135,995,1354,1038,1149,1077,1333
31.783649,1090,1174,1161,1174,1124,1147,1097,923,1155,1184,1085,1056,1073,1075,1098,1196,1151,985,1084,1094,1073,1106,1343,1126,1088,2725,1162,1074,1118,1127,604,1137,1067,1089,443,1050,447,1084,439,1141,1108,3404,547,1023,1065,1080,1125,1076,1091,1069,1547,1013,1079,1092,385,1120,1106,1135,1043,1354,1018,1149,1049,1333
32.034101,1090,1174,1161,1174,1128,1145,1097,923,1155,1184,1085,1056,1073,1075,1098,1231,1151,985,1084,1094,1073,1106,1343,1126,1154,2725,1162,1074,1118,1127,604,1137,1067,1089,443,1050,447,1084,439,1141,1108,3404,1036,1072,1065,1080,1125,1062,1091,1073,1547,1103,1079,1115,385,1099,1106,1135,1019,1354,1018,1149,1116,1333
32.284475,1090,1281,1161,1174,1141,1140,1097,923,1155,1189,1085,1192,1073,1075,1098,1231,1151,985,1084,1094,1073,1106,1343,1126,1154,2725,1162,1074,1118,1127,604,1137,1067,1089,443,1195,447,1079,439,1115,1108,3404,1036,1072,1065,1080,1125,1206,1091,1073,1547,1065,1079,1115,385,1110,1218,1135,1019,1354,1018,1149,1144,1333
32.534655,1090,1281,1161,1117,1153,1140,1097,923,1247,1189,1085,1192,1073,1075,1098,1231,1151,985,1084,1094,1073,1106,1343,1126,1170,2725,1162,1074,1118,1038,604,1137,1067,1089,443,1104,447,1079,439,1115,1108,3404,1036,1072,1065,1080,1125,1206,1091,1073,1547,1065,1079,1115,385,1118,1218,1135,1068,1354,1018,1137,1144,1333
32.788017,1090,1281,1161,1152,1156,1140,1097,923,1247,1114,1085,1192,1073,1075,1098,1190,1151,985,1084,1094,1058,1106,1343,1126,1170,2725,1162,1074,1118,1038,604,1137,1067,1089,443,1104,447,1029,439,1129,1108,3404,1036,1072,1065,1080,1125,1166,1091,1073,1547,1065,1079,1115,385,1169,1093,1135,1068,1354,1018,1137,1144,1333
33.038094,1090,1281,1146,1135,1176,1140,1097,923,1247,1131,1085,1192,1073,1075,1098,1190,1151,985,1084,1094,1058,1106,1343,1126,1170,2725,1162,1074,1118,1038,604,1137,1067,1089,443,1104,447,1029,439,1153,1108,3404,1036,1072,1065,2799,1125,1166,1091,1168,1547,1049,1079,1115,385,1187,1073,1135,1129,1354,1018,1137,1126,1333
33.296037,1090,1281,1146,1171,1168,1140,1097,923,1247,1131,1085,1192,1073,1075,1098,1202,1151,985,1084,1094,1058,1106,1343,1126,1170,2725,1162,1125,1118,1038,604,1137,1067,1089,443,1104,447,1029,439,1153,1108,3404,1036,1070,1065,2799,1125,1166,1075,1117,1547,1049,1079,1115,385,1139,1057,1135,1113,1354,1018,1137,1126,1333
33.546568,1090,1281,1146,1145,1054,1140,1097,923,1247,4106,1085,1192,1132,1075,1098,1202,1151,985,1084,1094,1058,1106,1343,1126,1170,2725,1162,1125,1118,1038,604,1137,1067,1089,443,1104,447,1029,439,1201,1108,3404,1036,1070,1132,2799,1078,1147,1090,1093,1547,1049,1079,1115,385,1141,1010,1135,1121,1354,1127,1137,1126,1333
33.801126,1090,1281,1146,1091,1102,1140,1097,923,1247,4106,1225,1115,1129,1075,1098,1202,1151,985,1084,1094,1058,1106,1343,1126,1170,2725,1051,1125,1118,1038,604,1100,1067,1089,443,1117,447,1029,439,1071,1032,3404,1036,1076,1132,2799,1078,1147,1035,1134,1547,1049,1079,1115,385,1082,1045,1135,1079,1354,1127,1137,1109,1333
34.051442,1090,1281,1146,1218,1179,1140,1097,923,1247,1118,1225,1115,1129,1075,1098,1208,1151,1126,1084,1094,1058,1170,1343,1126,1143,1159,1051,1125,1118,1038,604,1100,1067,1089,443,1117,447,1029,439,1071,1070,3404,1036,1076,1132,2799,1078,1015,1129,1097,1547,1049,1142,1115,385,1121,1218,1135,1099,1354,1127,1137,1109,1333
34.306811,1090,1281,1146,1032,1123,1140,1097,923,1247,1118,1225,1078,1129,1075,1098,1208,1151,1126,1084,1148,1058,1170,1343,1126,1143,1159,1051,1125,1118,1068,604,1100,1067,1143,443,1117,447,1029,439,716,1070,3404,1036,1076,1132,2799,1078,1015,1129,1097,1547,1049,1142,1115,385,1104,1184,1135,994,1354,1127,1137,1109,1333
34.557320,1090,1281,1146,1132,1127,1140,1097,923,1247,1118,1225,1078,1207,1075,1098,1094,1151,1126,1084,1148,1116,1013,1343,1126,1077,1159,1051,1125,1118,1068,604,1100,1067,1143,443,1117,447,1029,439,716,1070,3404,1036,1076,1132,2799,1078,1015,1129,1097,1547,1079,1142,1115,385,1107,1184,1135,994,1354,1093,1137,1109,1333
34.812845,1090,1281,1146,1132,1162,1140,1097,923,1247,1118,1225,1078,1207,1075,1098,1128,1099,1126,1084,1148,1116,1013,1343,1126,1184,1159,1051,1125,1118,1068,604,1100,1067,1143,443,1117,447,1138,439,1066,1070,3404,1036,1076,1132,2799,1038,1058,1129,1097,1547,1079,1142,969,385,1107,1184,1135,1125,1354,1093,1137,1109,1333
35.063403,1090,1281,1157,1073,1001,1140,1097,923,1195,1118,1225,1078,1043,1075,1098,1216,1099,1126,1084,1148,1181,1013,1343,1126,1184,1159,1051,1125,1118,1068,604,1100,1067,1143,443,1117,447,1138,439,1097,1070,3404,1036,1076,1132,2799,1038,1058,1129,1097,1547,1079,1142,969,385,1122,1184,1135,1125,1354,1127,1137,1109,1333
35.313719,1185,1281,1157,1073,1121,159,1097,923,1195,1302,1225,1078,1105,1075,1098,1253,1099,1126,1084,1148,1181,1149,1343,1126,1184,1159,1051,1125,1118,1068,604,1100,1067,1143,443,1117,447,1138,439,1097,1070,3404,1036,1076,1132,2799,1038,1058,1191,1097,1547,1079,1142,969,385,1195,1121,1135,1179,1354,1127,1137,1109,1333
35.564346,1185,1281,1157,982,1206,159,1097,923,1195,1302,1225,1005,1105,1075,1098,1253,1099,1126,1084,1148,1181,1109,1343,1091,1184,1159,1051,1125,1118,1068,604,1100,1067,1143,443,1117,447,1138,439,1111,1070,3404,1036,1076,1132,2799,1038,1058,1191,1184,1547,1108,1142,969,385,1147,1121,1135,1179,1354,1127,1137,1109,1333
35.814350,1185,1281,1157,1065,1206,159,1097,923,1195,1302,1225,1086,1105,1075,1098,1253,1099,1115,1084,1090,1181,1109,1343,1091,1184,1159,1051,1125,1118,1068,1153,1100,1067,1143,443,1117,447,1138,439,1195,1070,3404,1036,1076,1132,2799,1038,1162,1191,1184,1547,1110,1142,969,385,1147,1121,1135,1179,1354,1127,1137,1109,1333
36.071714,1185,1281,1157,1143,1050,159,1097,923,1195,1302,1225,1103,1240,1075,1098,1253,1099,1115,1084,1090,1181,1109,1343,1091,1245,1159,1051,1125,1118,1068,1153,1161,1067,1143,443,1117,447,1138,439,1195,1070,3404,1036,1076,1132,2799,1038,1162,1191,1146,1547,1127,1142,969,385,1149,1121,1135,1179,1354,1127,1137,1109,1333
36.322096,1185,1281,1157,1063,1073,159,1097,923,1195,1302,1225,1105,1136,1075,1098,1253,1099,1115,1084,1090,1181,1095,1343,1210,1245,1159,1051,1125,1118,1068,1153,1161,1067,1143,443,1117,447,1138,439,1195,1070,3404,1036,1115,1132,2799,1108,1162,1191,1135,1547,1082,1142,969,385,1198,1121,1135,1179,1354,1127,1137,1109,1333
36.572482,1185,1281,1157,1125,1169,159,1097,923,1195,1153,1209,1105,1136,1075,1098,1253,1099,1115,1084,1090,1181,1095,1343,1210,1245,1159,1051,1125,1118,1068,1153,1161,1067,1143,443,1117,447,1138,439,1195,1070,3404,1091,1115,1132,2799,1108,1162,1191,1135,1547,1082,1142,969,385,1242,1121,1135,1179,1354,1127,1137,1109,1333
36.832461,1185,1281,1126,1148,1197,159,1097,923,1195,1153,1209,1105,1136,1075,1098,1253,1099,1115,1084,1090,1181,1147,1343,1210,1245,1159,1051,1125,1118,1068,1153,1161,1067,1143,443,1117,447,1138,439,1195,1070,3404,1091,1115,1132,2799,1285,1162,1191,1135,1547,1082,1142,969,385,1203,1121,1135,1170,1354,1127,1137,1109,1333
37.082559,1185,1281,1212,1129,1178,159,1097,923,1195,1217,1209,1156,1136,1075,1098,1253,1099,1115,1084,1090,1181,1185,1343,1210,1245,1159,1184,1125,1118,1068,1153,1161,1067,1143,443,1117,447,1138,439,1202,1070,3404,3942,1115,1132,2799,1285,1162,1191,1135,1547,1082,1142,969,385,1184,1121,1135,1170,1354,1127,1137,1109,1333
37.341013,1185,1235,1152,1217,1157,159,1097,923,1195,1217,1209,1156,1136,1075,1098,1176,1099,1115,1084,1090,1181,1185,1343,1210,1245,1159,1184,1125,1118,1068,1153,1161,1067,1143,443,1117,447,1138,439,1092,1070,3404,3942,1061,1132,2799,1285,1162,1191,1135,1547,1082,1142,969,385,1151,1121,1135,1091,1354,1127,1137,1109,1333
37.591342,1185,1174,1141,1217,1208,1176,1097,923,1195,1248,1209,1156,1136,1075,1098,1176,1099,1115,1084,1090,1181,1124,1343,1210,1245,1159,1184,1125,1118,1068,1153,1161,1067,1143,443,1110,447,1138,439,1140,1070,3404,3942,1061,1132,2799,1285,1162,1191,1135,1547,1115,1142,1097,385,1126,1197,1135,1121,1354,1162,1137,1109,1333
37.850388,1185,1174,1195,1178,1208,1155,1126,923,1195,1248,1209,1156,1136,1075,1098,1184,1099,1115,1084,1090,1181,1124,1343,1210,1227,1159,1184,1125,1118,1068,1153,1161,1067,1143,443,1110,447,1138,439,1140,1070,3404,3942,1061,1132,2799,1285,1247,1191,1132,1547,1115,1142,1097,385,1135,1306,1135,1121,1354,1162,1137,1113,1333
38.100743,1185,1174,1195,1147,981,1071,1083,923,1195,1248,1209,1075,1094,1075,1098,1184,1099,1115,1084,1090,1181,1120,1343,1210,1227,1159,1184,1125,1118,1068,1153,1161,1067,1143,443,1110,447,1060,439,1097,1070,3404,3942,1061,1132,2799,1285,1108,1152,1132,1547,1115,1142,1097,385,1107,1306,1135,1061,1354,1162,1137,1090,1333
38.350855,1185,1321,1195,1081,1143,1071,1083,923,1195,1248,958,1109,1094,1075,1098,1184,1099,1115,1084,1090,1142,1120,1343,1210,1082,1159,1184,1125,1118,1068,1153,1161,1067,1143,443,1110,447,1062,439,1109,1070,2396,3942,1061,1132,2799,1285,1108,1152,1132,1547,1115,1142,1089,385,1069,1306,1135,1144,1354,1332,1137,1093,1333
38.601234,1185,1321,1195,1114,1085,1071,1083,923,1195,1248,958,1109,1127,1075,1098,1184,1099,1115,1084,1090,1142,1120,1343,1048,1144,1159,1184,1125,1118,1068,1153,1161,1067,1143,443,1110,447,1062,439,1109,1070,2396,3942,1061,1132,2799,1285,1183,1152,1132,1547,1115,1142,1089,385,1095,1306,1135,1144,1354,1332,1137,1100,1333
38.851272,1185,1321,1214,1114,1168,1100,1083,923,1195,1248,958,1109,1144,1121,1098,1184,1099,1115,1084,1090,1142,1057,1343,1048,1144,1159,1184,1125,1118,1068,1153,1161,1067,1143,443,1110,447,1062,439,1141,1070,2396,3942,1061,1132,2799,1285,1183,1152,1132,1547,1115,1142,1089,385,1100,1306,1135,1141,1354,1332,1137,1100,1333
39.101768,1185,1321,1188,1207,1202,1071,1086,923,1195,1248,958,1109,1144,1115,1098,1184,1099,1115,1084,1090,1142,1057,1343,1048,1144,1159,1184,1125,1118,1068,1153,1161,1067,1143,443,1132,447,1149,439,1141,1070,2396,3942,1061,1132,3477,1285,1183,1152,1142,1547,1164,1142,1089,385,1077,1306,1135,1141,1354,1332,1137,1075,1333
39.355409,1185,1321,1188,1132,1078,1149,1086,923,1195,1318,958,1109,1144,1115,1098,1184,1099,1115,1084,1090,1142,1057,1343,1048,1144,1159,1184,1125,1118,1068,1153,1161,1067,1143,443,1132,447,1136,439,1141,1070,2396,3942,1061,1132,3477,1285,1143,1152,1142,1547,1164,1142,1089,385,1147,1193,1135,1105,1354,1072,1137,1075,1333
39.605739,1185,1270,1188,1132,1126,1149,1086,923,1195,1186,958,1109,1144,1115,1098,1246,1099,1115,1084,1090,1142,1155,1343,1048,0,1159,1184,1125,1118,1084,1153,1161,1067,1143,443,1132,447,1083,439,1170,1180,2396,3942,1061,1132,3477,1285,1143,1152,1142,1547,1149,1142,1089,385,1194,1193,1135,1105,1354,1134,1137,1075,1333
39.862307,1185,1270,1188,1132,1153,1149,1086,923,1195,1186,958,1109,1144,1115,1098,1250,1099,1115,1084,1090,1142,1155,1343,1255,0,1159,1145,1125,1118,1084,1153,1161,1067,1143,443,1132,447,1083,439,1170,1180,2396,3942,1172,1132,3477,1285,1143,1152,1142,1547,1059,1142,1089,385,1230,1193,1135,1116,1354,1134,1137,1199,1333
40.112650,1185,1270,1153,1221,1153,139,1086,923,1195,1186,958,1109,1144,1115,1098,1250,1099,1115,1084,1147,1142,1155,1232,1255,0,1159,1145,1125,1118,1084,1153,1161,1067,1143,443,1132,447,1083,439,1154,1180,2396,3942,1172,1132,3477,1285,1143,1152,1188,1547,1059,1142,1089,385,1189,1193,1135,1218,1354,1134,1137,1199,1333
40.370022,1185,1270,1120,1099,1153,139,1086,923,1195,1102,958,1134,1144,1115,1098,1260,1099,1115,1084,1147,1170,1175,1232,1255,0,1159,1145,1125,1118,1084,1153,1161,1067,1143,443,1132,447,1083,439,1154,1180,2396,3942,1172,1132,3477,1285,1181,1152,1188,1547,1059,1142,1144,385,1189,1193,1135,1218,1354,1134,1137,1199,1333
40.620149,1185,1270,1120,1158,1188,139,1086,923,1195,1102,958,1134,1144,1115,1098,1260,1099,1115,1084,1147,1170,1175,1232,1169,0,1159,1145,1125,1118,1084,1153,1161,1067,1143,443,1132,447,1083,439,1154,1180,2396,3942,1172,1132,3477,1285,1181,1152,1188,1547,1059,1142,1144,385,1214,1193,1135,1218,1354,1134,1137,1199,1333
40.870544,1185,1270,1120,1158,1053,139,1086,923,1195,1102,958,1134,1144,1115,1098,1260,1099,1115,1084,1147,1170,1085,1232,1169,0,1159,1145,1125,1118,1084,1153,1161,1067,1143,443,1132,447,1083,439,1154,1180,2396,3942,1172,1132,3477,1285,1181,1152,1188,1547,1059,1142,1144,385,1263,1193,1135,1218,1354,1134,1137,1199,1333
41.121215,1185,1270,1120,1132,1177,139,1086,923,1195,1102,958,1134,1144,1115,1098,1260,1099,1115,1084,1147,1170,1199,1232,1169,0,1159,1145,1125,1118,1084,1153,1161,1067,1143,443,1195,447,1083,439,1154,1180,2396,3942,1172,1132,3477,1285,1181,1152,1188,1547,1059,1142,1144,385,1213,1193,1135,1218,1354,1338,1137,1199,1333
41.371509,1185,1270,1192,1163,1166,139,1086,923,1195,1102,958,1134,1119,1115,1098,1289,1099,1115,1084,1147,1170,1199,1232,1299,1169,1159,1145,1125,1118,1084,1153,1161,1067,1143,443,1195,447,1083,439,1291,1180,2396,3942,1172,1132,3477,1285,1181,1152,1188,1547,1059,1142,1240,385,1232,1193,1135,1218,1354,1338,1137,1199,1333
41.621967,1185,1270,1116,1075,1154,139,1086,923,1195,1102,958,1101,1119,1115,1098,1289,1099,1115,1084,1147,1170,1199,1232,1299,1169,1159,1145,1125,1118,1084,1153,1161,1067,1143,443,1189,447,1083,439,1291,1180,2396,3942,1172,1132,3477,1285,1181,1271,1188,1547,1059,1142,1240,385,1277,1253,1135,1218,1354,1338,1137,1199,1333
41.872024,1185,1270,1116,1203,1154,139,1086,923,1195,1102,958,1101,1119,1115,1098,1223,1099,1115,1084,1123,1170,1141,1232,2510,1169,1159,1145,1125,1118,1084,1153,1161,1067,1143,443,1189,447,1083,439,1291,1180,2396,3942,1172,1132,3477,1105,1181,1271,1188,1547,1059,1142,1240,385,1277,1253,1135,1218,1354,1338,1137,1199,1333
42.122088,1185,1270,1116,1063,994,139,1086,923,1195,1102,958,1101,1092,1115,1098,1240,1099,1115,1084,1123,1170,1141,1232,2510,1169,1159,1145,1125,1118,1084,1153,1161,1067,1143,443,1189,447,1083,439,1204,1180,2396,3942,1172,1132,3477,1105,1181,1271,1188,1547,1059,1142,1149,385,1302,1253,1135,1218,1354,1220,1137,1199,1333
42.374043,1185,1270,1116,1128,1142,139,1086,923,1195,1102,958,1114,1092,1115,1098,1209,1099,1115,1084,1123,1170,1141,1232,2510,1169,1159,1145,1125,1118,1084,1153,1161,1067,1143,443,1189,447,1083,439,1127,1180,2396,3942,1172,1132,3477,1105,1181,1271,1188,1547,1059,1142,1149,385,1253,1253,1135,1236,1354,1220,1137,1199,1333
42.624538,1185,1270,1116,1180,1142,139,1086,923,1195,1102,958,1114,1092,1115,1098,1209,1099,1115,1084,1123,1224,1141,1232,2510,1169,1159,1145,1125,1118,1084,1153,1161,1067,1143,443,1189,447,1083,439,1211,1180,2396,3942,1172,1132,3477,1105,1181,1271,1188,1547,1059,1142,1149,385,1246,1253,1135,1201,1354,1220,1137,1199,1333
42.877023,1185,1270,1077,1102,1142,139,1086,923,1195,1102,958,1045,1092,1115,1098,1209,1099,1115,1084,1123,1224,1126,1232,2510,1169,1130,1145,1125,1118,1084,1153,1161,1067,1143,443,1189,447,1117,439,1211,1180,2396,3942,1172,1132,3477,1105,1181,1271,1188,1547,1059,1142,1149,385,1246,1253,1135,1280,1354,1220,1137,1199,1333
43.127289,1185,1270,1077,1216,1174,139,1086,923,1195,1102,958,1045,1092,1115,1098,1209,1099,1115,1084,1123,1224,1126,1232,2510,1169,1130,1145,1125,1118,1084,1153,1161,1067,1143,443,1189,447,1245,439,1211,1180,2396,3942,1172,1132,3477,1105,1181,1271,1188,1547,1059,1142,1149,385,1246,1253,1135,1253,1354,1220,1137,1249,1333
43.379607,1185,1270,1077,1039,1073,139,1086,923,1272,1102,958,992,1092,1115,1098,1209,1099,1168,1084,1123,1224,1107,1232,2510,1169,1130,1145,1125,1118,1084,1153,1161,1067,1143,443,1189,447,1245,439,1106,1180,2396,3942,1172,1132,3477,1105,1181,1207,1188,1547,1059,1142,1149,385,1303,1253,1135,1206,1354,1220,1137,1249,1333
43.629991,1185,1270,1077,1100,1147,139,1086,923,1272,1102,958,992,1092,1115,1098,1209,1099,1168,1084,1123,1224,1133,1232,2510,1169,1130,1145,1125,1118,1084,1153,1182,1067,1143,443,1189,447,1245,439,1106,1180,2396,3942,1172,1132,3477,1105,1181,1207,1091,1547,1059,1142,1149,385,1187,1253,1135,1206,1354,1256,1137,1249,1333
43.883543,1185,1270,1059,1100,1192,139,1086,923,1272,1102,958,992,1092,1115,1098,1209,1099,1168,1084,1123,1224,1176,1232,2510,1169,1130,1145,1125,1118,1084,1153,1182,1067,1127,443,1189,447,1245,439,1307,1180,2396,3942,1172,1132,3477,1105,1181,1207,1170,1547,1059,1142,1149,385,1237,1253,1135,1206,1354,1146,1137,1249,1333
44.133898,1185,1270,1146,1128,1192,139,1086,923,1272,1102,958,992,1193,1115,1098,1209,1099,1156,1068,1123,1224,1176,1232,2510,1169,1130,1145,1125,1118,1084,1153,1182,1067,1127,443,1189,447,1143,439,1307,1180,2396,3942,1172,1132,3477,1105,1181,1207,1170,1547,1059,1142,1149,385,1237,1253,1135,1200,1354,1146,1137,1249,1333
44.386632,1185,1270,1102,1128,1217,139,1086,923,1272,1102,958,992,1193,1115,1098,1256,1099,1156,1068,1108,1224,1176,0,2510,1169,1130,1145,1132,1118,1084,1153,1182,1067,1127,443,1189,447,1143,439,1307,1180,2396,3942,1172,1132,3477,1105,1181,1207,1113,1547,1158,1142,1149,385,1277,1253,1135,1187,1354,1146,1137,1249,1333
44.636957,1185,1270,1102,1088,1063,139,1086,923,1272,1143,958,992,1193,1115,1098,1256,1099,1156,1068,1108,1224,1176,0,2510,1169,1130,1145,1132,1118,1182,1153,1182,1067,1127,443,1189,447,1143,439,1207,1180,2396,3942,1329,1132,3477,1105,1181,1207,1113,1547,1158,1241,1149,385,1286,1181,1135,1176,1354,1150,1137,1249,1333
44.899142,1185,1270,1102,1109,1063,139,1086,923,1272,1143,958,992,1193,1115,1098,1256,1099,1156,1227,1108,1224,1176,0,2510,1169,1130,1145,1132,1118,1182,1153,1182,1067,1127,443,1189,447,1172,439,1207,1180,2396,3942,1329,1132,3477,1105,1181,1174,1113,1547,1158,1241,1149,385,1286,1181,1135,1176,1354,1150,1137,1249,1333
45.149485,1185,1270,1022,1109,1063,139,1086,923,1272,1143,958,992,1193,1115,1098,1256,1099,1073,1227,1108,1224,1176,0,2510,1169,1130,1137,1132,1118,1182,1153,1182,1067,1127,443,1189,447,1172,439,1207,1180,2396,3942,1329,1132,3477,1105,1181,1174,1113,1547,1158,1241,1149,385,1286,1181,1135,1176,1354,1150,1137,1249,1333
45.405667,1185,1270,1145,1161,1063,139,1086,923,1272,1155,958,1648,1193,1115,1098,1256,1099,1073,1227,1101,1224,1176,0,2510,1169,1130,1137,1132,1118,1182,1153,1182,1067,1127,443,1189,447,1172,439,1207,1180,2396,3942,1329,1132,3477,1105,1181,1174,1113,1547,1191,1291,1149,385,1286,1181,1135,1221,1354,1150,1137,1249,1333
45.655886,1185,1212,1145,1105,1063,139,1086,923,1272,1155,958,1648,1193,1115,1098,1256,1099,1073,1227,1189,1224,1176,0,1266,1169,1130,1137,1132,1118,1182,1153,1182,1067,1127,443,1183,447,1135,439,1203,1180,2396,3942,1119,1132,3477,1105,1181,1174,1121,1547,1191,1291,1149,385,1324,1181,1135,1197,1354,1150,1137,1249,1333
45.909818,1185,1212,1145,1096,1166,139,1086,923,1272,1155,958,1174,1193,1115,1098,1314,1099,1073,2591,1189,1224,1176,0,1266,1169,1130,1156,1132,1118,1182,1153,1182,1067,1127,443,1183,447,1135,439,1230,1180,2396,3942,1119,1132,1232,1105,1181,1174,1121,1547,1191,1291,1139,385,1324,1181,1135,1241,1354,1150,1137,1249,1333
46.160028,1185,1212,1145,1167,1166,139,1086,923,1272,1112,958,1174,1193,1115,1098,1314,1099,1073,2591,1189,1224,1176,0,1266,1169,1130,1156,1132,1118,1182,1153,1182,1067,1127,443,1183,447,1135,439,1230,1180,2396,3942,1224,1132,1232,1105,1181,1226,1221,1547,1122,1291,1139,385,1333,1181,1135,1188,1354,1150,1137,1249,1333
46.415864,1185,1212,1136,1161,1162,139,1086,923,1272,1117,958,1174,1193,1115,1098,1314,1099,1073,2591,1189,1224,1176,0,1266,1169,1130,1156,1132,1118,1182,1153,1182,1067,1127,443,1183,447,1135,439,1230,1180,1225,3942,1224,1132,1238,1182,1181,1226,1241,1547,1122,1291,1139,385,1333,1181,1135,1188,1354,1150,1137,1249,1333
46.666337,1185,1212,1168,1161,1147,139,1086,923,1272,1117,958,1174,1193,1115,1098,1314,1099,1179,2591,1229,1224,1176,0,1266,1169,1130,1156,1132,1118,1182,1153,1182,1067,1127,443,1183,447,1135,439,1230,1180,1225,3942,1224,1132,1238,1182,1181,1226,1241,1547,1122,1291,1139,385,1333,1181,1135,1188,1354,1150,1137,1249,1333
46.921223,1185,1212,1168,1076,1164,139,1086,923,1272,1117,958,1174,1232,1115,1098,1314,1099,1179,2591,1229,1224,1176,0,1266,1169,1130,1156,1132,1118,1182,1153,1182,1067,1127,443,1183,447,1135,439,1230,1180,1225,3942,1224,1132,1238,1182,1181,1226,1276,1547,1122,1291,4619,385,1333,1181,1135,1188,1354,1150,1137,1249,1333
47.171648,1185,1212,1168,1137,1164,139,1086,923,1272,1117,958,1174,1232,1115,1098,1295,1099,3040,2591,1229,1224,1106,0,1266,1169,1130,1156,1132,1118,1182,1153,1182,1067,1127,443,1183,447,1135,439,1230,1180,1225,3942,1224,1132,1238,1182,1181,1226,1276,1547,1122,1291,4619,385,1333,1181,1135,1188,1354,1150,1137,1249,1333
47.424711,1185,1212,1138,1137,1164,139,1086,923,1272,1270,958,1174,1232,1115,1098,1295,1099,3040,2591,1229,1224,1106,0,1266,1169,1130,1156,1132,1118,1182,1153,1182,1067,1127,443,1183,447,1135,439,1230,1180,1225,3942,4225,1132,1238,1182,1181,1226,1276,1547,1122,1291,4619,385,1333,1181,1135,1331,1354,1150,1137,1249,1333
47.675117,1185,1212,1099,1137,1164,139,1086,923,1272,1270,958,1174,1232,1115,1098,1295,1099,3040,2591,1229,1175,1106,0,1266,1169,1130,1156,1132,1118,1182,1153,1182,1067,1127,443,1183,447,1135,439,1230,1180,1225,3942,4225,1132,1238,1182,1181,1226,1276,1547,1122,1291,4619,385,1333,1181,1135,1331,1354,1150,1137,1249,1333
47.925613,1185,1212,1099,1137,1164,139,1086,923,1272,1270,958,1174,1232,1115,1098,1295,1099,3040,2591,1229,1175,1106,0,1266,1269,1130,1156,1132,1118,1182,1153,1182,1067,1127,443,1183,447,1135,439,1230,1180,1225,3942,4225,1132,1238,1182,1181,1226,1276,1547,1946,1291,4619,385,1333,1181,1135,1331,1354,1150,1137,1249,1333
48.175660,1185,1212,1099,1132,1164,139,1086,923,1272,1270,958,1174,1142,1115,1098,1234,1099,3040,2591,1229,1175,1106,0,1266,1269,1130,1156,1132,1118,1182,1153,1182,1067,1127,443,1183,447,1135,439,1230,1180,1225,3942,1315,1132,1238,1182,1321,1226,1276,1547,1946,1291,4619,385,1372,1181,1135,1331,1354,1150,1137,1249,1333
48.425702,1185,1182,1099,1132,1259,139,1086,923,1272,1270,958,1174,1142,1115,1098,1234,1099,3040,2591,1229,1175,1106,0,1266,1269,1130,1156,1132,1118,1182,1153,1182,1067,1127,443,1183,447,1135,439,1230,1180,1225,3942,1315,1132,1238,1182,1321,1226,1276,1547,1946,1291,4619,385,1372,1181,1135,1331,1354,1150,1137,1249,1333
48.675902,1185,1182,1083,1132,1259,139,1086,923,1272,1270,958,1174,1142,1115,1098,1234,1099,3040,2591,1229,1175,1106,0,1266,1269,1130,1156,1132,1118,1182,1153,1182,1067,1127,443,1183,447,1135,439,1256,1180,1225,3942,1315,1132,1238,1182,1321,1226,1276,1547,1946,1291,4619,385,1372,1181,1135,1331,1354,1150,1137,1249,1333
48.926017,1185,1188,1154,1197,1207,139,1086,923,1272,1270,3127,1174,1142,1115,1098,1247,1099,3040,2591,1229,1175,1106,0,1266,1269,1130,1156,1132,1118,1182,1153,1182,1067,2271,443,1183,447,1135,439,1358,1180,1225,3942,1281,1132,1238,1182,1321,1226,1276,1547,1946,1291,4619,385,1372,1181,1135,1331,1354,1150,1137,1249,1333
49.176017,1185,1188,1154,1163,1135,139,1086,923,1272,1270,3127,1174,1142,1115,1098,1277,1099,3040,2591,1229,1175,1106,0,1266,1269,1130,1156,1132,1118,1182,1153,1182,1067,2271,443,1183,447,1135,439,1358,1180,1225,3942,1281,1132,1238,1182,1321,1226,1276,1547,1946,1291,4619,385,1372,1181,1135,1366,1354,1150,1137,1249,1333
49.430186,1185,1188,1154,1149,1102,139,1086,923,1272,1209,3127,1174,1214,1115,1098,1277,1099,3040,2591,1229,1175,1106,0,1264,1269,1130,1156,1132,1118,1182,1153,1182,1067,2271,443,1183,447,1230,439,1219,1180,1225,3942,1281,1132,1238,1182,1321,1226,1367,1547,1946,1291,4619,385,1372,1556,1135,1366,1354,1150,1137,1249,1333
49.680493,1185,1188,1154,1182,1102,139,1086,923,1272,1209,3127,1174,1105,1115,1098,1277,1099,3040,2591,1229,1175,1106,0,1264,1269,1130,1156,1132,1118,1182,1153,1182,1067,2271,443,1183,447,1230,439,1249,1180,1225,3942,1281,1132,1238,1182,1321,1226,1248,1547,1352,1291,4619,385,1349,1556,1135,1366,1354,1150,1137,1249,1333
49.934758,1185,1188,1103,1145,1102,139,1086,923,1272,1209,3127,1174,1144,1115,1098,1314,1099,3040,2591,1229,1175,1106,0,1264,1269,1130,1156,1132,1118,1182,1153,1182,1067,2271,443,1183,447,1230,439,1249,1180,1225,3942,1281,1132,1238,1212,1321,1226,1248,1547,1352,1291,4619,385,1349,1556,1135,1366,1354,1150,1137,1249,1333
50.185210,1185,1188,1103,1115,1102,139,1086,923,1272,1209,1223,1174,1144,1115,1098,1314,1099,3040,2591,1229,1175,1106,0,1265,1269,1130,1156,1132,1118,1182,1153,1182,1067,2271,443,1183,447,1230,439,1249,1180,1225,3942,1281,1132,1238,1212,1321,1226,1248,1547,1352,1291,4619,385,1306,1556,1135,1214,1354,1150,1137,1249,1333
50.438704,1185,1188,1103,1075,1156,139,1086,923,1272,1209,1223,1174,1144,1115,1098,1314,1099,3040,2591,1229,1175,1106,0,1265,1269,1130,1156,1132,1118,1182,1153,1182,1067,2271,443,1183,447,1230,439,1249,1180,1225,3942,1281,1132,1238,1212,1321,1240,1248,1547,1164,1291,4619,385,1306,1556,1135,1243,1354,1150,1137,1249,1333
50.689124,1185,1188,1103,1139,1178,139,1086,923,1272,1209,1223,1174,1144,1115,1098,1314,1099,3040,2591,1229,1175,1106,0,1265,1179,1130,1156,1132,1118,1182,1153,1182,1067,2271,443,1183,447,1230,439,1249,1180,1225,3942,1281,1132,1238,1212,1321,1240,1248,1547,1164,1291,4619,385,1306,1556,1135,1243,1354,1238,1137,1259,1333
50.946549,1185,1188,1103,1167,1171,139,1086,923,1272,1209,1223,1174,1144,1115,1098,1314,1099,3040,2591,1229,1175,1106,0,1265,1179,1130,1156,1132,1118,1182,1153,1182,1067,2271,443,1183,447,1230,439,1211,1180,1225,3942,1281,1132,1238,1212,1321,1240,1233,1547,1164,1291,4619,385,1306,1397,1135,1243,1354,1238,1137,1259,1333
51.197018,1185,1248,1103,1167,1171,139,1086,923,1272,1209,1223,1174,1144,1115,1098,1314,1099,3040,2591,1229,1175,1159,0,1265,1179,1130,1156,1132,1118,1182,1153,1182,1067,2271,443,1183,447,1230,439,1211,1180,1225,3942,1281,1132,1238,1212,1321,1240,1233,1547,1164,1291,4619,385,1306,1397,1135,1243,1354,1238,1137,1259,1333
51.447290,1185,1248,1103,1167,1171,139,1086,923,1272,1146,3035,1174,1144,1115,1098,1314,1099,3040,2591,1229,1175,1310,0,1265,1179,1130,1156,1132,1118,1182,1153,1182,1067,2271,443,1183,447,1230,439,1211,1180,1225,3942,1281,1132,1238,1212,1321,1240,1324,1547,1164,1291,4619,385,1306,1397,1135,1243,1354,1293,1137,1259,1333
51.697692,1185,1248,1103,1167,1171,139,1086,923,1272,1146,3035,1174,971,1115,1098,1314,1099,3040,2591,1229,1175,1310,0,1265,1179,1130,1156,1132,1118,1182,1153,1182,1067,2271,443,1183,447,1230,439,1233,1180,1225,3942,1281,1132,1238,1222,1321,1204,1324,1547,1164,1291,4619,385,1306,1397,1135,1243,1354,1293,1137,1259,1333
51.948666,1185,1248,1103,1167,1206,139,1086,923,1272,1146,3035,1174,971,1115,1098,1314,1099,3040,2591,1229,1175,1113,0,1265,1179,1130,1156,1132,1118,1182,1153,1182,1067,1122,443,1183,447,1230,439,1259,1180,1225,3942,1122,1132,1238,1222,1321,1377,1324,1547,1123,1291,4619,385,1245,1397,1135,1137,1354,1293,1137,1259,1333
52.198947,1185,1248,1103,1167,1148,139,1086,923,1272,1146,3035,1174,971,1115,1098,1314,1099,3040,2591,1229,1175,1113,0,1196,1179,1130,1156,1132,1118,1182,1153,1182,1067,1122,443,1183,447,1230,439,1187,1180,1225,3942,1122,1132,1238,1222,1321,1377,1324,1547,1174,1291,4619,385,1201,1397,1135,1137,1354,1293,1168,1259,1333
52.453706,1185,1248,1103,1167,1148,139,1086,923,1272,1146,3035,1174,971,1115,1098,1314,1099,1143,2591,1229,1121,1113,0,1196,1179,1130,1156,1132,1118,1182,1153,1182,1067,1122,443,1183,447,1230,439,1131,1180,1225,3942,1122,1132,1238,1222,1321,1377,1240,1547,1145,1291,1148,385,1201,1397,1135,1190,1354,1293,1168,1259,1333
52.704132,1185,1248,1136,1113,1151,139,1086,923,1272,1146,3035,1174,1129,1115,1098,1314,1099,1143,2591,1229,1121,1128,0,1196,1179,1130,1156,1132,1118,1182,1153,1182,1067,1122,443,1183,447,1230,439,1147,1180,1225,3942,1122,1132,1238,1222,1176,1377,1240,1547,1145,1291,1148,385,1201,1397,1135,1190,1354,1130,1168,1259,1333
52.960740,1185,1248,1117,1176,1151,139,1086,923,1272,1146,3035,1174,1129,1115,1098,1314,1099,1143,2591,1229,1121,1128,0,1160,1179,1130,1156,1132,1118,1182,1153,1182,1067,1122,443,1183,447,1230,439,1080,1180,1225,3942,1122,1132,1238,1222,1176,1377,1240,1547,1145,1291,1148,385,1116,1397,1135,1181,1354,1130,1168,1259,1333
53.210789,1185,1248,1117,1203,1151,139,1086,923,1272,1146,3035,1174,1129,1115,1098,1314,1099,1143,2591,1229,1121,1128,0,1160,1179,1130,1156,1132,1118,1182,1153,1182,1067,1122,443,1183,447,1230,439,1080,1180,1225,3942,1122,1132,1238,1222,1384,1377,1240,1547,1145,1291,1148,385,1116,1177,1135,1219,1354,1130,1168,1259,1333
53.471217,1185,1248,1117,1203,1151,139,1086,923,1272,1146,3035,1174,1129,1115,1098,1314,1099,1143,2591,1229,1121,1128,0,1160,1179,1130,1156,1132,1118,1182,1153,1182,1067,1122,443,1183,447,1230,439,1080,1180,1225,3942,1122,1132,1238,1222,1384,1377,1240,1547,1098,1291,1148,385,1116,1184,1135,1219,1354,1081,1168,1259,1333
53.721349,1185,1248,1117,1203,1151,139,1086,923,1272,1137,3035,1174,1129,1115,1098,1150,1099,1143,2591,1229,1121,1128,0,1160,1179,1130,1156,1132,1118,1182,1153,1130,1067,1122,443,1183,447,1230,439,1080,1180,1225,3942,1122,1132,1238,1222,1384,1267,1253,1547,1098,1291,1119,385,1171,1244,1135,1230,1354,1157,1168,1259,1333
53.976977,1185,1248,1117,1203,1178,1206,1086,923,1272,1137,3035,1208,1129,1115,1098,1150,1099,1143,2591,1229,1121,1128,0,1160,1179,1130,1156,1132,1118,1182,1153,1130,1067,1122,443,1183,447,1230,439,1199,1180,1225,3942,1122,1132,1238,1222,1384,1267,1253,1547,1098,1291,1119,385,1171,1244,1135,1213,1354,1157,1168,1259,1333
54.227297,1185,1248,1117,1203,1146,1206,1086,923,1272,1169,3035,1208,1129,1115,1098,1176,1099,1143,2591,1229,1121,1128,0,1160,1179,1145,1274,1132,1118,1107,1153,1130,1067,1122,443,1183,447,1230,439,1199,1180,1225,3942,1081,1132,1238,1222,1134,1267,1253,1547,1151,1291,1119,385,1145,1244,1135,1213,1354,1202,1150,1164,1333
54.477298,1185,1248,1117,1170,1224,1206,1086,923,1272,1169,3035,1208,1129,1115,1098,1176,1099,1143,2591,1229,1121,1128,0,1160,1179,1145,1274,1132,1118,1107,1153,1130,1067,1122,443,1183,447,1230,439,1199,1180,1126,3942,1081,1132,1238,1222,1134,1108,1253,1547,1221,1291,1151,385,1155,1244,1135,1213,1354,1202,1150,1204,1333
54.729716,1185,1248,1117,1170,1167,1206,1086,923,1272,1169,3035,1208,1129,1115,1098,1128,1099,1143,2591,1229,1121,1128,0,1160,1179,1145,1274,1132,1118,1107,1153,1130,1067,1122,443,1183,447,1230,439,1245,1180,1126,3942,1081,1132,1238,1222,1217,1108,1253,1547,1221,1291,1151,385,1155,1244,1135,1213,1354,1202,1150,1204,1333
54.979909,1185,1248,1117,1057,1167,1206,1086,923,1272,1169,3035,1208,1129,1115,1098,1264,1099,1143,2591,1229,1121,1128,0,1160,1179,1145,1274,1132,1118,1107,1153,1130,1067,1122,443,1183,447,1230,439,1224,1180,1126,3942,1081,1132,1238,1098,1217,1108,1253,1547,1135,1291,1151,385,1155,1244,1135,1213,1354,1202,1150,1204,1333
55.239393,1185,1248,1117,1154,1217,1206,1086,923,1272,1169,3035,1104,1129,1115,1098,1264,1099,1143,2591,1229,1121,1128,0,1160,1179,1145,1274,1132,1118,1107,1153,1130,1067,1122,443,1183,447,1230,439,1224,1180,1126,3942,2584,1132,1238,1098,1217,1108,1253,1547,1135,1291,1151,385,1157,1244,1135,1209,1354,1202,1150,1204,1333
55.489394,1185,1248,1117,1145,1124,1206,1086,923,1272,1232,3035,1104,1129,1115,1098,1264,1099,1143,2591,1229,1121,1128,0,1160,1179,1145,1274,1132,1118,1107,1153,1130,1067,1122,443,1183,447,1230,439,1224,1180,1126,3942,2584,1132,1238,1098,1217,1108,1253,1547,1135,1291,1168,385,1157,1244,1135,1209,1354,1202,1150,1204,1333
55.747407,1185,1248,1117,1035,1084,1206,1086,923,1272,1232,3035,1104,1041,1115,1098,1264,1099,1143,2591,1229,1121,1128,0,1160,1179,1145,1274,1132,1118,4542,1153,1130,1067,1122,443,1183,447,1230,439,1224,1180,1126,3942,2584,1132,1238,1098,1217,1108,1253,1547,1135,1291,1168,385,1233,1244,1135,1209,1354,1202,1150,1204,1333
55.997600,1185,1248,1117,1302,1192,1206,1086,923,1272,1232,3035,1104,1041,1115,1098,1264,1099,1143,2591,1229,1121,1128,0,1160,1179,1145,1274,1132,1118,4542,1153,1130,1067,1122,443,1183,447,1170,439,1224,1180,1126,3942,2584,1132,1238,1098,1217,1108,1221,1547,1135,1291,1168,385,1206,1244,1135,2830,1354,3925,1150,1204,1333
56.253656,1185,1248,1117,1029,1103,1206,1086,923,1272,1232,3035,1074,1041,1115,1098,1180,1099,1143,2591,1229,1121,1157,0,1160,1179,1145,1274,1132,1118,1150,1153,1130,1067,1122,443,1183,447,1170,439,1224,1180,1126,3942,2584,1132,1238,1098,1160,1108,1237,1547,1194,1291,1168,385,1152,1244,1135,2830,1354,1171,1150,1204,1333
56.504108,1185,1248,1117,1127,1103,1206,1086,923,1272,1232,3035,1089,1041,1115,1098,1180,1099,1143,2591,1229,1095,1157,0,1160,1179,2573,1274,1132,1118,1150,1153,1130,1067,1122,443,1183,447,1170,439,1075,1180,1126,3942,2584,1132,1238,1098,1206,1108,1195,1547,1194,1291,1168,385,1152,1244,1135,2830,1354,1171,1150,1204,1333
56.762791,1185,1248,1117,1127,1019,1087,1086,923,1272,1232,3035,1089,1067,1115,1098,1180,1099,1143,2591,3993,1063,1157,0,1160,1179,2573,1274,1132,1118,1150,1153,1130,1067,1122,443,1183,447,1066,439,1075,1180,1126,3942,2584,1132,1238,1098,1206,1108,1195,1547,1194,1291,1168,385,1111,1266,1135,2830,1354,1071,1150,1121,1333
57.013343,1185,1248,1117,1127,972,1087,1086,923,1272,1232,3035,1089,1052,1115,1098,1180,1099,1224,1070,3993,1063,1157,0,1160,1179,2573,1274,1132,1118,1150,1153,1130,1067,1122,443,1183,447,1066,439,1075,1180,1126,3942,2584,1132,1238,1098,1110,1289,1178,1547,1194,1291,1168,385,1118,1048,1033,2830,1354,1070,1150,1121,1333
57.274559,1185,1248,1117,1127,1076,1087,1086,923,1198,1266,3035,1089,1085,1115,1098,1172,1211,1224,1070,3993,1063,1157,0,1160,1220,2573,1137,1132,1118,1150,1153,1130,1067,1122,443,1104,447,1066,439,1046,1186,1126,3942,1078,1132,1238,1098,1110,1011,1090,1547,1084,1291,1168,385,1093,727,914,2830,1354,1070,1150,1090,1333
57.525059,1185,1277,980,1020,1117,1160,1086,1076,1198,1187,1114,1089,1085,1115,1098,1172,1211,1224,1241,3993,1083,1157,0,1031,1154,2573,1137,1132,1118,1130,1153,1094,1067,1122,443,1104,447,1066,439,1079,1050,1126,3942,1119,1132,1238,1098,1110,687,910,1547,1084,1291,1168,385,1083,692,940,1129,1354,1084,1150,1088,1333
57.775259,1185,1277,953,1072,1117,1146,1086,1076,1194,1187,1065,1109,1085,1115,1098,1084,1191,1224,1241,3993,1083,1157,0,1031,1153,2573,1137,1132,1118,1130,1153,1094,736,1122,443,1104,447,1066,439,1075,784,1126,3942,1121,1132,1238,1098,1065,846,1134,1547,1111,1291,1168,385,1071,1207,940,1129,1354,1092,1150,1047,1333
58.026800,1185,1153,953,1111,1094,1013,1044,1076,1190,1187,1065,1109,1085,1059,1098,1084,687,1224,1241,3993,1083,1157,0,1031,766,930,983,1132,1118,1130,1153,1094,887,1122,443,1104,447,1066,439,1075,893,1126,3942,1121,1132,1238,1161,1065,846,1117,1547,1111,1291,1011,385,1021,1207,940,1080,1354,1092,1150,1057,1333
58.277124,526,1091,953,1093,929,956,1044,1076,594,672,1065,1067,1001,1059,1098,1122,698,862,1241,989,1083,1125,0,1155,839,930,983,1132,1118,1087,1153,1094,906,1122,443,1104,447,1066,439,1081,893,1126,3942,1052,1132,1238,1161,1065,954,1032,1547,1111,1291,1011,385,1083,1149,940,1087,1354,1092,1045,1057,1333
58.535390,545,628,953,1093,971,956,1044,1076,629,771,1065,1067,1009,1059,1098,1095,751,921,1241,975,1083,1125,0,1155,854,930,983,1132,1118,1087,1153,1067,906,1122,443,1104,447,1066,439,1077,893,1126,1032,1108,1132,1238,1161,1060,954,1106,1547,1111,1050,1035,385,1113,1128,940,1065,1354,1092,1045,1057,1333
58.785880,578,667,953,1083,994,956,1044,1076,689,835,1065,1067,1003,1059,1098,1161,813,1011,936,975,1083,1125,0,1155,854,930,983,1065,1118,1077,1153,1067,906,1122,443,1104,447,1066,439,1077,1038,1126,1032,1108,1132,1238,1161,1060,954,1104,1547,1111,1050,1035,385,1107,1128,940,1042,1354,1045,1045,1099,1333
59.041031,565,659,953,1085,1000,1040,1044,1076,673,787,1070,1067,1043,1059,1098,1161,784,954,936,975,1083,1084,0,1155,854,930,983,1065,1118,1077,1153,1067,906,1083,443,1104,447,1054,439,1115,1038,1126,1032,1000,1132,1238,1161,1060,954,1062,1547,1115,1050,1035,385,1111,1128,940,1058,1354,1132,1048,1099,1333
59.291064,552,642,953,1061,965,1040,1044,1076,660,780,1070,1067,1006,1059,1098,1161,766,912,980,975,1148,1084,0,1155,991,4137,1063,1084,1118,1012,975,1067,906,1083,443,1009,447,1068,439,1049,1038,1126,1032,979,1132,1238,1161,1039,1072,1062,1547,1050,1050,1035,385,1062,1128,1063,1033,1354,1132,1048,1045,1333
59.550860,535,623,953,1055,1005,968,1044,1076,641,742,1070,1096,1024,1059,1098,1161,752,943,980,975,1148,1084,0,1155,1010,4137,1063,1084,1118,1012,975,1067,906,1083,443,999,447,1068,439,1049,1038,1126,1032,979,1132,1238,1161,1039,1072,1056,1547,1095,1050,1035,385,1103,1128,1063,1083,1354,1132,1048,1045,1333
59.800860,521,602,953,1069,985,1014,1044,1076,616,745,1070,1096,1012,1059,1098,1146,731,953,980,2525,1148,1084,0,1155,988,4137,1063,1043,1118,1012,975,1067,906,1083,1069,999,447,1025,439,1036,1038,1126,1032,1061,1013,1238,1161,1039,1103,1056,1547,1053,1050,1035,385,1079,1128,1063,1049,1354,1132,1048,1056,1333
60.050943,495,581,953,1079,1030,898,1044,1076,585,705,1070,1096,1019,1030,1098,1146,696,813,980,2525,1148,1119,0,1056,867,4137,1063,1043,1118,1033,975,1075,906,1083,1069,1121,447,1092,439,1036,1055,1126,1032,1061,1013,1238,1161,1101,1070,1101,1547,1053,1050,1085,385,1099,1123,1063,1086,1354,1132,1048,1061,1333
60.301377,508,586,953,1097,1010,933,1044,1076,605,729,1070,1096,1028,1066,1098,1130,733,852,620,2525,1148,1119,0,1056,944,4137,1063,1043,1118,1004,975,1075,906,1083,1069,1030,447,1118,439,1036,1055,970,1215,1063,1013,1238,1161,1101,1070,1033,1547,1075,1050,1085,385,1069,1123,1063,1106,1354,1059,1040,1116,1333
60.551574,495,1174,953,1075,891,917,1044,1076,608,708,1070,1066,1024,1066,1098,1292,718,913,1046,2525,1076,1046,0,1056,1030,4137,1063,1043,1118,1004,975,1075,906,1083,1069,1044,447,1118,439,1022,1055,1037,1085,1063,1013,1238,1161,1101,1100,1104,1547,1075,1050,1085,385,1152,1123,1101,1078,1354,1059,1040,1116,1333
60.801785,477,1191,953,1110,937,917,1044,1076,580,710,1070,1066,1085,1066,1098,1292,703,941,1046,2525,1072,1046,0,1056,895,4137,1063,1043,1118,1004,975,1075,906,1083,1069,1044,447,1118,439,1022,1115,1037,1085,1063,1013,1238,1161,1101,1100,1148,1547,1075,1050,1085,385,1205,1189,1101,1114,1354,1137,1040,1116,1333
61.056126,581,1254,1104,1043,1097,917,1044,1076,722,903,1070,1207,1115,1066,1098,1292,940,805,1046,2525,1072,1046,0,1056,973,4137,1063,1043,1118,1004,975,1075,906,1083,1069,1044,447,1118,439,1232,1245,1037,1085,1063,1013,1238,1161,1101,1100,1148,1547,1075,1050,1085,385,1205,1245,1101,1114,1354,1204,1259,1116,1333
61.306165,509,678,1068,979,1086,917,1044,1076,603,836,1148,1114,1157,1066,1098,1292,722,1015,1046,2525,1072,1214,0,1056,857,4137,1063,1043,1118,1004,1307,1075,906,1083,1069,1044,447,1118,439,1232,1245,1037,1085,1063,1013,1238,1161,1101,1100,1148,1547,1075,1050,1085,385,1205,1245,1101,1262,1354,1193,1184,1116,1333
61.557535,537,1206,1088,1064,1102,917,1044,1076,659,900,1133,1116,1134,1066,1098,1292,835,851,1046,2525,1072,1156,0,1056,926,1215,1063,1043,1118,1004,1307,1075,906,1083,1069,1044,447,1118,439,1232,1245,1037,1085,1063,1013,1238,1161,1101,1100,1438,1547,1075,1050,1085,385,1353,1245,1101,1262,1354,1298,1137,1370,1333
61.807984,432,1210,1112,1068,1003,78,1044,1076,517,656,1133,1195,1137,1066,1098,1292,620,773,1046,2525,1072,1183,0,1056,730,1215,1063,1043,1118,1004,1307,1075,906,1083,1069,1044,447,1118,439,1229,1245,1037,1085,1063,1013,1238,1387,1273,1100,1438,1547,1264,1050,1085,385,1353,1245,1101,1375,1354,1299,1298,1370,1333
62.058735,575,1089,1066,1043,1185,78,1044,1076,673,1078,1193,1124,1117,1066,1098,1292,922,809,1046,2525,1072,1183,0,1056,866,1215,1063,1043,1118,1004,1307,1075,906,1083,1069,1044,447,1118,439,1229,1245,1037,1085,1341,1013,1238,1387,1273,1100,1273,1547,1264,1050,1085,385,1353,1245,1101,1375,1354,1299,1298,1370,1333
62.309142,575,1073,1050,1008,1185,78,1044,1076,737,1095,1193,1117,1117,1066,1098,1292,922,1177,1046,2525,1072,1183,0,1056,1161,1215,1063,1043,1118,1004,1307,1075,906,1083,1069,1044,447,1118,439,1229,1218,1037,1085,1286,1013,1238,1387,1273,1100,1273,1547,1264,1050,1085,385,1353,1245,1101,1375,1354,1299,1298,1370,1333
