time,gyro x,gyro y,gyro z,accel x,accel y, accel z
12.5180,0.0015,0.0027,0.0005,-0.0091,-0.0061,1.0385
12.6180,0.0002,0.0003,0.0002,-0.0043,0.0011,1.0145
12.7180,0.0002,0.0009,-0.0003,0.0053,0.0011,1.0217
12.8180,0.0002,0.0006,0.0008,-0.0234,0.0011,1.0289
12.9180,-0.0014,-0.0010,-0.0000,-0.0067,-0.0204,1.0481
13.0180,-0.0003,-0.0013,-0.0000,0.0101,-0.0037,1.0313
13.1180,0.0010,0.0003,-0.0006,0.0029,0.0131,1.0145
13.2180,0.0013,0.0030,0.0002,-0.0115,-0.0204,1.0050
13.3180,-0.0003,-0.0002,-0.0008,0.0149,-0.0324,1.0121
13.4180,0.0021,0.0025,-0.0000,-0.0067,-0.0085,1.0145
13.5180,0.0021,0.0009,-0.0003,-0.0067,-0.0013,1.0433
13.6180,-0.0025,-0.0037,-0.0006,-0.0019,0.0083,1.0169
13.7180,0.0021,0.0035,-0.0003,0.0197,-0.0061,1.0361
13.8180,-0.0003,-0.0002,-0.0003,0.0173,0.0083,1.0265
13.9180,-0.0014,-0.0005,0.0002,-0.0019,0.0011,1.0265
14.0180,0.0002,0.0006,-0.0000,-0.0043,0.0011,0.9954
14.1180,0.0098,0.0097,0.0002,-0.0139,0.0035,1.0672
14.2180,-0.0019,-0.0031,0.0002,-0.0115,-0.0061,1.0002
14.3180,-0.0003,0.0001,-0.0000,-0.0091,-0.0013,1.0026
14.4180,0.0013,0.0019,-0.0003,0.0101,0.0203,1.0026
14.5180,0.0023,0.0033,0.0005,-0.0067,-0.0013,0.9978
14.6180,-0.0003,0.0001,-0.0006,0.0077,-0.0180,0.9834
14.7180,-0.0027,-0.0061,-0.0008,-0.0186,-0.0037,0.9906
14.8180,0.0037,0.0065,-0.0000,-0.0067,-0.0132,1.0337
14.9180,0.0013,0.0025,-0.0006,-0.0067,0.0059,1.0385
15.0180,-0.0014,-0.0010,0.0005,-0.0019,-0.0228,1.0026
15.1180,-0.0006,-0.0013,-0.0006,-0.0067,0.0059,1.0528
15.2180,-0.0011,-0.0013,-0.0000,-0.0019,-0.0180,1.0361
15.3180,-0.0006,-0.0005,0.0002,0.0101,0.0155,1.0289
15.4180,0.0013,0.0027,0.0010,0.0221,-0.0180,1.0169
15.5180,-0.0014,-0.0018,0.0010,0.0125,0.0011,1.0481
15.6180,-0.0009,-0.0005,0.0005,0.0173,-0.0061,1.0504
15.7180,-0.0003,-0.0002,-0.0000,0.0125,-0.0132,0.9834
15.8180,0.0055,0.0062,-0.0000,0.0077,0.0011,1.0265
15.9180,-0.0011,-0.0007,-0.0003,0.0053,-0.0085,1.0026
16.0180,-0.0006,-0.0010,-0.0003,0.0149,0.0083,0.9858
16.1180,-0.0003,0.0014,-0.0003,-0.0091,0.0035,1.0097
16.2180,0.0007,0.0019,-0.0008,0.0077,0.0011,1.0337
16.3180,-0.0003,-0.0002,-0.0008,0.0101,0.0155,1.0337
16.4180,-0.0017,-0.0013,-0.0006,-0.0019,-0.0037,1.0097
16.5180,-0.0011,0.0003,-0.0003,-0.0091,-0.0132,0.9954
16.6180,0.0018,0.0017,-0.0000,0.0029,-0.0085,1.0193
16.7180,0.0007,0.0014,0.0002,0.0005,-0.0085,1.0313
16.8180,-0.0003,-0.0005,-0.0000,-0.0019,-0.0109,1.0193
16.9180,0.0021,0.0041,0.0013,-0.0067,-0.0276,1.0289
17.0180,-0.0086,-0.0045,0.0002,0.0436,-0.0109,1.0313
17.1180,0.0039,0.0051,0.0002,0.0436,0.0131,1.0193
17.2180,0.0034,0.0049,0.0002,0.0125,-0.0013,1.0720
17.3180,0.0002,-0.0005,-0.0014,0.0101,-0.0037,1.0050
17.4180,-0.0006,-0.0005,-0.0008,-0.0043,-0.0085,1.0002
17.5180,0.0015,0.0030,-0.0003,0.0101,0.0083,0.9930
17.6180,0.0010,0.0033,-0.0003,-0.0139,-0.0156,1.0097
17.7180,0.0018,0.0003,-0.0006,0.0101,0.0107,1.0145
17.8180,-0.0017,-0.0010,-0.0000,0.0053,-0.0132,1.0241
17.9180,0.0002,0.0001,-0.0008,0.0029,-0.0013,1.0193
18.0180,0.0007,0.0009,-0.0006,0.0292,-0.0204,1.0217
18.1180,-0.0001,0.0001,-0.0000,-0.0043,-0.0061,1.0145
18.2180,0.0005,0.0009,0.0005,-0.0115,-0.0156,1.0145
18.3180,-0.0003,-0.0002,-0.0003,-0.0067,0.0035,0.9978
18.4180,0.0013,0.0011,-0.0000,0.0101,0.0011,0.9954
18.5180,0.0015,0.0019,-0.0000,0.0125,-0.0037,1.0528
18.6180,0.0005,0.0001,0.0002,-0.0019,-0.0037,1.0193
18.7180,0.0007,0.0003,-0.0000,-0.0019,0.0299,1.0552
18.8180,-0.0001,0.0006,-0.0006,0.0221,0.0131,1.0193
18.9180,0.0007,0.0011,-0.0006,-0.0019,-0.0204,1.0026
19.0180,-0.0003,0.0011,-0.0006,0.0197,0.0155,1.0026
19.1180,-0.0001,0.0011,-0.0008,0.0149,-0.0180,1.0289
19.2180,0.0013,0.0014,0.0002,0.0005,-0.0085,1.0169
19.3180,-0.0003,-0.0007,0.0005,-0.0043,-0.0180,1.0385
19.4180,0.0005,0.0001,-0.0000,0.0197,0.0059,1.0145
19.5180,-0.0006,-0.0002,-0.0003,0.0005,0.0107,1.0361
19.6180,0.0002,0.0003,0.0002,0.0101,0.0155,1.0457
19.7180,0.0002,0.0017,0.0005,0.0077,-0.0109,1.0145
19.8180,0.0002,-0.0002,0.0005,-0.0091,-0.0085,1.0457
19.9180,0.0007,0.0011,0.0005,0.0101,-0.0156,1.0241
20.0180,0.0007,0.0006,0.0002,-0.0139,-0.0156,1.0193
20.1180,0.0007,0.0001,-0.0000,0.0244,-0.0252,1.0265
20.2180,-0.0001,0.0006,-0.0006,-0.0258,0.0131,1.0145
20.3180,-0.0006,0.0011,0.0008,-0.0043,-0.0013,0.9810
20.4180,0.0055,0.0070,-0.0003,-0.0019,-0.0132,1.0193
20.5180,0.0010,0.0027,0.0005,0.0005,-0.0037,1.0504
20.6180,0.0029,0.0057,-0.0000,-0.0115,-0.0061,1.0073
20.7180,0.0095,0.0134,-0.0000,0.0077,-0.0109,0.9762
20.8180,0.0018,0.0022,0.0002,-0.0306,0.0107,0.9858
20.9180,0.0005,0.0009,0.0002,-0.0115,0.0035,1.0385
21.0180,0.0005,0.0003,-0.0000,-0.0067,-0.0156,1.0217
21.1180,-0.0003,0.0011,0.0005,-0.0258,0.0346,1.0026
21.2180,0.0010,0.0019,0.0002,-0.0067,-0.0300,1.0313
21.3180,-0.0019,-0.0018,0.0016,-0.0546,0.0275,0.9236
21.4180,-0.0001,0.0011,0.0005,-0.0689,-0.0180,1.0145
21.5180,0.0029,0.0046,-0.0006,-0.0402,0.0275,1.0145
21.6180,0.0018,0.0043,0.0005,-0.0737,-0.1761,1.0911
21.7180,-0.0001,-0.0021,-0.0022,-0.0593,-0.0228,1.0169
21.8180,-0.0027,-0.0034,-0.0016,-0.0737,-0.0803,1.0217
21.9180,0.0002,0.0011,-0.0016,-0.0641,0.0107,1.0265
22.0180,-0.0003,0.0014,-0.0022,-0.0402,-0.0372,1.0073
22.1180,-0.0003,0.0003,0.0005,-0.0593,-0.0156,1.0313
22.2180,-0.0009,0.0001,-0.0008,-0.0570,-0.0348,1.0050
22.3180,-0.0001,0.0006,0.0008,-0.0282,0.0059,1.0121
22.4180,0.0005,0.0014,-0.0000,-0.0378,-0.0276,1.0073
22.5180,0.0002,0.0009,0.0005,-0.0330,0.0011,1.0337
22.6180,-0.0011,-0.0007,0.0002,-0.0210,-0.0013,1.0481
22.7180,0.0010,0.0001,-0.0003,-0.0306,0.0179,1.0313
22.8180,0.0013,0.0011,-0.0003,0.0173,0.0179,1.0145
22.9180,-0.0001,0.0001,-0.0000,-0.0115,-0.0204,1.0050
23.0180,-0.0003,0.0001,0.0002,-0.0210,0.0275,1.0313
23.1180,-0.0006,-0.0002,-0.0008,0.0149,-0.0013,1.0241
23.2180,-0.0001,0.0001,-0.0011,0.0053,0.0418,1.0217
23.3180,0.0007,0.0017,-0.0011,-0.0139,0.0035,1.0313
23.4180,0.0007,0.0001,0.0002,0.0173,-0.0061,1.0481
23.5180,-0.0003,0.0003,-0.0003,0.0053,0.0083,1.0193
23.6180,0.0005,0.0011,0.0013,-0.0115,0.0275,1.0026
23.7180,0.0002,0.0011,-0.0003,0.0436,-0.0204,1.0241
23.8180,-0.0001,0.0003,0.0005,-0.0761,0.0227,1.0193
23.9180,0.0005,0.0009,0.0016,0.0412,0.0442,1.0313
24.0180,0.0007,0.0017,0.0008,0.0005,0.0203,1.0145
24.1180,0.0015,0.0019,0.0010,-0.0115,0.0059,1.0097
24.2180,0.0013,0.0038,0.0005,-0.0210,0.0275,1.0026
24.3180,0.0005,0.0001,0.0002,0.0388,-0.0013,1.0050
24.4180,0.0007,0.0019,0.0010,-0.0570,0.0370,0.9954
24.5180,0.0015,0.0017,-0.0000,0.0508,-0.0132,1.0121
24.6180,-0.0038,-0.0034,0.0002,-0.0306,0.0131,1.0193
24.7180,-0.0014,-0.0015,-0.0003,0.0053,0.0155,1.0265
24.8180,0.0055,0.0067,-0.0008,-0.0426,0.0107,1.0026
24.9180,-0.0118,-0.0127,-0.0006,0.0244,0.0059,1.0792
25.0180,-0.0049,-0.0055,-0.0006,0.0149,-0.0132,1.0361
25.1180,0.0013,0.0019,-0.0000,0.0005,0.0275,1.0026
25.2180,-0.0046,-0.0023,0.0002,0.0221,-0.0300,1.0313
25.3180,-0.0006,-0.0026,0.0005,-0.0234,0.0251,1.0097
25.4180,0.0002,0.0022,-0.0000,-0.0139,-0.0348,0.9954
25.5180,0.0023,0.0035,-0.0003,-0.0258,0.0203,1.0145
25.6180,-0.0009,-0.0013,-0.0000,0.0412,-0.0204,1.0241
25.7180,-0.0006,-0.0018,0.0005,-0.0163,0.0203,1.0433
25.8180,0.0005,0.0009,0.0002,0.0197,-0.0156,1.0528
25.9180,0.0015,0.0017,-0.0000,0.0005,0.0227,1.0097
26.0180,0.0002,0.0011,-0.0000,-0.0043,-0.0228,1.0241
26.1180,0.0002,0.0001,-0.0006,-0.0210,0.0059,1.0241
26.2180,-0.0001,-0.0007,-0.0008,0.0244,0.0155,1.0241
26.3180,-0.0003,0.0001,-0.0006,-0.0186,-0.0013,1.0241
26.4180,-0.0003,0.0006,0.0005,0.0173,0.0107,0.9882
26.5180,-0.0003,0.0006,-0.0000,0.0125,0.0179,1.0193
26.6180,0.0007,-0.0002,-0.0003,0.0029,-0.0204,1.0265
26.7180,-0.0001,0.0001,0.0008,0.0221,0.0083,1.0265
26.8180,0.0010,0.0006,0.0008,0.0029,-0.0109,0.9858
26.9180,0.0005,0.0003,0.0008,0.0125,0.0131,1.0217
27.0180,0.0005,0.0003,0.0013,0.0101,0.0203,1.0265
27.1180,0.0007,0.0001,0.0005,-0.0186,-0.0156,1.0121
27.2180,0.0002,0.0001,0.0013,-0.0043,0.0035,1.0337
27.3180,0.0010,0.0003,0.0008,0.0077,-0.0180,1.0289
27.4180,0.0005,0.0003,-0.0003,-0.0210,0.0107,1.0313
27.5180,0.0002,0.0003,0.0002,0.0268,-0.0204,1.0193
27.6180,-0.0001,0.0011,-0.0006,-0.0019,0.0059,1.0385
27.7180,0.0007,0.0006,-0.0008,0.0149,-0.0013,1.0121
27.8180,0.0005,0.0009,-0.0003,0.0029,-0.0013,1.0073
27.9180,0.0010,0.0009,0.0005,0.0197,-0.0085,1.0121
28.0180,-0.0006,0.0009,-0.0006,0.0173,-0.0013,0.9882
28.1180,0.0005,0.0001,0.0002,0.0005,-0.0132,1.0217
28.2180,0.0007,0.0009,0.0005,0.0173,-0.0013,1.0073
28.3180,0.0002,0.0009,0.0008,0.0101,0.0179,1.0121
28.4180,0.0002,0.0011,0.0005,0.0125,0.0011,1.0289
28.5180,-0.0001,0.0009,0.0002,-0.0067,-0.0037,1.0241
28.6180,0.0005,0.0014,0.0005,-0.0091,-0.0013,1.0361
28.7180,-0.0003,0.0006,0.0002,-0.0234,0.0059,1.0121
28.8180,0.0007,-0.0002,0.0008,-0.0115,-0.0037,1.0026
28.9180,-0.0001,0.0009,-0.0000,-0.0067,0.0083,1.0097
29.0180,0.0005,0.0001,-0.0000,0.0101,-0.0061,1.0193
29.1180,-0.0001,0.0006,-0.0003,0.0005,-0.0085,1.0409
29.2180,-0.0003,0.0001,-0.0008,0.0005,0.0131,1.0073
29.3180,-0.0003,0.0006,-0.0006,-0.0163,0.0011,1.0002
29.4180,-0.0001,0.0003,-0.0000,-0.0043,0.0035,1.0121
29.5180,0.0007,0.0003,-0.0003,-0.0163,0.0035,1.0265
29.6180,0.0007,0.0006,0.0002,0.0077,-0.0252,1.0145
29.7180,0.0005,0.0006,-0.0000,0.0149,-0.0013,1.0241
29.8180,-0.0001,0.0006,0.0005,0.0125,-0.0180,1.0289
29.9180,0.0002,-0.0010,-0.0000,0.0053,-0.0109,1.0313
30.0180,-0.0001,-0.0007,0.0005,0.0197,0.0059,1.0337
30.1180,-0.0001,0.0006,-0.0008,0.0005,-0.0037,1.0121
30.2180,-0.0001,0.0001,0.0010,0.0101,-0.0013,1.0265
30.3180,0.0002,-0.0002,-0.0003,-0.0210,0.0131,1.0193
30.4180,0.0002,0.0011,-0.0000,-0.0067,0.0011,0.9978
30.5180,0.0002,0.0017,-0.0006,0.0053,-0.0085,1.0193
30.6180,-0.0001,0.0011,-0.0011,0.0029,0.0059,1.0145
30.7180,0.0005,0.0001,-0.0003,-0.0115,0.0059,1.0193
30.8180,-0.0001,0.0009,-0.0003,0.0125,0.0011,1.0002
30.9180,-0.0006,0.0001,-0.0006,0.0005,0.0035,1.0576
31.0180,-0.0011,0.0003,-0.0003,-0.0019,-0.0013,1.0385
31.1180,0.0005,0.0001,-0.0006,-0.0067,0.0035,1.0313
31.2180,0.0005,0.0011,0.0005,0.0005,0.0011,1.0313
31.3180,0.0010,0.0011,0.0002,0.0077,0.0035,1.0193
31.4180,0.0002,0.0009,-0.0000,0.0173,-0.0061,1.0337
31.5180,-0.0003,-0.0002,0.0005,0.0053,0.0179,1.0121
31.6180,-0.0001,0.0003,0.0005,-0.0091,0.0083,1.0241
31.7180,0.0013,0.0006,0.0008,0.0053,-0.0180,1.0073
31.8180,0.0005,0.0009,-0.0003,0.0077,-0.0013,1.0433
31.9180,0.0007,0.0006,0.0002,0.0005,0.0083,1.0145
32.0180,-0.0006,0.0003,-0.0006,0.0029,-0.0037,1.0050
32.1180,-0.0001,0.0003,-0.0008,0.0101,-0.0061,1.0337
32.2180,0.0007,0.0006,-0.0000,0.0149,0.0011,1.0409
32.3180,0.0002,0.0006,-0.0003,-0.0091,-0.0061,1.0145
32.4180,-0.0001,0.0014,0.0002,0.0244,-0.0061,1.0457
32.5180,0.0007,0.0006,0.0002,-0.0306,-0.0156,0.9906
32.6180,0.0005,0.0003,-0.0000,0.0340,-0.0037,1.0050
32.7180,-0.0001,0.0009,0.0002,0.0077,0.0011,1.0169
32.8180,-0.0003,0.0003,0.0005,-0.0019,-0.0037,0.9930
32.9180,0.0013,0.0022,0.0013,-0.0067,-0.0228,1.0050
33.0180,0.0031,0.0033,-0.0006,-0.0115,0.0083,1.0169
33.1180,0.0050,0.0086,0.0008,-0.0210,-0.0180,1.0265
33.2180,0.0010,0.0025,0.0005,-0.0498,-0.0013,1.0385
33.3180,0.0010,0.0019,0.0002,-0.0306,-0.0204,1.0026
33.4180,-0.0001,0.0006,-0.0006,-0.0306,-0.0156,1.0193
33.5180,-0.0009,-0.0007,-0.0006,-0.0139,-0.0180,1.0026
33.6180,-0.0003,0.0006,-0.0000,-0.0378,-0.0109,1.0145
33.7180,-0.0003,0.0006,-0.0014,-0.0306,-0.0132,1.0337
33.8180,-0.0006,0.0035,-0.0003,-0.0091,0.0131,1.0409
33.9180,-0.0003,-0.0010,-0.0006,-0.0258,-0.0204,1.0361
34.0180,0.0007,0.0003,0.0002,-0.0354,-0.0156,1.0241
34.1180,0.0026,0.0035,0.0002,-0.0163,0.0011,1.0050
34.2180,-0.0006,0.0030,-0.0003,-0.0378,0.0035,1.0050
34.3180,-0.0009,0.0022,0.0008,-0.0402,-0.0085,1.0145
34.4180,0.0010,0.0057,-0.0003,-0.0354,-0.0132,1.0217
34.5180,-0.0006,-0.0002,0.0002,-0.0282,-0.0132,1.0217
34.6180,-0.0065,0.0075,-0.0019,-0.0522,0.0179,1.0097
34.7180,0.0010,0.0275,-0.0371,-0.0761,0.1280,1.0169
34.8180,-0.0155,0.0147,-0.0224,-0.1048,0.1136,1.0361
34.9180,-0.0006,0.0320,-0.0296,-0.1168,0.0155,1.0600
35.0180,-0.0089,0.0480,-0.0523,-0.0067,-0.1282,0.9786
35.1180,0.0013,0.0558,-0.0342,-0.1168,0.1136,1.0816
35.2180,-0.0339,0.0105,-0.0102,-0.0378,0.3363,0.9451
35.3180,-0.2252,-0.2096,0.0413,-0.2485,-0.2048,1.1175
35.4180,0.0186,-0.1659,0.0330,-0.2700,-0.3508,1.3689
35.5180,0.3375,-0.0042,0.0375,0.0244,-0.2575,1.3713
35.6180,0.3152,0.0899,-0.0142,-0.0689,-0.0300,1.5269
35.7180,-0.0627,-0.0857,-0.1104,-0.2964,0.0059,1.3306
35.8180,-0.1762,-0.2041,-0.1602,-0.4544,-0.4203,1.2204
35.9180,-0.0768,-0.1409,-0.2167,-0.3083,-0.6118,1.1965
36.0180,0.0282,-0.1241,-0.2862,-0.0163,-0.6262,1.1414
36.1180,-0.0142,-0.1923,-0.4307,0.3764,-0.7531,1.1845
36.2180,-0.0531,-0.2256,-0.5532,0.6182,-0.7315,1.2396
36.3180,-0.1170,-0.1734,-0.6718,0.8528,-0.5902,1.0528
36.4180,-0.1168,-0.0732,-0.8026,0.6757,0.8151,1.2827
36.5180,-0.0539,-0.0354,-0.9971,0.6302,0.6476,1.1725
36.6180,-0.0291,-0.1774,-0.8762,0.8241,0.6116,0.5525
36.7180,-0.0462,-0.0231,-0.8367,1.0133,0.1711,0.1694
36.8180,0.0610,0.1706,-0.6622,0.9917,0.0107,-0.0078
36.9180,-0.0123,0.3470,-0.6534,1.3293,0.1998,0.3920
37.0180,-0.0653,0.3025,-0.7267,1.1952,0.6667,0.4471
37.1180,-0.1085,0.0888,-0.9263,1.0300,0.6164,0.5716
37.2180,-0.0534,-0.0338,-1.0475,0.8193,0.4321,0.8350
37.3180,-0.0518,-0.0407,-0.9833,0.6086,0.1089,1.1342
37.4180,-0.0856,-0.0543,-0.7584,0.8504,-0.0875,0.6913
37.5180,-0.0542,-0.0135,-0.6217,1.3580,-0.2000,0.5644
37.6180,-0.0965,-0.0103,-0.4314,1.7076,-0.1521,0.7512
37.7180,-0.2663,-0.0279,-0.1581,1.5591,-0.1808,1.0097
37.8180,-0.3219,0.0286,0.1327,1.4011,0.2429,2.1757
37.9180,-0.0488,0.0619,0.3488,1.8153,0.2166,0.0090
38.0180,-0.2790,0.0131,0.4950,0.5536,0.6308,1.1606
38.1180,0.1177,0.0792,0.7863,1.0779,0.7505,0.7009
38.2180,0.2430,0.0142,0.9280,0.3046,0.7002,1.0217
38.3180,0.1745,0.1309,1.1537,0.9726,0.5207,1.0217
38.4180,0.3485,0.0680,1.2321,0.8792,0.7649,0.1167
38.5180,-0.1085,-0.1262,1.3336,-0.9308,0.5901,3.1478
38.6180,0.1177,0.0363,1.0818,-0.4400,0.2765,1.3976
38.7180,0.4335,0.2132,0.9819,-0.0091,0.9085,1.1510
38.8180,0.0199,-0.0660,0.5934,0.4793,0.8606,0.8134
38.9180,-0.3483,-0.2480,0.4143,0.7666,0.8989,2.0871
39.0180,-0.2250,-0.0117,0.2342,0.8169,0.4632,1.5604
39.1180,0.0927,-0.1923,0.2606,0.1322,0.5350,1.2492
39.2180,-0.0166,-0.4926,0.2097,-0.1431,0.4369,1.1007
39.3180,-0.1445,-0.2533,0.1017,1.0779,-0.3389,1.2300
39.4180,0.0018,-0.0761,0.1777,0.9558,-0.1234,1.0528
39.5180,-0.0294,-0.1105,0.1878,1.6621,-0.0827,0.9403
39.6180,-0.1786,-0.1835,0.1689,1.0324,0.1951,1.1103
39.7180,-0.3382,-0.1143,0.2086,1.1761,0.1304,0.9714
39.8180,-0.0925,-0.0495,0.2805,0.9726,-0.0827,0.6913
39.9180,0.2088,0.1282,0.1633,1.0994,-0.3005,0.5692
40.0180,0.3525,-0.0335,0.0975,1.4634,-0.4490,0.1406
40.1180,0.1095,-0.2227,-0.0128,1.9901,-0.0755,0.5405
40.2180,0.0346,-0.1659,-0.0795,2.4665,-0.0803,0.9666
40.3180,-0.1061,-0.1268,-0.0771,2.8520,-0.3029,0.9427
40.4180,0.0079,-0.2118,-0.2425,2.1888,-0.0396,1.0696
40.5180,-0.0206,-0.2454,-0.1546,2.1744,-0.2766,0.5213
40.6180,-0.3052,-0.2507,-0.1916,0.7427,0.1591,0.5141
40.7180,0.0631,0.1192,-0.1069,2.3468,-0.2718,0.4495
40.8180,0.2504,0.2766,-0.0315,2.6772,0.1232,0.0545
40.9180,-0.0547,0.1272,0.0415,2.5695,0.0753,0.2364
41.0180,-0.1978,0.1176,0.0676,2.8831,-0.4011,0.5046
41.1180,-0.0366,0.1381,0.2134,2.6102,-0.7411,1.1247
41.2180,-0.0216,0.0046,0.2302,1.6764,-0.1832,0.9283
41.3180,-0.1762,0.0448,0.1883,0.9749,0.5638,1.4527
41.4180,0.1047,0.5218,0.1891,1.2192,0.2765,0.8781
41.5180,0.2302,0.5034,0.1396,0.9702,-0.0180,0.3920
41.6180,-0.0200,0.1453,0.1878,1.0252,0.2214,0.2364
41.7180,-0.0861,0.1298,0.1620,1.5974,0.2956,0.5572
41.8180,0.0111,0.3398,0.3480,1.3844,0.0251,0.9044
41.9180,-0.0123,0.3670,0.7436,0.7762,0.2741,1.4239
42.0180,-0.0480,0.1845,0.8953,-0.6268,0.5925,0.7057
42.1180,-0.2255,-0.1505,1.0376,-0.9835,-0.0563,1.3665
42.2180,-0.1956,-0.2128,1.1854,-0.3467,-0.4490,1.2683
42.3180,0.0825,-0.1401,1.2611,-0.1503,0.4033,1.5149
42.4180,0.1609,0.0027,1.1953,0.4985,0.2214,1.5748
42.5180,0.2315,-0.0399,1.1908,0.6350,0.4728,1.1271
42.6180,0.3008,-0.1135,1.1463,-0.0186,1.1791,0.9427
42.7180,0.2430,0.0979,1.1497,-1.0529,1.2892,0.9834
42.8180,0.1438,0.1821,0.8361,-0.0570,0.7146,0.2244
42.9180,-0.0160,0.0288,0.5110,0.0149,0.9420,1.0600
43.0180,0.0508,0.1538,0.1223,-0.1599,1.1025,1.7304
43.1180,0.3757,-0.0245,0.1108,-0.5214,1.1527,1.7136
43.2180,0.1638,-0.1052,0.0293,-1.1248,0.1783,0.6195
43.3180,-0.3305,-0.0013,0.2947,-0.6771,0.6164,1.7184
43.4180,-0.0901,0.0960,0.3607,0.3716,0.3698,0.2292
43.5180,0.0175,-0.1100,0.4815,0.4219,0.6069,1.5149
43.6180,0.0780,0.0001,0.6904,1.0037,0.6835,1.4120
43.7180,-0.0661,-0.0500,0.8430,0.3908,1.2892,1.4742
43.8180,-0.3808,-0.0005,1.0280,-0.5861,2.3714,1.4287
43.9180,-0.2679,0.1908,1.0296,-0.0210,2.0553,0.0449
44.0180,-0.1333,0.0440,1.0178,0.1657,1.6818,0.2101
44.1180,-0.1304,-0.0237,0.9491,0.3812,1.3682,0.6243
44.2180,-0.0240,-0.0130,0.8694,0.0532,1.1815,1.1510
44.3180,0.0354,-0.0117,1.0288,-0.2485,1.4544,1.4910
44.4180,-0.0624,0.3243,1.0437,-0.9404,0.9708,1.4168
44.5180,0.1148,0.1994,1.1783,0.5536,1.3131,0.3944
44.6180,0.0106,0.1008,1.2768,-0.1192,1.5502,0.8517
44.7180,-0.0629,-0.0594,1.3451,0.1011,1.5502,1.2970
44.8180,0.0855,0.1437,1.1804,-0.7034,1.4400,0.7344
44.9180,0.0538,0.2407,0.9342,-1.2636,1.4903,0.6793
45.0180,-0.0640,0.0408,0.6960,-0.2868,0.8678,0.3226
45.1180,0.0868,-0.0450,0.4388,-0.1671,1.4257,0.9978
45.2180,-0.0728,-0.0650,0.0245,0.1681,0.7290,1.2133
45.3180,0.0714,-0.0071,-0.0427,-0.9356,0.9061,1.2923
45.4180,-0.0403,0.0206,0.0306,-0.9117,0.5949,1.0481
45.5180,-0.0382,-0.0793,0.1084,-0.0977,1.0450,0.8493
45.6180,-0.1386,-0.1566,0.1145,-0.2892,0.7266,0.7655
45.7180,-0.2838,-0.0642,0.0943,-0.8470,0.6930,2.6330
45.8180,0.1233,0.1237,0.1247,-0.3036,0.4225,0.7464
45.9180,-0.0864,0.0627,0.0820,-0.9548,0.7936,0.9259
46.0180,-0.1392,-0.1340,-0.0256,-0.0067,0.0945,0.4136
46.1180,0.1516,-0.2416,-0.2641,-0.2557,0.5590,0.7512
46.2180,0.1897,-0.3021,-0.4656,0.0867,0.6667,1.6227
46.3180,0.2797,-0.0023,-0.6270,-0.3874,0.1543,0.7967
46.4180,-0.2143,-0.1044,-0.4474,-0.3419,0.2238,1.0648
46.5180,-0.1733,-0.0996,-0.2825,0.3692,0.2118,0.6674
46.6180,0.0085,-0.1750,0.0740,0.5703,0.2022,0.8805
46.7180,-0.0105,0.0158,0.0898,0.6637,0.6452,2.1733
46.8180,0.1140,0.0867,0.1801,0.2088,0.9684,0.4351
46.9180,0.0498,0.1157,0.0791,0.1753,0.9708,0.5261
47.0180,0.1055,-0.0303,0.1231,0.5392,0.5255,0.4663
47.1180,-0.0550,0.0648,-0.0448,0.5943,1.5669,1.2180
47.2180,0.1073,-0.0415,-0.1176,0.6733,0.8487,0.9475
47.3180,0.2246,-0.0543,-0.0488,-0.3658,1.6723,1.8549
47.4180,-0.1469,0.1562,-0.0994,-0.2868,0.8726,0.8781
47.5180,-0.3451,0.0883,-0.0152,0.1825,0.9013,0.3896
47.6180,-0.5111,-0.2166,0.3051,0.4267,0.1903,0.5118
47.7180,-0.2428,-0.3709,0.3181,1.4418,0.4153,1.5939
47.8180,0.2038,0.0392,0.2867,-0.0665,0.0466,1.9219
47.9180,0.3378,0.4080,0.2315,-0.2485,0.7649,0.6147
48.0180,0.0074,0.1629,0.1129,0.1106,0.2310,-0.2640
48.1180,-0.1647,0.1301,-0.0094,0.3309,0.4081,1.2468
48.2180,-0.0504,0.1368,-0.0126,0.4362,0.5207,1.2180
48.3180,-0.1160,-0.1521,0.2555,-0.0881,0.9612,1.5245
48.4180,0.0079,-0.2875,0.3906,-0.8303,1.4544,1.7089
48.5180,0.2067,0.2388,0.4636,-0.8662,0.4440,1.2611
48.6180,0.2390,0.1336,0.4020,0.2495,0.8989,0.4447
48.7180,-0.1010,0.1810,0.3266,-0.2174,0.6835,1.0073
48.8180,-0.1029,0.0360,0.4290,-0.1838,0.3028,0.6075
48.9180,0.0644,-0.3205,0.4178,0.3596,0.1951,1.0026
49.0180,0.2067,-0.3269,-0.0080,-0.3730,0.2669,0.7464
49.1180,0.3834,-0.0538,-0.0262,-0.3419,0.4440,1.7280
49.2180,0.2944,0.2716,-0.2844,0.4099,0.0682,0.1119
49.3180,-0.1080,-0.0407,-0.6273,-0.1144,0.8798,1.0888
49.4180,-0.2194,-0.2432,-1.0728,-0.1144,0.3603,1.1103
49.5180,-0.0243,-0.3058,-1.3292,-0.5933,-0.1353,1.0864
49.6180,0.0301,0.0835,-1.2924,-0.8111,-0.0109,1.5029
49.7180,-0.0720,-0.1071,-1.1320,-0.3060,-0.2144,0.2532
49.8180,-0.0416,-0.2256,-0.7360,-0.2030,0.1903,1.3186
49.9180,0.0471,-0.1055,-0.6691,-0.6459,1.2509,2.4487
50.0180,0.1140,-0.0146,-0.7326,-0.5358,0.6643,0.7416
50.1180,-0.1967,-0.1713,-0.6425,0.1346,0.0897,0.0808
50.2180,-0.2132,-0.1947,-0.6428,0.5847,0.2310,0.9762
50.3180,-0.0430,0.0302,-0.9034,0.0867,0.4847,1.6658
50.4180,-0.0504,-0.0442,-1.1213,-0.5406,0.5805,1.3258
50.5180,-0.0208,0.0896,-1.0859,-0.9883,-0.1138,1.3665
50.6180,0.0207,-0.0575,-1.0038,0.5224,0.3363,-0.2424
50.7180,-0.0584,-0.2035,-0.7320,0.5584,0.5326,1.4263
50.8180,-0.0184,-0.0881,-0.4421,0.1537,0.7457,2.3720
50.9180,0.0388,0.0784,-0.5138,-0.5502,0.8750,0.7679
51.0180,-0.0134,-0.0724,-0.3912,-0.2940,0.4488,0.0784
51.1180,-0.2772,-0.1329,-0.3997,0.3525,0.2980,0.6626
51.2180,-0.0877,-0.0063,-0.5633,0.2303,0.5829,1.1654
51.3180,0.0146,-0.0034,-0.6515,-0.7824,0.3459,3.5237
51.4180,0.2430,0.1130,-0.6718,-0.3203,-0.8967,0.7368
51.5180,0.0226,-0.1073,-0.5825,0.2878,-0.1545,-0.0772
51.6180,-0.0526,-0.0530,-0.3763,-0.0282,0.2884,1.2755
51.7180,-0.0049,0.0584,0.0306,0.2040,0.1113,0.8613
51.8180,-0.1546,-0.0213,0.1036,-0.0665,1.1599,2.7216
51.9180,0.0985,0.1402,0.2070,-0.2269,0.1663,1.2683
52.0180,-0.0344,0.3116,0.1918,0.0101,0.4847,0.1813
52.1180,-0.1237,0.0128,0.1281,-0.0115,0.4010,0.3681
52.2180,-0.0323,-0.0455,0.0133,0.2591,0.2142,1.0002
52.3180,0.0458,-0.1273,-0.1698,0.5560,0.1496,1.0433
52.4180,0.1977,-0.2613,-0.0256,0.3429,0.7721,2.4846
52.5180,0.1023,0.0563,-0.1828,-1.7209,0.6356,1.7232
52.6180,-0.0488,0.1346,0.0570,0.1370,0.4105,0.8685
52.7180,-0.1975,0.0680,0.1993,-0.2174,0.3291,1.2611
52.8180,-0.0760,-0.0340,0.4138,-0.0785,0.2908,0.4926
52.9180,-0.1674,-0.3991,0.6520,-0.2964,0.5470,1.4455
53.0180,-0.1663,0.0089,0.4492,0.0364,0.9349,1.4862
53.1180,0.1950,0.1554,0.4378,-0.0665,0.8104,-0.0102
53.2180,-0.1234,-0.1854,0.4135,0.0005,0.6236,0.0353
53.3180,-0.1975,-0.1667,0.3096,0.8959,0.5087,0.5405
53.4180,0.0394,-0.0058,0.2550,0.9510,0.2214,1.4407
53.5180,0.1545,0.1189,0.2883,-0.0665,0.9756,1.6562
53.6180,0.1262,0.1320,0.3615,-0.5765,0.7361,1.0600
53.7180,0.1721,0.1034,0.5595,0.1394,0.9301,0.7440
53.8180,-0.0251,-0.1785,0.8558,-0.1599,0.9085,0.7679
53.9180,-0.0302,-0.0058,1.1825,-0.2485,1.2222,1.5844
54.0180,-0.1522,-0.0724,1.3632,0.4698,1.6268,1.0385
54.1180,-0.0776,0.0808,1.4607,-0.1551,2.0122,1.1486
54.2180,0.1590,0.2500,1.5345,-0.4424,1.6364,0.6602
54.3180,0.0578,0.1168,1.4695,-0.3419,1.7465,0.6889
54.4180,0.1574,-0.0554,1.4818,-0.0809,1.6818,0.7751
54.5180,0.1073,-0.0364,1.5095,0.1058,1.5741,1.0672
54.6180,0.0402,0.0781,1.5398,0.0771,1.4664,0.8781
54.7180,0.0261,0.1613,1.5241,0.1777,1.5119,0.7631
54.8180,0.1524,0.1967,1.5577,-0.1934,1.8878,0.9762
54.9180,0.0783,0.0179,1.5217,-0.1264,0.5590,0.8757
55.0180,0.1196,0.2700,1.4628,-0.1503,0.5087,1.3497
55.1180,0.1505,0.2841,1.3349,0.0604,0.7050,1.1103
55.2180,-0.1373,0.0989,1.2633,-0.2365,0.4752,1.1223
55.3180,-0.2351,0.0888,1.1545,-0.0953,0.3411,1.1749
55.4180,-0.0464,0.1066,1.1266,-0.1982,0.7218,1.1702
55.5180,-0.0312,0.0081,1.1775,0.2687,0.5925,1.3617
55.6180,0.0567,0.2084,1.0456,-0.0737,1.4448,1.5556
55.7180,-0.2010,0.1597,0.8713,-0.5741,1.5143,1.4718
55.8180,-0.1887,0.2140,0.6157,-0.1934,1.0977,0.8493
55.9180,0.0194,-0.0269,0.5918,-0.0091,0.5542,0.5860
56.0180,-0.1479,-0.2717,0.4010,0.2974,0.8151,0.6051
56.1180,-0.2084,-0.2797,0.1462,-0.1024,0.5757,1.3449
56.2180,-0.1653,-0.1542,0.1041,0.3429,0.4057,1.4383
56.3180,-0.0805,-0.2017,-0.0962,0.0604,-0.0994,0.2053
56.4180,-0.0046,0.1589,0.1012,-0.0115,0.3435,1.3354
56.5180,0.1270,0.2417,-0.0941,0.7738,0.3124,0.0209
56.6180,0.0484,0.0723,-0.0064,-0.0330,-0.2191,1.0696
56.7180,-0.0480,-0.0772,-0.1080,-0.0186,-0.0372,1.4479
56.8180,0.0189,0.1445,-0.2980,-0.4209,0.6069,1.4192
56.9180,0.0935,0.0134,-0.3776,-0.4735,-0.3939,0.8565
57.0180,-0.1072,0.0376,-0.5252,-0.4257,-0.0276,0.9930
57.1180,-0.1282,-0.0628,-0.6750,0.3429,-0.8321,0.7224
57.2180,-0.0693,-0.0687,-0.8104,-0.0282,-0.3867,1.0313
57.3180,0.1481,-0.2064,-1.0885,-0.1551,-0.2287,0.9212
57.4180,0.3016,-0.3970,-1.1288,-0.5382,-0.0180,1.4982
57.5180,0.0865,-0.0293,-1.1613,-0.5693,-0.7435,1.8477
57.6180,0.1398,0.2607,-1.2029,0.3836,-0.2263,0.3873
57.7180,0.0308,-0.0383,-1.0270,-0.0234,-0.0827,0.6985
57.8180,-0.2604,-0.1971,-0.8112,0.1777,-0.1090,1.1271
57.9180,-0.1647,-0.0466,-0.6747,-0.0402,-0.8799,2.6378
58.0180,0.2358,0.2476,-0.8546,0.1106,-0.7315,0.8829
58.1180,-0.0174,0.1727,-0.7248,-0.9763,0.4776,0.6865
58.2180,0.0079,0.1839,-0.9905,0.1250,-0.4274,0.7392
58.3180,-0.0142,-0.0306,-0.8639,-0.3467,-0.2814,0.7416
58.4180,-0.1493,0.2956,-0.7816,-1.7113,0.1304,3.8708
58.5180,0.0594,0.3259,-0.9945,-0.2820,-1.4857,0.5213
58.6180,0.0111,-0.0308,-0.7848,-1.3019,-0.1808,0.2747
58.7180,0.2115,-0.3317,-0.5831,-0.2796,-0.5879,0.6674
58.8180,0.1577,-0.1710,-0.1607,0.0077,-0.4442,1.7160
58.9180,-0.1589,0.0811,0.1308,-1.8358,1.5550,2.5588
59.0180,0.0863,0.2417,0.1116,-0.6340,0.8487,0.2077
59.1180,-0.0158,0.0651,-0.0747,-0.2222,0.4129,-0.0844
59.2180,-0.1405,-0.2693,0.0365,0.0675,-0.3724,0.7584
59.3180,0.0319,-0.0346,-0.0874,-0.0953,0.2836,1.6586
59.4180,0.2254,0.3393,-0.1322,-1.3355,1.1910,0.4758
59.5180,-0.0254,-0.1705,-0.1016,-1.6754,0.3674,0.9451
59.6180,-0.0736,-0.2406,-0.0408,0.0747,0.3483,0.3537
59.7180,0.0229,0.0781,0.0008,-0.5047,-0.1210,1.6418
59.8180,0.1092,0.0712,0.4122,0.2423,0.3435,1.3234
59.9180,0.1510,0.1064,0.1343,-0.4233,0.9756,-0.1682
60.0180,0.0055,-0.0434,0.0615,-1.5725,1.0761,1.3808
60.1180,0.0724,-0.0695,-0.1295,-0.2772,0.2238,-0.0629
60.2180,0.1025,-0.2195,-0.3323,-0.5933,0.5853,1.2516
60.3180,-0.0419,-0.3746,-0.6252,0.4506,-0.0707,0.7512
60.4180,0.0396,-0.0210,-0.9865,-0.9500,-0.3532,0.9140
60.5180,-0.0099,-0.1148,-0.9425,-0.3203,-0.2694,0.4687
60.6180,0.1729,-0.1167,-0.8932,-0.0570,0.4297,0.9619
60.7180,0.1985,-0.2419,-0.9223,-0.0953,-0.4083,1.2420
60.8180,-0.0840,-0.3967,-0.8021,-0.0761,-0.0707,2.4175
60.9180,0.1233,-0.2219,-1.0275,0.2375,0.5278,0.4040
61.0180,-0.0334,-0.0745,-1.0065,-0.8135,0.8582,2.1997
61.1180,-0.3054,-0.1470,-1.2948,1.1018,-0.2670,0.9834
61.2180,-0.0896,-0.1326,-1.2767,0.1154,0.3195,1.3593
61.3180,-0.0435,-0.4098,-1.1658,0.6613,0.5111,1.1989
61.4180,0.0063,-0.2001,-1.2386,0.0197,0.4273,0.9475
61.5180,-0.1597,-0.2685,-1.0190,-0.1168,0.5494,0.7895
61.6180,-0.1352,0.1882,-0.8916,0.8768,0.4129,0.0976
61.7180,0.0388,0.0318,0.0311,-1.4217,1.0761,-0.4148
61.8180,-0.1879,-0.1425,0.2432,0.3381,0.3818,1.4455
61.9180,-0.0960,-0.1532,0.1377,1.2934,0.4943,0.5955
62.0180,-0.0656,0.1314,0.1918,0.8121,0.3148,0.5692
62.1180,-0.0723,0.1509,0.1172,1.4610,-0.0420,-0.0868
62.2180,0.0133,0.2039,0.1284,1.3006,0.3172,0.2388
62.3180,0.0785,0.2892,0.1897,0.7116,0.0394,1.0265
62.4180,-0.1125,0.0707,0.2845,0.5991,0.3555,2.4606
62.5180,-0.2106,0.0152,0.0567,0.2375,-0.1641,1.3425
62.6180,-0.2753,0.1626,0.0762,0.0244,-0.2024,1.8190
62.7180,0.0442,-0.0125,0.0413,0.9199,-0.0276,0.9643
62.8180,0.0961,0.0262,0.2198,1.0300,-0.2431,1.1630
62.9180,-0.1384,-0.0833,0.5691,1.0587,0.1663,1.7735
63.0180,-0.1320,-0.2315,0.7511,0.4865,1.2581,0.9786
63.1180,-0.1237,-0.1073,0.9547,-0.3945,1.4736,1.4287
63.2180,0.1015,0.0438,0.9006,0.4626,1.3299,0.2460
63.3180,0.0167,-0.2752,0.9009,0.3237,1.1503,1.0983
63.4180,0.0277,-0.3034,1.0040,0.3453,1.1647,1.3066
63.5180,0.0516,-0.2693,1.2001,0.0580,0.9013,1.3952
63.6180,0.1883,0.1333,1.3925,-0.3658,0.9013,1.8860
63.7180,0.3032,0.2385,1.5305,-0.0785,0.8487,0.1359
63.8180,0.2176,-0.1785,1.7525,-0.5549,0.8989,0.9499
63.9180,0.1830,-0.0650,1.8687,-0.1575,0.8654,1.1702
64.0180,0.2363,-0.0037,1.9529,-0.1120,1.2413,1.2133
64.1180,0.1734,0.1298,1.9078,-0.5286,1.8590,1.3545
64.2180,0.0929,0.1727,1.9582,-0.4137,1.6675,0.6075
64.3180,0.0234,0.1144,1.9435,-0.3107,1.8566,0.9020
64.4180,0.1702,0.1192,2.0432,-0.2198,2.0290,0.7009
64.5180,0.1625,0.0717,2.0200,-0.1072,2.2301,0.8421
64.6180,0.0985,0.0907,1.8399,-0.1192,2.2876,0.9930
64.7180,0.0772,0.0243,1.5897,0.0101,1.9261,0.8326
64.8180,0.0626,-0.0069,1.4762,-0.0115,1.5933,1.4551
64.9180,0.3471,0.1956,1.2291,0.0723,0.8846,1.6059
65.0180,0.1641,0.1858,1.1447,-0.6244,0.0299,1.9004
65.1180,-0.1815,0.1586,0.4617,-0.1886,1.1384,1.4670
65.2180,-0.2569,0.0387,-0.0845,0.3453,-1.2917,1.7017
65.3180,-0.0270,0.0877,-0.0573,0.6924,-0.5711,1.8669
65.4180,-0.1280,-0.1718,-0.1613,-0.1575,0.1280,1.2372
65.5180,-0.2066,-0.2011,0.0562,0.2232,0.1974,0.8805
65.6180,-0.2719,-0.2128,0.0588,0.1058,-0.6693,0.1430
65.7180,-0.1602,-0.0983,0.1398,0.6757,-0.2766,0.2532
65.8180,0.0764,0.0997,0.1324,0.5799,-0.5807,0.2628
65.9180,0.0807,-0.0514,0.3845,0.3860,0.5949,0.6530
66.0180,-0.3491,-0.0897,-0.3004,0.8241,-0.4442,0.9738
66.1180,0.0111,0.1815,-0.1335,1.0204,-0.6764,1.0121
66.2180,0.3077,0.5908,-0.1181,0.2591,0.4967,1.1606
66.3180,0.1436,0.4730,-0.2116,-0.0737,-0.3245,0.5405
66.4180,-0.2292,0.0035,-0.1429,-0.7609,-0.3748,0.8613
66.5180,-0.2463,0.0483,0.1905,-0.6531,-0.1928,2.3529
66.6180,0.0801,0.1368,0.1111,-0.0905,-0.2766,0.6961
66.7180,0.1172,0.0680,0.3013,-0.4903,0.1136,0.7368
66.8180,0.1015,0.0278,0.2387,-0.1623,0.0586,0.8302
66.9180,0.0308,0.0227,0.2414,0.2256,0.3986,1.2133
67.0180,-0.0147,0.0150,0.2371,0.2710,0.3195,1.8884
67.1180,0.1614,-0.0908,0.2179,-0.2437,0.2334,1.3808
67.2180,0.2584,-0.0738,0.2235,-0.4927,1.1599,0.2843
67.3180,-0.1237,-0.0820,0.1588,-1.7760,-0.3149,1.6083
67.4180,0.1036,0.1298,0.2384,-0.0977,0.4512,0.0688
67.5180,0.1508,-0.0761,0.2161,-0.1360,0.3339,1.1271
67.6180,0.0093,-0.0109,0.3450,-0.4759,0.4153,1.7759
67.7180,-0.2191,-0.1574,0.4018,-0.2772,0.7912,0.9547
67.8180,-0.2335,-0.1841,0.4039,-0.7872,0.9708,1.1773
67.9180,-0.1170,0.2631,0.3610,-0.9524,1.1647,1.4551
68.0180,-0.1674,0.0259,0.3408,0.1106,0.4919,-0.5178
68.1180,-0.2122,-0.2078,0.3408,-0.3610,0.9827,1.0983
68.2180,-0.0851,-0.2001,0.4583,-0.1551,0.7266,1.1079
68.3180,0.1779,-0.0093,0.6576,-0.9787,1.1240,1.3162
68.4180,0.0828,0.1586,0.9486,-1.0075,1.1025,1.5891
68.5180,-0.1218,-0.0809,1.2188,-0.5334,1.4688,0.8254
68.6180,-0.1549,-0.0029,1.5542,-0.4664,0.4776,0.7967
68.7180,0.0079,0.1802,1.8175,0.1322,1.5669,0.6386
68.8180,0.0660,0.1661,1.8175,-0.7441,0.9444,0.9714
68.9180,0.1225,0.3054,1.8135,-0.6890,1.7561,1.2013
69.0180,0.0394,0.0928,1.5148,-0.5909,1.2485,0.8014
69.1180,-0.0022,0.1288,1.2073,-0.2413,1.2844,0.9236
69.2180,-0.1802,0.2148,0.9792,-0.1599,0.7122,0.8278
69.3180,0.0484,-0.0018,0.8689,-0.2772,0.7673,0.7129
69.4180,-0.0550,-0.4268,0.4026,0.7619,-0.5136,0.8829
69.5180,0.1627,-0.0548,0.1867,-0.4951,-0.2670,0.7248
69.6180,-0.0581,-0.0269,0.0013,-1.3474,-0.5424,1.4311
69.7180,-0.1376,-0.1985,-0.1090,0.0675,-0.0180,0.3250
69.8180,-0.0835,-0.2581,-0.2316,-0.0809,-0.4969,1.1175
69.9180,-0.0105,-0.1505,-0.0821,-0.0354,-0.6597,1.4599
70.0180,-0.1735,-0.2400,-0.1386,-0.4664,0.2860,2.4199
70.1180,-0.0629,-0.2891,-0.3979,-0.1647,0.1735,0.6793
70.2180,-0.0523,0.1479,-0.4517,0.1609,0.6356,1.4120
70.3180,0.0562,0.0467,-0.5069,0.7738,0.1903,0.0856
70.4180,-0.0653,-0.1278,-0.4432,0.8145,0.2573,1.0241
70.5180,-0.0784,-0.0708,-0.5300,0.6829,0.6643,1.4431
70.6180,0.0524,0.0845,-0.6457,-0.5526,1.0211,2.3313
70.7180,-0.0339,0.0318,-0.5831,0.1513,-0.4346,0.7607
70.8180,-0.0070,0.1482,-0.5295,0.6493,0.3411,0.4998
70.9180,-0.0565,-0.0034,-0.4999,0.4793,-0.2551,0.8038
71.0180,-0.1695,-0.0463,-0.1466,0.4482,-0.2144,1.5532
71.1180,-0.1277,0.1248,-0.2564,-0.1958,0.5087,1.7017
71.2180,0.1556,-0.1596,-0.0925,-0.1982,0.1280,1.1965
71.3180,-0.0083,0.2020,-0.1954,0.4889,0.0945,0.2771
71.4180,-0.0875,-0.1374,-0.2116,0.8457,-0.0563,0.4423
71.5180,-0.0872,-0.0807,-0.3241,0.3668,0.4129,1.4263
71.6180,-0.1024,-0.0287,-0.3912,-0.3443,0.8678,2.8916
71.7180,0.0626,0.0256,-0.2937,-0.1575,-0.5495,1.0050
71.8180,0.0351,0.0427,-0.1671,0.5799,0.1136,0.4327
71.9180,-0.0262,-0.0237,-0.2463,0.4937,-0.1401,0.8781
72.0180,-0.1466,-0.1308,-0.0856,0.1298,-0.9470,1.0073
72.1180,-0.1511,-0.0583,-0.1458,0.0053,-0.0013,2.9179
72.2180,0.1862,-0.1641,-0.3286,0.5320,-1.0236,0.1239
72.3180,0.0327,0.2980,-0.3614,-0.4233,0.5111,2.2882
72.4180,-0.0600,0.0222,-0.5772,0.4961,-0.9063,0.0353
72.5180,-0.0595,-0.0991,-0.7861,-0.0665,0.1903,1.3593
72.6180,-0.1317,-0.1950,-0.9665,-0.3586,0.0706,2.3122
72.7180,0.1185,0.1114,-1.0326,0.2184,-1.3899,0.8900
72.8180,0.1838,0.2838,-0.9542,-0.0905,0.1160,0.5213
72.9180,0.0087,-0.1297,-1.0427,0.0795,-0.6286,0.5381
73.0180,-0.2204,-0.1540,-0.8439,0.5224,-1.3971,1.1079
73.1180,-0.2258,0.1144,-0.6889,0.3189,-0.6094,1.2587
73.2180,-0.0190,0.1805,-0.7067,-0.2581,0.3315,2.6306
73.3180,0.3221,-0.1316,-0.7203,0.0891,0.1017,0.7224
73.4180,0.2840,0.3225,-0.6766,0.0364,0.0179,0.9786
73.5180,0.0642,0.0419,-0.4557,0.3381,0.0849,0.4591
73.6180,-0.0573,0.0651,-0.5929,0.2974,0.3507,0.9547
73.7180,0.0029,0.0403,-0.6819,-0.0091,0.0825,1.3689
73.8180,-0.1341,-0.3216,-0.5447,-0.8231,0.5662,2.0249
73.9180,-0.3955,-0.4225,-0.7600,-0.5071,-0.1545,1.7783
74.0180,-0.2415,0.0270,-0.5799,1.2886,-0.5831,-0.4340
74.1180,0.1244,0.2287,-0.3742,1.1569,-0.5328,1.0002
74.2180,0.0319,0.1607,-0.2628,0.9534,-0.5160,1.0050
74.3180,-0.0832,0.0664,0.0445,-0.3778,0.3435,2.9155
74.4180,-0.1170,-0.2605,0.0762,0.6158,0.9923,1.1845
74.5180,0.0588,0.3323,0.1316,0.3453,-0.7914,0.7679
74.6180,0.7951,0.3555,0.1558,0.4506,0.1927,0.3561
74.7180,0.6339,0.2404,-0.2161,-0.5358,1.0785,0.9020
74.8180,-0.0928,-0.1694,-0.2585,-1.4983,1.3036,3.6625
74.9180,-0.1970,-0.3224,-0.1170,-0.5957,0.1232,0.7248
75.0180,-0.2929,-0.2246,0.0194,0.1585,1.1982,0.2125
75.1180,-0.5082,-0.4010,0.0207,0.6445,-0.4107,0.4639
75.2180,-0.3513,-0.3024,0.2923,0.7092,-0.4753,1.4311
75.3180,-0.0789,0.1634,0.3208,0.3022,-0.7985,3.5859
75.4180,0.4612,0.1527,0.2182,0.6661,0.4105,-0.4818
75.5180,0.3226,0.4395,0.0636,0.0197,0.6164,1.1630
75.6180,-0.0728,0.0097,-0.0014,0.8433,-0.2958,0.6674
75.7180,-0.0115,-0.1510,-0.1831,0.4075,0.9396,2.3002
75.8180,-0.1096,-0.7114,-0.4717,0.0221,0.9085,3.4949
75.9180,0.0242,-0.4215,-0.5167,0.1466,-0.9111,0.1406
76.0180,0.2227,-0.0356,-0.2857,1.2862,0.4680,0.3058
76.1180,0.1750,-0.2478,-0.3291,1.5998,-0.1018,0.0592
76.2180,0.0599,-0.3213,0.0034,1.2862,0.3650,1.8980
76.3180,-0.1045,0.0134,0.0042,1.3508,0.7984,2.6929
76.4180,-0.1887,0.2892,-0.3395,1.0683,0.5709,0.3585
76.5180,-0.2250,0.3297,-0.0326,1.5783,-0.4969,0.3250
76.6180,-0.0494,0.1069,-0.1642,1.2910,0.3770,0.4878
76.7180,0.1516,-0.0071,-0.4997,0.9366,0.3435,1.1582
76.8180,0.1089,-0.1004,-0.6113,0.3836,0.4010,2.3098
76.9180,-0.2758,-0.0271,-0.5029,0.5368,-0.3125,1.3306
77.0180,-0.1594,0.3864,-0.4514,0.8241,0.3219,0.3920
77.1180,-0.1250,0.2639,-0.5426,0.8217,-0.5926,0.3465
77.2180,-0.2351,0.0947,-0.1016,0.2327,-0.6525,1.6777
77.3180,0.0841,0.2580,-0.0685,0.2543,-0.4131,2.0345
77.4180,-0.0552,-0.0354,-0.3960,-0.3969,-0.7124,0.3825
77.5180,-0.0515,0.0955,-0.0813,0.1154,-0.5184,0.6482
77.6180,0.0362,0.1312,-0.4045,0.0412,-0.0492,0.6027
77.7180,0.0863,-0.0953,-0.6073,0.3740,-0.6788,1.8453
77.8180,0.2496,0.0142,-0.6281,-0.3921,-0.1784,1.7496
77.9180,-0.1599,-0.1393,-0.5665,-0.4759,-0.6956,1.0050
78.0180,0.1492,0.0531,-0.5194,0.3309,-0.2359,0.0545
78.1180,0.1374,-0.0687,-0.4096,0.4578,-1.2463,0.9188
78.2180,0.0189,-0.0330,0.1596,0.1753,-0.4657,1.6658
78.3180,0.2933,0.1058,-0.0627,0.2064,1.0474,1.1438
78.4180,-0.2282,-0.1556,-0.4237,-0.2485,-0.1425,0.8134
78.5180,-0.1775,0.0518,-0.1815,0.7930,-0.3365,0.1359
78.6180,0.0607,0.1181,-0.4029,0.6805,0.4440,0.7129
78.7180,-0.1631,-0.2123,-0.7206,0.6350,-0.2646,1.4527
78.8180,0.2075,0.1221,-0.5071,0.5967,-0.6022,0.7512
78.9180,-0.1413,0.0534,-0.5460,-0.5717,-0.2527,0.8254
79.0180,0.0010,0.0536,-0.7885,0.3596,-0.1928,-0.1395
79.1180,0.0226,-0.1550,-0.5061,0.1777,-1.3468,0.6362
79.2180,0.2731,-0.2107,-0.0019,0.5655,-0.6884,2.1494
79.3180,0.2499,-0.0301,-0.4469,0.5105,1.4664,0.5932
79.4180,-0.2146,-0.0801,-0.5556,-0.3323,-0.7483,1.0768
79.5180,-0.1416,0.2665,-0.2111,0.3788,0.4153,0.6530
79.6180,-0.1408,0.0707,-0.5881,0.4746,0.0849,0.5357
79.7180,-0.2814,-0.1374,-0.3901,0.9151,-0.5831,1.3234
79.8180,-0.1432,-0.1238,-0.2551,0.1226,-0.0683,0.8469
79.9180,-0.1066,0.1591,-0.0723,0.1513,-0.4298,1.5508
80.0180,-0.0600,0.1837,-0.1514,0.1705,-0.4921,0.4447
80.1180,-0.1362,-0.0372,0.4063,-0.1144,-0.9159,0.6315
80.2180,-0.0384,-0.1169,0.9105,0.5033,-0.2455,0.7679
80.3180,0.2651,0.1085,0.9915,0.4482,0.7816,0.8972
80.4180,0.2144,-0.0141,0.7261,-0.1815,0.5709,0.9236
80.5180,0.1580,-0.1190,0.7338,0.7403,0.2477,0.0640
80.6180,0.1326,-0.0993,0.7599,0.8600,0.4081,1.4910
80.7180,-0.0147,0.0025,0.5166,0.7140,1.2677,2.0584
80.8180,-0.0752,0.0371,0.4820,0.3118,0.6188,1.6634
80.9180,0.0700,-0.0873,0.7333,0.6589,0.3243,1.2324
81.0180,0.3674,0.0621,0.7207,0.8696,1.2509,0.0114
81.1180,0.1095,0.0288,0.6720,0.4817,0.8918,1.1654
81.2180,0.0479,0.2985,0.8409,0.2495,1.2581,1.6538
81.3180,-0.4927,-0.1558,0.7167,0.9510,0.2429,1.0313
81.4180,-0.1607,-0.0194,1.0895,1.0659,1.3515,0.4830
81.5180,0.0327,-0.0535,0.7834,0.1298,0.8199,0.8996
81.6180,0.2893,-0.0031,0.7852,0.7858,0.7505,0.3681
81.7180,0.3002,-0.1380,0.6733,1.1761,0.5662,0.6793
81.8180,0.2411,-0.1137,0.7668,0.9414,0.4225,1.6322
81.9180,0.0868,0.0645,0.8321,0.4626,1.0977,2.6354
82.0180,-0.1445,0.0789,0.7842,1.1689,1.9620,0.2723
82.1180,0.1777,0.3542,0.6408,1.0659,1.6459,0.9307
82.2180,0.1673,0.2929,0.6613,0.6757,1.1863,0.9140
82.3180,0.0524,0.0933,0.7226,0.4674,0.8463,0.9236
82.4180,-0.0238,-0.0532,0.6706,0.3716,0.9708,1.5029
82.5180,-0.0502,-0.0948,0.5766,0.5033,0.1352,2.2068
82.6180,-0.0829,-0.1270,0.2083,0.8002,1.3131,-0.1658
82.7180,0.0023,-0.0159,0.0775,0.8576,0.4105,1.1965
82.8180,-0.1477,-0.1638,-0.1463,1.1976,0.8415,0.8278
82.9180,-0.2116,-0.1209,-0.4493,1.1162,1.0833,1.3856
83.0180,-0.3318,-0.2310,-0.9127,1.3341,0.8319,0.4160
83.1180,0.1278,0.0955,-0.7187,0.8552,0.5829,0.3058
83.2180,-0.0496,-0.0748,-0.5799,0.3333,-0.0204,0.9834
83.3180,-0.0502,0.0550,-0.3750,1.0204,0.3818,0.7248
83.4180,-0.0872,0.1541,-0.3406,0.6589,0.4297,1.2109
83.5180,-0.2186,-0.0929,-0.1381,0.5655,0.1017,1.3018
83.6180,0.2120,0.1341,0.1918,1.2024,0.8678,0.4375
83.7180,-0.1362,-0.2041,0.1353,0.0867,-0.2239,1.6945
83.8180,-0.0579,-0.0346,0.2137,1.1186,0.7361,0.4687
83.9180,-0.0358,0.0526,-0.0717,0.8959,0.2429,0.9834
84.0180,0.0972,-0.0058,-0.1541,1.1737,0.2238,1.1725
84.1180,-0.0941,-0.3570,-0.1056,1.4873,-0.8799,1.3569
84.2180,0.0695,0.0046,0.3120,0.7116,1.0091,1.0911
84.3180,-0.3225,0.1570,-0.0019,-0.0067,0.9803,1.6681
84.4180,-0.1980,0.2178,0.2832,0.8911,0.0370,-0.0317
84.5180,0.1233,0.1746,0.6653,0.8026,-0.1066,0.4208
84.6180,0.3133,-0.0396,0.9619,0.7595,0.0873,0.4758
84.7180,0.1945,-0.3402,1.3773,1.0659,0.2358,0.8661
84.8180,0.5062,0.1048,1.8908,1.0324,1.1264,3.4063
84.9180,-0.2463,-0.1958,1.4735,1.3365,2.1487,-0.6566
85.0180,-0.1663,0.0030,1.2704,1.2239,0.4393,1.6849
85.1180,0.1723,0.0526,1.1748,0.9941,0.6380,0.3561
85.2180,0.2936,-0.1036,1.4053,1.1880,0.2142,0.4184
85.3180,0.4417,-0.0346,1.2222,1.2263,0.3363,1.1654
85.4180,0.3594,-0.0226,0.7407,1.8440,1.3945,2.4056
85.5180,0.7780,-0.1849,0.7167,0.1370,1.4496,1.0337
85.6180,0.1705,-0.2827,1.1178,0.3596,1.5502,1.5508
85.7180,-0.6963,0.3116,0.5497,1.2766,1.6435,0.8805
85.8180,-0.4189,0.8746,0.6019,1.4155,0.1280,0.6769
85.9180,0.0308,0.6143,0.8692,1.1976,-0.1713,0.6386
86.0180,0.1332,-0.3722,1.2065,0.9055,-0.1904,0.1550
86.1180,0.3964,-0.4337,1.2385,1.0731,1.4759,1.5221
86.2180,0.3703,0.0677,0.6594,1.3676,0.9732,1.5125
86.3180,0.0239,0.1722,0.3722,1.8536,0.9875,0.7967
86.4180,-0.2100,-0.0535,0.3421,2.1816,0.6188,0.5572
86.5180,-0.0451,-0.1278,0.5014,1.8512,0.9277,0.9619
86.6180,0.2560,0.1405,0.6549,0.7906,1.1815,2.3960
86.7180,-0.0611,0.1232,0.6898,1.5735,1.6435,0.6003
86.8180,0.1502,0.4277,0.8169,0.7762,1.3491,0.6506
86.9180,-0.1216,0.1906,0.8628,0.6302,0.7697,0.7775
87.0180,-0.0374,0.1181,1.1226,0.7643,0.8989,0.6147
87.1180,0.1025,0.1381,1.5209,0.1178,1.0881,1.3162
87.2180,0.3677,0.4565,1.7274,-0.2413,2.2134,2.8581
87.3180,-0.3702,0.0432,0.9073,-0.1288,1.1240,-0.0772
87.4180,0.1785,0.4141,0.9139,0.1513,1.5933,1.6035
87.5180,-0.0075,0.1474,0.6523,0.5368,0.6021,0.7943
87.6180,-0.1376,-0.0455,0.6850,0.3812,0.7122,1.3377
87.7180,-0.3417,-0.1262,0.3658,0.5607,0.3674,1.2109
87.8180,-0.0904,-0.0855,0.2542,0.4865,0.2142,0.9714
87.9180,0.2635,0.1101,0.3184,-0.2557,1.3131,0.7536
88.0180,-0.2399,-0.3663,0.0676,0.3189,0.6763,1.2204
88.1180,-0.1882,0.0278,0.0210,1.0563,0.5302,0.8733
88.2180,-0.0395,0.1320,0.0666,0.7188,0.0011,0.6937
88.3180,-0.2516,-0.0524,0.1708,0.2040,-0.0755,1.1510
88.4180,-0.2585,-0.2339,0.3855,0.6733,-0.7746,0.9283
88.5180,0.1310,0.1903,0.2025,0.4027,0.7242,-0.1443
88.6180,0.3072,-0.2336,0.2659,-0.3323,-0.2215,1.1318
88.7180,0.2203,-0.0588,0.1758,1.1856,0.3890,0.1981
88.8180,0.1119,-0.1793,0.1007,1.5591,0.1352,1.3737
88.9180,-0.1122,-0.1161,-0.2622,0.9223,0.6236,1.9962
89.0180,0.1516,0.0344,-0.0291,0.0747,0.1855,3.2938
89.1180,-0.3398,-0.1324,-0.3515,-0.2509,0.1591,-0.4579
89.2180,0.1201,-0.0207,-0.3563,0.5129,0.2477,0.9834
89.3180,0.0897,-0.0690,-0.4903,0.7690,-0.5639,0.5740
89.4180,-0.0539,0.0097,-0.2092,0.4458,-0.2479,1.4407
89.5180,-0.2737,0.0017,-0.1069,0.9534,-0.5879,1.9746
89.6180,-0.0403,0.1493,-0.4410,0.4291,0.5829,-0.1634
89.7180,0.0482,-0.1119,-0.2606,-0.0282,-0.4346,0.9714
89.8180,-0.0920,0.0214,-0.4712,0.9678,-0.2934,0.3753
89.9180,0.0125,-0.0919,-0.6001,0.9654,-0.4346,0.6291
90.0180,-0.4133,-0.2581,-0.7016,0.4746,-0.5495,1.8238
90.1180,-0.1514,0.0520,-1.0329,0.0915,0.4584,1.5317
90.2180,-0.1927,-0.0162,-1.4432,0.0675,-0.9446,0.7392
90.3180,0.0567,0.1053,-1.2276,0.6948,-0.4681,-0.3310
90.4180,0.0599,-0.1222,-0.9540,0.8720,-1.0451,0.7584
90.5180,-0.0286,-0.0029,-0.5290,0.9941,-0.5519,1.5245
90.6180,0.1294,0.1821,-0.3595,0.7164,0.7002,2.4798
90.7180,-0.0672,-0.1793,-0.6737,0.8409,0.4752,0.3705
90.8180,0.1217,0.1352,-0.2841,1.2144,0.5829,0.8278
90.9180,-0.0875,0.0491,-0.3313,2.0739,0.1759,0.1167
91.0180,-0.0107,-0.0093,-0.2590,1.8704,0.3698,1.4431
91.1180,0.0332,0.1474,-0.2921,1.4394,0.2453,3.3441
91.2180,-0.1634,-0.0532,-0.5871,0.3501,0.5733,-0.4938
91.3180,0.0548,0.0624,-0.1434,0.2734,0.2334,1.6538
91.4180,0.0516,-0.1249,-0.1812,1.7267,0.0801,-0.1538
91.5180,0.1457,-0.0463,0.3077,1.1378,0.2669,1.5245
91.6180,-0.0176,-0.0708,0.5923,1.1186,0.4776,3.6362
91.7180,0.1865,0.1226,0.0820,0.8337,1.0378,-1.2887
91.8180,0.0666,-0.1308,0.4447,0.0197,0.5446,1.5029
91.9180,-0.3076,0.1378,0.2843,1.5160,0.5494,0.2795
92.0180,-0.1200,-0.0426,0.0612,1.7243,0.3555,0.7512
92.1180,-0.1466,-0.1105,0.0951,1.7339,0.0969,1.3928
92.2180,0.0929,0.2042,-0.0080,0.6206,1.3945,0.9331
92.3180,0.0575,0.2599,0.2318,0.3908,0.3411,0.5884
92.4180,0.2254,-0.1825,0.4815,1.4227,0.8726,0.0760
92.5180,-0.0584,-0.0343,0.6808,0.9031,0.5374,1.4239
92.6180,-0.0728,-0.0447,0.8902,1.1856,0.4656,3.1238
92.7180,0.0455,0.2849,0.4870,0.5488,1.2006,-0.1682
92.8180,0.0668,0.0467,0.7738,0.1896,1.1144,0.7895
92.9180,-0.2186,0.2423,0.6845,1.5017,0.9205,0.6171
93.0180,-0.1152,-0.0540,0.4588,1.2263,0.7936,0.2101
93.1180,0.0820,-0.3503,0.6363,1.2790,0.2788,1.4838
93.2180,0.3117,0.1551,0.5100,0.1609,1.7848,1.6179
93.3180,0.2267,-0.0391,0.7743,0.3932,1.4472,1.6011
93.4180,-0.1442,-0.0913,0.7730,0.7643,1.0498,-0.0581
93.5180,-0.0142,-0.0961,1.1018,0.9773,0.4824,1.0792
93.6180,0.0727,0.0246,1.2097,1.5376,1.0570,0.8278
93.7180,0.4468,0.3502,1.3736,1.2766,1.8878,2.7216
93.8180,-0.0869,-0.1433,1.0749,0.5177,1.0833,-0.1586
93.9180,0.1297,0.3465,1.5718,0.7499,1.9835,1.5006
94.0180,-0.2612,0.0462,1.2726,1.4418,1.0905,-0.2017
94.1180,0.0378,-0.2267,1.3672,1.4442,0.8846,1.3090
94.2180,0.0682,-0.2784,1.3240,1.1210,0.7361,2.3098
94.3180,0.0615,0.0797,1.3824,0.4219,1.4089,0.0353
94.4180,0.1953,-0.1843,1.7629,0.8121,1.5478,1.9004
94.5180,0.1907,0.1570,1.5529,1.4155,0.8918,0.2915
94.6180,0.2454,0.2404,1.8295,0.9079,0.7936,0.9547
94.7180,0.1915,0.2090,1.8788,0.6709,1.2341,1.1654
94.8180,0.2286,0.0851,1.7789,0.2256,2.0841,0.2771
94.9180,0.1822,0.0387,1.7770,0.0675,1.6579,1.1941
95.0180,0.0071,0.2127,1.6643,0.6876,1.7537,0.9164
95.1180,0.0948,0.0565,1.4162,1.1737,1.6603,0.5644
95.2180,0.0756,-0.0751,1.1775,1.2287,1.6172,0.8206
95.3180,-0.0704,-0.1273,1.0144,1.8416,1.5310,1.0289
95.4180,0.0490,-0.2203,1.0117,1.4849,1.2653,2.1566
95.5180,0.0287,-0.1582,0.9123,1.1641,1.2389,-0.3861
95.6180,0.1119,-0.1678,1.3267,0.8792,0.6954,1.9890
95.7180,0.2067,0.4610,1.4351,1.1210,1.2485,0.9259
95.8180,0.0426,0.2857,1.3999,0.6709,0.7577,0.9547
95.9180,0.0061,0.1570,1.8212,0.6541,1.0234,1.3497
96.0180,-0.0342,-0.0722,1.9587,0.6302,0.9492,2.0991
96.1180,0.0945,0.2663,1.8023,-0.0210,2.1200,-0.0892
96.2180,0.2155,-0.0295,2.1066,-0.1719,1.6795,1.0720
96.3180,0.0151,0.1234,1.8020,0.7212,1.8159,0.6027
96.4180,0.1055,0.0033,1.6144,0.8050,1.3730,0.7607
96.5180,0.1140,-0.0165,1.1679,0.8888,1.4736,1.0026
96.6180,0.2555,-0.1337,1.1543,0.4530,0.3100,2.3816
96.7180,0.0889,-0.1214,1.1255,0.8002,0.6595,0.4902
96.8180,0.2030,0.1485,1.1364,0.9223,0.8846,1.1630
96.9180,0.1825,0.1016,0.8921,1.0204,0.2741,0.7847
97.0180,0.2326,0.0003,0.7277,1.2000,0.2046,0.9547
97.1180,0.0439,-0.1926,0.5696,1.2694,-0.3149,1.2970
97.2180,0.1108,0.0059,0.2949,0.7403,0.3938,3.9738
97.3180,-0.0909,-0.1622,-0.5692,-0.1575,-0.1138,-0.5130
97.4180,-0.3462,-0.2462,-0.5847,0.4267,0.0418,1.4144
97.5180,-0.3441,0.0565,-1.1269,1.2000,0.4895,0.5189
97.6180,-0.2311,0.0717,-1.3550,0.9223,0.2166,0.6698
97.7180,0.1577,0.1128,-1.2580,0.4075,0.0466,1.7352
97.8180,-0.0688,0.0518,-1.7702,0.5512,0.1998,0.5812
97.9180,-0.1986,0.2441,-1.2125,0.0939,-0.1880,1.4383
98.0180,-0.3803,0.1876,-0.9367,0.4434,-0.1042,0.5501
98.1180,-0.2124,-0.0071,-0.4869,0.7188,-0.0492,0.7272
98.2180,0.0442,-0.1316,-0.1144,0.9318,0.7697,3.0017
98.3180,-0.1549,-0.1534,-0.4200,0.5967,0.6691,0.4830
98.4180,-0.0246,-0.0178,0.2491,0.4650,0.7337,1.3425
98.5180,-0.0355,0.0416,0.4508,1.1737,1.5789,0.5644
98.6180,0.1673,0.0041,0.4769,1.1737,1.3993,1.2899
98.7180,0.2342,0.0259,0.6195,1.0180,1.1336,0.9786
98.8180,0.4513,-0.2059,0.9880,0.6900,1.4257,0.7991
98.9180,0.1699,0.1725,1.1870,-0.3754,0.5518,2.3601
99.0180,-0.0520,0.4171,1.3805,-0.0426,1.7848,0.1550
99.1180,-0.1024,0.0979,1.5036,-0.0617,1.5765,1.1247
99.2180,0.1012,-0.0402,1.3736,0.7451,1.5789,0.3035
99.3180,0.3551,-0.3815,1.2124,1.0420,0.9588,0.6674
99.4180,0.4577,0.1482,1.4578,0.7236,2.1846,3.4686
99.5180,-0.0608,0.2668,1.0082,-0.0450,1.1048,0.4423
99.6180,-0.2860,0.1890,1.1460,0.5679,1.1072,0.8374
99.7180,-0.0629,0.1389,0.8436,0.8576,1.1623,0.5261
99.8180,0.1324,-0.0463,0.5776,0.3979,1.2820,1.2611
99.9180,0.0570,-0.3535,0.3381,0.6852,1.0378,1.1127
100.0180,0.2832,0.2292,0.3645,0.0029,0.5877,0.9786
100.1180,0.2435,0.2758,0.4711,-0.3203,1.2437,0.6243
100.2180,0.1987,-0.0023,0.2837,-0.1815,1.1048,0.5788
100.3180,0.7071,0.2223,0.4218,0.4123,1.0953,0.7536
100.4180,-0.1253,-0.0807,0.2736,0.4099,1.1192,0.2364
100.5180,-0.2647,-0.1220,0.2366,0.5967,0.9373,0.4806
100.6180,-0.0118,0.2511,-0.0563,-0.2006,1.5310,2.1853
100.7180,0.1945,0.1018,0.0008,-0.7872,2.2062,0.3968
100.8180,-0.0629,-0.0714,-0.4048,-1.0529,1.7920,0.8469
100.9180,-0.1637,0.0576,-0.6643,-0.9668,1.5071,0.2221
101.0180,-0.0704,0.0589,-0.6995,-0.3921,2.0242,0.4064
101.1180,-0.2535,-0.2576,-0.9153,-0.2557,1.5693,-0.2257
101.2180,-0.8336,-0.3988,-0.8762,0.2208,1.1384,-0.0844
101.3180,-0.3251,-0.2398,-0.9002,0.7619,0.1328,0.8589
101.4180,-0.0419,-0.0690,-0.8767,0.6733,0.8295,1.2372
101.5180,-0.0123,-0.0026,-0.9391,1.3173,-0.7818,1.8310
101.6180,-0.1360,0.0443,-0.6468,0.1058,0.2717,2.5061
101.7180,-0.2497,0.0861,-0.4528,0.9271,-0.7124,0.8924
101.8180,0.0767,0.1434,-0.3241,0.9055,0.2597,0.5357
101.9180,0.0055,0.0355,-0.0680,-0.0881,-0.9183,0.0569
102.0180,0.1428,0.3507,-0.4056,-0.8686,-1.7802,2.0345
102.1180,0.2760,0.1248,0.1753,-0.4807,-0.0875,0.2747
102.2180,0.0500,0.1501,0.3101,-0.3754,1.2078,2.1350
102.3180,0.0069,0.2028,-0.0280,0.3333,0.1615,1.3785
102.4180,-0.1370,0.0027,-0.1911,-1.6994,0.6308,1.3593
102.5180,-0.4712,0.0001,0.0666,-0.4424,-0.0444,0.5213
102.6180,0.0010,-0.1233,0.0063,-0.2724,0.1041,0.4256
102.7180,-0.1666,-0.2286,0.0756,-0.3897,0.1041,1.6466
102.8180,-0.0014,-0.0314,-0.0019,-0.1024,-0.0300,1.3186
102.9180,-0.0872,-0.1518,0.0383,-0.2174,-0.0516,0.9523
103.0180,0.0053,0.0206,-0.0128,-0.0953,0.0155,1.0600
103.1180,-0.0152,-0.0626,0.0223,-0.1024,-0.0300,1.0552
103.2180,0.0191,0.0003,-0.0078,-0.0689,-0.0659,1.0983
103.3180,0.0058,-0.0103,0.0018,-0.0905,-0.0731,1.0864
103.4180,0.0047,-0.0071,0.0010,-0.1264,-0.0539,1.0193
103.5180,0.0055,0.0027,-0.0022,-0.1192,-0.0659,1.0624
103.6180,0.0031,-0.0034,0.0008,-0.1168,-0.0803,1.0959
103.7180,0.0029,-0.0058,0.0005,-0.1168,-0.0779,1.0840
103.8180,0.0026,-0.0037,-0.0003,-0.1192,-0.0755,1.1079
103.9180,0.0039,-0.0021,0.0002,-0.1479,-0.0731,1.0840
104.0180,0.0010,-0.0031,0.0005,-0.1408,-0.0683,1.0768
104.1180,0.0010,-0.0055,0.0005,-0.1168,-0.0755,1.0648
104.2180,0.0005,-0.0045,0.0008,-0.1384,-0.0587,1.0528
104.3180,-0.0022,0.0025,-0.0064,-0.3012,-0.2790,1.0265
104.4180,-0.0083,-0.0157,-0.0000,-0.1192,-0.0875,1.1342
104.5180,-0.0073,-0.0167,0.0013,-0.0905,0.0203,1.0385
104.6180,-0.0017,-0.0021,-0.0016,-0.0617,-0.0109,1.0409
104.7180,0.0002,0.0014,0.0005,-0.1838,-0.0085,1.0744
104.8180,0.0005,-0.0149,0.0010,-0.0139,-0.0779,1.0935
104.9180,0.0010,-0.0157,0.0024,-0.1647,-0.0324,1.0768
105.0180,0.0013,-0.0015,-0.0022,-0.0761,-0.0492,1.0816
105.1180,0.0026,0.0006,0.0005,-0.0905,-0.0827,1.0816
105.2180,0.0026,-0.0074,-0.0000,-0.1048,-0.0061,1.0888
105.3180,-0.0025,-0.0018,0.0002,-0.0905,-0.1162,1.0528
105.4180,0.0005,-0.0018,0.0002,-0.1144,-0.0109,1.0672
105.5180,0.0055,-0.0013,0.0010,-0.0953,-0.1042,1.0888
105.6180,-0.0009,-0.0013,0.0002,-0.0665,-0.0444,1.0648
105.7180,-0.0006,-0.0061,-0.0011,-0.0953,-0.0611,1.0983
105.8180,-0.0003,-0.0047,0.0008,-0.0833,-0.0587,1.0744
105.9180,0.0026,-0.0015,-0.0000,-0.0498,-0.0587,1.0504
106.0180,-0.0001,-0.0050,0.0010,-0.1096,-0.0563,1.0888
106.1180,-0.0001,-0.0050,-0.0000,-0.0713,-0.0468,1.0361
106.2180,0.0037,-0.0055,0.0016,-0.0737,-0.0492,1.0481
106.3180,0.0002,0.0014,0.0002,-0.0977,-0.0420,1.0935
106.4180,-0.0035,0.0041,-0.0003,-0.0881,-0.0396,1.0935
106.5180,0.0002,-0.0053,-0.0006,-0.0905,-0.0324,1.0696
106.6180,0.0018,0.0006,0.0002,-0.0761,-0.0563,1.0696
106.7180,0.0005,-0.0023,0.0013,-0.0617,-0.0396,1.0959
106.8180,-0.0003,-0.0034,0.0008,-0.0665,-0.0444,1.0983
106.9180,-0.0003,-0.0034,-0.0000,-0.0546,-0.0348,1.0696
107.0180,-0.0006,-0.0026,-0.0000,-0.0474,-0.0348,1.0361
107.1180,-0.0001,-0.0026,0.0005,-0.0689,-0.0396,1.0648
107.2180,0.0005,-0.0034,-0.0006,-0.0689,-0.0204,1.0672
107.3180,-0.0009,-0.0039,0.0005,-0.0665,-0.0324,1.0696
107.4180,-0.0011,-0.0042,0.0002,-0.0474,-0.0444,1.0720
107.5180,-0.0001,-0.0029,-0.0003,-0.0785,-0.0372,1.0864
107.6180,0.0002,-0.0026,0.0002,-0.0665,-0.0563,1.0864
107.7180,-0.0006,-0.0026,-0.0011,-0.0737,-0.0132,1.0888
107.8180,-0.0009,-0.0034,-0.0006,-0.0665,-0.0468,1.0744
107.9180,-0.0006,-0.0029,-0.0000,-0.0641,-0.0516,1.0481
108.0180,0.0005,-0.0015,0.0008,-0.0570,-0.0468,1.0768
108.1180,-0.0011,-0.0047,0.0010,-0.0905,-0.0563,1.0624
108.2180,0.0007,-0.0034,-0.0000,-0.0833,-0.0468,1.0935
108.3180,-0.0006,-0.0021,-0.0000,-0.0498,-0.0539,1.0648
108.4180,-0.0017,-0.0053,0.0010,-0.0665,-0.0228,1.0983
108.5180,0.0005,-0.0029,0.0002,-0.0617,-0.0444,1.0672
108.6180,0.0005,-0.0053,-0.0000,-0.0546,-0.0516,1.1031
108.7180,0.0007,-0.0130,-0.0003,-0.0761,-0.0755,1.1007
108.8180,-0.0009,-0.0015,0.0005,-0.0593,-0.0348,1.0409
108.9180,0.0037,0.0038,-0.0003,-0.0522,-0.0228,1.0744
109.0180,-0.0027,-0.0122,0.0008,-0.0067,-0.0300,0.9810
109.1180,-0.0041,-0.0101,0.0008,-0.0593,-0.0372,1.0385
109.2180,0.0050,0.0083,-0.0011,-0.0306,-0.0276,1.0768
109.3180,0.0047,0.0073,0.0005,-0.0522,-0.0468,1.0481
109.4180,-0.0017,-0.0037,0.0002,-0.0258,-0.0348,1.0744
109.5180,0.0002,-0.0015,0.0002,-0.0857,-0.0468,1.0576
109.6180,0.0021,0.0014,0.0005,-0.0474,-0.0348,1.0409
109.7180,0.0002,-0.0018,0.0002,-0.0593,-0.0324,1.0864
109.8180,0.0005,-0.0034,-0.0003,-0.0498,-0.0300,1.0888
109.9180,0.0005,-0.0010,-0.0003,-0.0713,-0.0324,1.0696
110.0180,0.0234,-0.0418,0.0002,-0.0713,-0.0228,1.0696
110.1180,0.0109,-0.0205,-0.0251,-0.0833,-0.0970,1.0935
110.2180,0.0298,-0.0570,-0.0342,-0.0713,0.0011,1.1342
110.3180,0.0023,-0.0077,0.0002,0.0292,0.0586,1.0121
110.4180,-0.0259,0.0472,-0.0315,0.0149,-0.0516,0.9858
110.5180,-0.0227,0.0438,0.0010,-0.0905,-0.0468,1.1414
110.6180,-0.0230,0.0368,0.0021,-0.0067,-0.0132,0.9403