time (s),wx (rad/s),wy (rad/s)
106.607335,-0.000018,0.000000
106.637162,0.000000,0.126060
106.675539,0.195951,0.146963
106.714016,-0.048860,0.195441
106.743979,0.188232,0.125488
106.782341,0.000000,0.294041
106.828669,-0.243481,0.284061
106.858477,0.189211,0.063070
106.896952,-0.537492,0.439766
106.950809,0.104722,0.279258
106.980751,0.000000,0.627881
107.019298,0.438945,0.390173
107.057689,0.293819,0.391758
107.087613,0.062826,0.502607
107.126023,-0.342619,0.440510
107.164483,-0.635465,0.488820
107.194341,0.062965,0.629647
107.232841,0.341818,0.585974
107.286999,0.590125,0.485985
107.316943,-0.125568,0.502271
107.355439,-0.488362,0.537199
107.393825,-0.636690,0.636690
107.423750,0.125647,0.628237
107.473973,0.224598,0.561496
107.512490,0.244048,0.780954
107.542353,0.000000,0.629542
107.580824,-0.097736,0.733020
107.619304,-0.195426,0.683992
107.650852,-0.119183,0.655509
107.703637,-0.035616,0.747940
107.742140,0.000000,0.781238
107.771975,0.126026,0.756159
107.810360,0.391820,1.028527
107.848821,0.391045,0.977614
107.878672,0.125959,0.818733
107.917168,0.000000,0.879052
107.955624,-0.244435,0.977741
107.985480,0.000000,0.881565
108.023909,0.538135,1.027349
108.080581,0.099520,0.928854
108.110510,-0.314077,0.753784
108.148933,-0.636077,0.929652
108.187384,-0.048893,0.831188
108.217261,0.314623,0.755096
108.255749,0.244232,0.928081
108.294213,0.244384,0.635399
108.324062,-0.251935,0.629837
108.374101,-0.187853,0.713843
108.412701,0.048705,0.730570
108.442555,0.314866,0.755678
108.480958,0.195818,0.734318
108.519391,-0.097833,0.782661
108.549260,-0.377649,0.818240
108.587717,-0.146657,0.733287
108.626185,0.048872,0.879692
108.656052,0.314729,1.070077
108.694434,0.000000,0.783701
108.732871,-0.097822,0.880402
108.762722,-0.125959,1.007671
108.801208,0.293094,0.928130
108.839689,0.390842,0.683974
108.869566,0.503397,0.943870
108.907985,0.342539,0.978682
108.946475,0.195375,0.928033
108.976326,0.251918,0.692774
109.014798,0.097733,0.830734
109.058120,0.086792,0.781127
109.087951,0.000000,1.008347
109.150817,0.179429,0.867241
109.189390,0.389910,0.926036
109.219272,0.000000,1.006626
109.257731,-0.048883,1.026548
109.306121,0.194255,0.932424
109.335938,0.378308,0.882718
109.374297,0.343075,0.882192
109.412774,0.097721,0.781766
109.442666,-0.251572,0.880503
109.481115,-0.244480,0.684543
109.519611,0.341854,0.781380
109.549478,0.377674,0.944186
109.587849,0.342967,0.734930
109.637088,0.152724,0.954528
109.679194,-0.223246,0.937634
109.717715,0.341632,1.024896
109.756212,0.293010,0.976699
109.786184,0.000000,0.878153
109.838141,-0.072368,1.121697
109.876712,-0.146224,1.072308
109.906589,0.000000,1.195568
109.945095,0.000000,0.781177
109.983587,0.000000,0.927985
110.013459,0.000000,0.944028
110.051894,-0.146741,0.929361
110.090386,0.097683,0.732620
110.120365,0.250842,1.003369
110.158759,0.146898,0.930354
110.197224,0.048876,0.928636
110.227074,0.000000,0.818760
110.265498,-0.146783,0.929627
110.303995,0.000000,0.976699
110.333953,0.000000,0.690300
110.375878,0.044842,0.851998
110.428149,0.179832,0.899160
110.458183,0.000000,0.938936
110.496562,-0.097970,0.783762
110.535042,-0.146570,0.879418
110.564897,0.000000,0.692681
110.603300,-0.048955,0.881181
110.641773,-0.097731,0.830712
110.671701,-0.062817,0.816627
110.710090,0.000000,0.979447
110.748571,0.146566,0.977106
110.778393,0.126081,0.819529
110.816802,0.048947,1.027884
110.855297,0.000000,1.025588
110.884947,-0.063406,0.824283
110.937710,-0.035631,0.962038
110.976204,0.000000,0.976776
111.006065,0.125917,0.881417
111.044561,0.048836,0.732544
111.097232,0.142773,0.606786
111.127163,0.062811,0.879356
111.165702,0.000000,0.780508
111.204197,0.146513,0.879075
111.234059,0.125913,1.007300
111.272441,0.097963,0.930645
111.310954,0.000000,0.976294
111.340781,-0.063030,0.756362
111.379300,0.048807,0.878527
111.417792,0.195365,0.781461
111.447654,0.125913,0.755475
111.486041,0.000000,0.734624
111.535883,-0.150877,0.829822
111.565866,-0.062702,0.627022
111.604287,-0.048932,0.685042
111.642752,-0.048876,0.733134
111.672656,-0.062868,0.691546
111.711135,-0.048858,0.684009
111.768376,0.032844,0.821090
111.799884,0.000000,0.895011
111.852619,-0.035650,0.926899
111.891088,-0.097741,0.733058
111.920939,0.000000,1.007671
111.959400,0.097761,0.879852
111.997780,0.097968,0.881709
112.027707,-0.125639,1.130751
112.066099,-0.244843,1.077308
112.113006,0.120238,0.881745
112.142885,0.251682,0.629204
112.181346,0.195523,0.928733
112.219813,0.342111,0.733096
112.249669,0.314845,1.007503
112.288028,0.000000,0.637139
112.326500,0.000000,0.879601
112.356358,0.188894,0.944470
112.394799,0.000000,0.880310
112.457895,-0.089388,1.102447
112.487925,0.000000,1.001665
112.542496,-0.068901,0.826813
112.581032,0.000000,1.024497
112.610874,-0.062998,0.881978
112.649336,-0.048879,1.026468
112.691350,0.044747,0.805446
112.721175,0.063034,0.756412
112.759555,-0.097968,0.881709
112.798013,-0.048884,0.684383
112.825286,0.000000,0.758259
112.877913,0.000000,0.785908
112.916350,0.000000,0.831490
112.946180,0.000000,0.945357
112.984635,-0.146665,0.977766
113.023090,-0.195553,0.928878
113.052928,-0.063007,1.134124
113.091320,0.000000,0.930402
113.129771,0.048893,0.733401
113.159597,0.126065,0.945484
113.198096,0.000000,0.927816
113.236555,-0.146650,0.879898
113.264020,0.000000,0.821409
113.316817,0.178040,0.712162
113.355292,0.097726,0.879532
113.385153,0.062958,0.818459
113.423566,0.000000,0.832010
113.462042,0.146585,0.928371
113.491879,0.126018,0.756108
113.530352,0.097731,0.928443
113.568823,0.048868,1.075096
113.598675,-0.062977,0.944660
113.649158,0.000000,1.005487
113.687719,0.146262,0.828817
113.717675,0.125517,0.941381
113.756047,0.000000,0.881893
113.794532,0.000000,0.830453
113.824396,0.000000,0.818377
113.862853,-0.048886,0.831058
113.901228,0.000000,0.685863
113.943380,-0.044600,0.579806
113.981915,-0.048787,0.731802
114.020435,-0.048806,0.780893
114.050394,0.000000,0.815782
114.088822,0.048923,0.684917
114.127309,0.048848,0.732715
114.157195,-0.062906,0.880680
114.195623,-0.097845,0.782763
114.234113,-0.244219,0.879189
114.264073,0.000000,0.941255
114.302501,0.000000,0.929531
114.343086,-0.092645,0.880128
114.372974,-0.188704,0.880621
114.411455,-0.244276,1.025961
114.449842,0.000000,0.930523
114.479795,0.000000,0.753180
114.521894,0.178627,0.848476
114.573897,0.216911,0.650732
114.603977,0.187500,0.625000
114.642372,0.097929,0.734471
114.680837,0.048876,0.733134
114.710683,0.000000,0.692890
114.762975,-0.107856,0.719039
114.801547,-0.243700,0.828580
114.831415,-0.125887,0.881211
114.869802,-0.097950,0.734624
114.908306,0.000000,0.830044
114.938266,0.125501,0.878505
114.976633,0.000000,0.931008
115.015132,-0.048832,0.732487
115.044996,0.062952,0.944281
115.083358,0.098014,0.833116
115.121860,-0.146486,0.830087
115.151807,-0.313888,0.627776
115.204169,-0.287231,0.718078
115.242738,0.097488,0.682413
115.272590,0.188932,0.692751
115.325348,0.071269,0.748323
115.363909,0.048754,0.877571
115.393802,0.062891,1.132038
115.434401,0.046307,0.926131
115.472896,0.000000,0.976750
115.502750,-0.062973,0.881624
115.541126,-0.097978,1.077757
115.581029,0.000000,0.989399
115.610998,-0.062731,0.940972
115.649363,-0.147009,1.078066
115.687843,-0.097713,1.074844
115.717710,-0.062946,1.007132
115.776795,0.000000,0.604553
115.815348,0.243820,0.780225
115.845203,0.062971,1.133478
115.899361,0.000000,0.833118
115.937971,0.000000,0.973841
115.967854,-0.062912,0.943680
116.006235,-0.146948,1.028634
116.044713,-0.146577,0.977182
116.074564,0.000000,0.692774
116.113055,0.048843,0.928009
116.159152,0.081567,0.815671
116.188995,0.125993,0.944945
116.227501,0.000000,0.976471
116.265897,-0.048963,0.881342
116.295808,0.000000,1.005650
116.334193,-0.048977,0.832617
116.372704,-0.048817,0.683441
116.402559,-0.125942,1.007536
116.441042,-0.146558,0.781644
116.503251,-0.090662,0.815959
116.535160,-0.058918,0.824846
116.587920,-0.106899,0.890826
116.626412,-0.048841,1.123350
116.656255,-0.062996,0.755956
116.694717,-0.048879,1.026468
116.736679,-0.044802,0.851246
116.766501,-0.063041,1.134733
116.804893,0.000000,1.028339
116.843362,-0.048871,0.977410
116.873211,-0.062984,0.881772
116.911708,-0.048835,0.976699
116.950198,-0.195375,0.928033
116.980059,0.000000,0.692542
117.018448,0.097945,0.930475
117.066680,0.077957,0.740587
117.096584,0.251471,0.880150
117.134990,0.244753,0.734260
117.185107,0.037512,0.712732
117.215054,0.000000,0.878886
117.253516,0.000000,0.830950
117.292023,0.000000,0.781157
117.319507,0.000000,1.094455
117.372309,-0.178024,0.890118
117.410806,-0.048835,1.123204
117.440681,-0.062929,1.132720
117.479103,-0.097861,1.076467
117.517595,-0.097683,0.879144
117.547464,0.000000,1.070006
117.590247,-0.087885,0.703083
117.628739,-0.195365,0.927985
117.658607,-0.062944,1.007098
117.697019,0.048943,0.636260
117.735501,0.097708,0.488540
117.765468,0.000000,0.941035
117.803904,-0.048912,0.831512
117.854409,-0.037224,0.595585
117.884370,0.125496,0.815727
117.922912,0.048778,0.731669
117.961381,0.146612,0.781928
117.991259,0.251690,0.817993
118.029649,0.195884,0.832508
118.068138,0.000000,0.928057
118.097985,-0.188964,1.007806
118.136503,-0.097617,1.073784
118.175008,-0.048825,0.878847
118.204874,0.062948,0.692426
118.261330,0.099901,0.965708
118.299951,-0.097356,0.827529
118.329779,-0.063028,0.630280
118.368172,0.000000,0.832443
118.406639,0.048873,0.830842
118.436480,-0.252002,0.882008
118.488472,-0.180797,0.867826
118.527043,0.048741,0.828602
118.556879,0.063011,0.756134
118.595345,0.244372,0.781989
118.634492,0.096048,0.864434
118.664354,-0.314781,0.881388
118.702770,0.195752,0.685131
118.741219,0.195584,0.929023
118.771078,0.188888,0.755551
118.809578,-0.048831,0.732468
118.848035,-0.097772,0.635515
118.877908,-0.188799,0.818130
118.917033,0.000000,0.720767
118.964696,0.039444,0.788872
118.994657,0.062748,0.690231
119.033100,0.000000,0.880264
119.071543,-0.048904,1.075879
119.101398,0.000000,1.007536
119.139804,-0.097901,0.881112
119.192093,-0.323586,1.078621
119.221840,-0.379198,1.263993
119.251529,0.063323,0.696554
119.290057,-0.243978,1.024709
119.328516,0.048883,1.026548
119.358385,0.125883,0.755298
119.396800,0.342575,0.734088
119.435291,0.390741,0.879167
119.465153,0.188869,0.881388
119.503593,0.097815,0.733611
119.542072,0.146573,0.928299
119.571905,0.126035,1.134314
119.610376,0.244340,0.928492
119.648712,0.000000,1.029841
119.678658,0.062780,1.067254
119.717100,0.146715,0.978097
119.755529,0.195686,0.733821
119.785392,0.000000,1.007267
119.828818,-0.043292,0.865841
119.871456,0.000000,1.058211
119.901220,0.063164,0.757963
119.939733,0.000000,0.829850
119.978168,-0.097828,0.782620
120.009317,-0.060355,0.965681
120.062091,-0.071247,0.748096
120.100531,0.244537,0.880333
120.130366,0.126026,0.819172
120.184618,-0.069306,0.831674
120.223164,-0.146319,0.975458
120.253012,0.000000,1.133744
120.291515,0.000000,0.927720
120.330015,-0.097662,1.074286
120.359870,0.000000,1.196450
120.410092,-0.149735,1.048146
120.448596,-0.341783,0.927696
120.478465,0.062942,1.070006
120.516855,0.195884,0.587653
120.555331,0.097723,0.635201
120.585182,0.000000,0.692774
120.623623,0.048906,0.684686
120.662100,0.195441,0.635185
120.691972,0.125870,0.818157
120.754519,-0.120230,0.811550
120.809269,-0.068676,0.927123
120.839203,0.000000,0.816463
120.877705,-0.097657,0.878915
120.916193,-0.048846,0.879235
120.946085,0.000000,0.817610
120.990413,-0.127233,0.933045
121.028891,0.048859,0.928323
121.058872,0.313532,0.752477
121.097292,0.000000,0.782926
121.135755,-0.146634,0.782050
121.165658,-0.251480,0.754439
121.204104,-0.146699,0.831296
121.242595,0.000000,0.683796
121.272567,0.188176,0.815428
121.321927,0.076175,0.837925
121.360405,0.000000,0.879464
121.390275,-0.062939,0.755273
121.428750,-0.293177,0.928395
121.490552,-0.091259,0.973431
121.520495,-0.125572,0.879003
121.558997,-0.244143,0.878915
121.597513,-0.292865,0.976218
121.627383,-0.188818,0.944091
121.665781,0.048961,0.881296
121.704301,0.000000,0.878505
121.734169,0.000000,0.377662
121.772631,0.000000,0.782071
121.811105,-0.244321,0.781827
121.840982,-0.062925,0.755096
121.879368,0.097952,0.930548
121.917847,0.048858,1.074872
121.947812,-0.188220,1.129318
121.986203,-0.146909,0.930426
122.024707,0.000000,1.123000
122.054581,0.000000,1.195689
122.105014,-0.111832,1.006484
122.143631,0.000000,1.119714
122.173495,-0.062952,1.133137
122.211897,0.000000,0.832248
122.250380,-0.146558,0.977055
122.280241,-0.314792,0.881417
122.318701,-0.293292,0.830993
122.357194,-0.195360,0.732601
122.387047,-0.188926,1.007604
122.425423,0.000000,0.881801
122.463922,0.195330,0.878984
122.493776,0.000000,0.818651
122.532214,-0.244550,0.880379
122.570719,-0.292949,0.927672
122.600554,-0.063013,0.945199
122.654043,0.035147,0.913833
122.692646,0.000000,1.168821
122.736049,-0.303205,1.082874
122.774622,-0.146216,0.926036
122.813032,-0.097891,1.027857
122.842985,0.062765,0.878710
122.881361,0.097978,0.783823
122.926734,0.082869,0.662949
122.956590,0.000000,0.881565
122.995095,-0.097650,0.830022
123.033592,0.000000,0.976699
123.063473,0.000000,0.880827
123.101896,-0.097858,0.929652
123.140389,-0.146520,1.123321
123.170253,-0.062952,0.944281
123.208737,0.000000,0.977029
123.257077,-0.077782,0.933388
123.286912,-0.063013,1.008212
123.339192,0.071920,0.899005
123.377785,0.097427,0.828129
123.407398,0.000000,0.825313
123.460198,-0.178030,0.996970
123.498720,0.000000,1.073672
123.528537,-0.063051,0.756615
123.566944,0.000000,0.783191
123.605449,0.048825,0.781197
123.635275,0.000000,0.882452
123.673737,-0.097759,1.124227
123.712252,-0.097624,1.122679
123.742098,0.000000,1.133820
123.780498,0.146875,0.881250
123.819001,0.000000,1.123029
123.848947,-0.188339,1.192814
123.892427,-0.216191,0.994480
123.930897,0.000000,0.928516
123.960750,0.062975,0.944629
123.999242,0.000000,0.683778
124.051813,-0.178806,0.786746
124.081761,0.000000,0.753306
124.120161,0.146875,0.685417
124.158637,0.000000,0.879509
124.188573,-0.125601,0.753608
124.226994,-0.048932,1.027563
124.265506,0.000000,0.878687
124.295341,0.063013,0.819172
124.333734,0.000000,0.930378
124.372226,-0.097683,1.025668
124.403554,-0.060010,0.960163
124.471995,0.000000,0.824067
124.510604,0.000000,0.876480
124.540468,0.000000,0.755425
124.578826,-0.147036,0.833203
124.617319,-0.097680,0.879121
124.647159,-0.189008,0.693029
124.685598,0.000000,0.782539
124.740066,0.069031,0.724829
124.769967,0.000000,0.943112
124.808438,-0.244340,0.977360
124.846941,-0.048827,0.927720
124.876779,0.000000,1.008110
124.915161,0.146944,0.881663
124.953637,0.048862,1.026094
124.983460,-0.063039,0.945579
125.021975,-0.146436,1.122679
125.060457,0.048854,0.928226
125.090287,0.000000,0.630238
125.136678,0.000000,0.648402
125.175141,0.146634,0.684294
125.205066,0.251295,0.942356
125.243492,0.097850,0.733878
125.282002,0.097637,0.829914
125.311876,0.000000,1.006896
125.350344,-0.097744,0.830820
125.404890,0.034466,0.861658
125.434853,0.000000,0.941161
125.473235,0.000000,1.126570
125.530233,-0.065967,1.187410
125.560167,0.000000,0.942073
125.598552,0.000000,0.930572
125.637062,0.244092,0.976370
125.667020,0.062755,0.753054
125.717328,-0.186849,0.710026
125.755910,-0.048727,0.925820
125.785780,0.000000,0.881152
125.824228,-0.097794,0.831253
125.862744,-0.048811,0.732163
125.892606,0.000000,0.755475
125.931002,0.000000,0.783415
125.980293,0.000000,1.067943
126.010249,0.125517,0.878622
126.060714,0.260775,0.968592
126.099303,0.097437,1.023089
126.129306,-0.125321,0.751925
126.167702,-0.097927,0.979269
126.206199,0.000000,1.123204
126.236080,0.125832,0.880827
126.274504,0.146783,0.929627
126.313003,0.000000,0.781319
126.342979,0.125434,0.815319
126.381349,0.097993,0.734949
126.419831,-0.244270,0.732810
126.447729,0.000000,0.741272
126.500519,0.000000,0.819095
126.539050,-0.097584,0.927046
126.568879,0.000000,1.071441
126.607306,0.097848,0.733859
126.645796,0.293063,0.976877
126.675681,0.251631,0.943617
126.727658,0.036170,1.048925
126.766234,0.000000,1.023434
126.796072,-0.063007,0.882097
126.834529,0.000000,0.879944
126.873050,-0.195218,0.780873
126.902891,-0.189002,0.567005
126.941306,-0.244696,0.734088
126.979781,-0.146589,0.781806
127.009653,0.000000,0.755222
127.048120,0.195492,0.781969
127.086593,-0.048865,0.879578
127.116461,-0.251774,0.755323
127.154850,-0.244862,0.930475
127.193320,0.048869,0.928516
127.223164,0.188983,1.007908
127.261648,0.000000,0.830475
127.300787,0.000000,1.104780
127.330175,-0.383830,1.023547
127.383004,0.000000,0.854076
127.421527,0.000000,0.732030
127.451394,-0.125891,0.629457
127.489801,0.097899,0.734241
127.528296,-0.195350,0.879075
127.558152,0.000000,0.692658
127.596627,0.146589,0.977258
127.635112,0.097700,0.928154
127.664950,0.126014,0.756083
127.717752,-0.035605,0.890118
127.756333,0.048729,0.974573
127.786293,0.313752,0.941255
127.824699,0.146852,0.783211
127.863204,-0.488248,0.976497
127.893086,0.692055,1.006626
127.931552,0.293246,0.830864
127.970060,-0.048821,0.683494
127.999817,0.000000,0.821319
128.052693,-0.106665,0.746653
128.091093,0.195833,0.881250
128.121068,0.125438,0.689908
128.159439,0.000000,0.832921
128.209189,-0.491256,0.869146
128.239067,-0.125845,0.880916
128.277574,-0.146467,1.025268
128.316098,0.048801,0.927214
128.345946,0.000000,0.755830
128.384334,0.000000,0.930499
128.422830,-0.146509,0.927889
128.452691,0.000000,0.818459
128.491190,0.292995,0.878984
128.546672,0.067770,0.813237
128.576579,0.000000,0.754338
128.615056,0.048860,0.781766
128.669425,-0.034579,0.726149
128.699376,0.000000,0.815999
128.737840,0.048877,0.684276
128.776326,0.000000,0.879281
128.806159,0.000000,1.008279
128.844535,0.048989,0.832812
128.883022,0.146543,0.781563
128.912873,-0.062979,0.881713
128.951359,-0.097698,0.879281
128.989839,0.048857,0.928274
129.019654,0.000000,0.693611
129.058048,0.146898,0.832422
129.096527,0.048858,0.830583
129.126347,0.000000,0.630449
129.164816,-0.048871,0.781928
129.203312,-0.097672,0.732544
129.233158,0.000000,0.629900
129.283178,0.075170,0.789284
129.337656,-0.034509,0.690187
129.367599,-0.125572,0.941789
129.406101,-0.048829,0.927744
129.460717,0.034422,0.929398
129.490679,0.062746,0.941192
129.529105,0.000000,1.027429
129.567598,-0.293040,0.976801
129.597554,-0.313794,1.066898
129.635955,-0.195828,0.734356
129.674440,0.000000,0.830453
129.704275,-0.252053,0.693146
129.742706,-0.048919,0.684864
129.781184,0.000000,0.684027
129.811174,0.000000,0.814938
129.849546,0.000000,0.734911
129.888023,-0.048860,0.781766
129.917855,-0.126039,0.693215
129.967889,0.075149,0.826638
130.006505,0.146053,0.632898
130.036359,0.000000,0.881624
130.074734,-0.048990,0.832834
130.113229,-0.097675,0.879075
130.143189,-0.188251,0.815754
130.181570,-0.048983,0.881686
130.220052,0.000000,0.830518
130.249896,-0.062994,0.566948
130.288303,-0.195798,0.685292
130.326792,-0.244226,0.732677
130.356738,-0.125559,0.627797
130.395116,0.000000,0.734796
130.437086,0.044794,0.671909
130.466908,0.000000,0.630407
130.505360,-0.097784,0.684490
130.543705,-0.196114,0.735428
130.573661,-0.062759,0.815863
130.635815,0.030247,1.028413
130.674424,0.000000,1.022560
130.704296,0.000000,0.755222
130.742707,-0.048944,0.978886
130.781224,0.097619,1.025002
130.811083,0.188888,0.755551
130.858938,0.078571,0.785707
130.897421,-0.146558,0.781644
130.927279,-0.188894,0.818541
130.965633,-0.049017,0.882307
131.015541,0.037669,0.678048
131.045402,0.000000,0.881417
131.083785,-0.048980,0.783680
131.122303,-0.097617,0.878550
131.152243,0.000000,0.941884
131.205038,-0.035609,0.783408
131.243529,-0.097685,0.830324
131.273376,-0.062988,0.881831
131.325341,-0.108535,0.868277
131.363936,0.000000,0.925508
131.393782,0.062990,0.629900
131.432176,0.000000,0.587592
131.470650,-0.195457,0.586370
131.500585,-0.188408,0.565225
131.538972,-0.048975,0.734624
131.577453,0.146566,0.732829
131.607306,0.188926,0.629752
131.645796,-0.097688,0.732658
131.684165,-0.244989,0.881962
131.714071,-0.125727,1.005818
131.752494,0.000000,0.733935
131.790992,0.146501,0.927840
131.820855,0.000000,1.007267
131.859350,-0.097675,0.927913
131.897839,-0.293071,0.830367
131.927710,0.000000,1.069934
131.979894,0.036026,0.828606
132.018502,0.000000,0.681724
132.048461,-0.062752,0.564772
132.101053,0.000000,0.643444
132.139576,0.195208,0.683228
132.169483,0.125723,0.628615
132.207969,0.000000,0.830432
132.268761,-0.154626,0.804053
132.298789,0.000000,0.939123
132.337162,0.048993,0.930863
132.375637,0.048863,0.879532
132.405492,-0.062971,0.818623
132.443915,-0.146787,0.929652
132.482397,-0.048854,0.928226
132.512355,0.000000,0.753054
132.550723,0.000000,0.832986
132.589201,-0.097718,0.781745
132.619060,-0.188888,0.629626
132.672931,-0.209389,1.012047
132.711542,-0.048691,0.730362
132.741391,0.062984,1.007739
132.779759,0.000000,0.930984
132.818227,-0.146615,0.879692
132.848204,-0.188144,0.752577
132.886585,-0.048983,0.930669
132.925061,0.000000,0.928371
132.954923,0.125913,0.755475
132.993326,0.000000,0.930136
133.031788,-0.097759,0.928709
133.061773,-0.188094,0.689678
133.100163,-0.146913,0.832508
133.138638,0.146589,0.781806
133.168482,0.000000,0.755931
133.206911,-0.097843,0.538135
133.245378,-0.293238,0.635350
133.275351,-0.125446,0.752677
133.329527,0.138807,0.624631
133.368115,-0.146159,0.682077
133.398082,-0.250943,0.690092
133.436501,-0.048934,0.734012
133.491138,0.034409,0.722587
133.521050,-0.062851,0.817063
133.559497,-0.146695,0.733477
133.621730,0.000000,0.664599
133.651781,0.062560,0.813284
133.690148,0.049000,0.735007
133.738506,0.038877,0.699781
133.768355,0.000000,0.629837
133.806784,-0.048921,0.831664
133.845307,-0.048802,0.780832
133.875167,0.188881,0.881447
133.913517,0.098044,0.637288
133.952017,-0.146494,0.732468
133.993459,-0.317552,0.725834
134.032042,-0.194904,0.925796
134.070544,-0.097657,0.927744
134.100413,0.000000,0.881181
134.138904,0.048843,0.683796
134.177293,-0.146917,0.881503
134.207239,-0.251119,0.878915
134.245635,-0.048963,0.734452
134.284123,0.146539,0.635003
134.313982,0.000000,0.818514
134.352499,0.000000,0.732144
134.406375,-0.069790,0.732794
134.436277,-0.125744,0.691593
134.474746,-0.146612,0.684187
134.513109,0.000000,0.735083
134.543057,0.000000,0.627755
134.590316,-0.079562,0.875177
134.628795,-0.048858,0.684009
134.656519,0.000000,0.949358
134.709308,0.035613,0.783497
134.747791,-0.048853,0.732791
134.777662,-0.062937,0.944059
134.816137,0.000000,0.879532
134.854620,0.097705,0.830497
134.884472,0.062977,0.755728
134.922908,-0.146737,0.929337
134.961374,-0.146623,0.928612
134.991210,-0.126022,0.756134
135.029713,0.048827,0.830065
135.068193,0.341996,0.879418
135.098052,0.188888,0.692588
135.136498,0.000000,0.929095
135.174984,-0.195396,0.830432
135.204866,-0.188742,0.817884
135.259186,0.138439,1.072901
135.297762,0.146205,0.925964
135.326940,0.000000,1.224210
135.379733,-0.284886,0.961491
135.418205,0.000000,0.879601
135.448063,0.000000,0.755576
135.486439,0.000000,0.832812
135.524941,0.048829,0.781258
135.554862,0.000000,0.691153
135.593229,-0.098001,0.833008
135.637383,0.000000,0.808987
135.667197,0.063058,0.819749
135.705701,0.000000,0.878870
135.744192,0.000000,0.928009
135.774054,0.000000,0.818431
135.812499,0.048901,0.929120
135.850999,0.048831,0.976623
135.880865,0.000000,1.070113
135.919346,0.000000,0.732829
135.995409,0.000000,0.939221
136.025455,-0.125141,0.813419
136.063836,-0.146948,0.734739
136.102302,-0.146623,0.781989
136.132147,-0.062992,0.881890
136.170621,0.048864,0.635234
136.214690,0.000000,0.810547
136.244524,-0.126031,0.756184
136.282926,-0.146867,0.832248
136.321388,-0.048879,0.928709
136.351262,0.000000,0.881034
136.389743,0.097711,0.928250
136.428208,0.000000,0.782010
136.458055,-0.125976,1.007806
136.497909,-0.047172,1.037788
136.544946,-0.039969,0.879308
136.574791,-0.062992,0.755906
136.613184,-0.048967,0.587607
136.665908,0.106972,0.820120
136.711420,0.000000,0.743540
136.749911,0.000000,0.732639
136.788428,0.000000,0.780954
136.818388,-0.062750,0.627503
136.856792,0.000000,0.734299
136.895299,0.048822,0.781157
136.925165,0.062948,0.818322
136.963558,0.000000,0.636574
137.002044,0.000000,0.928130
137.031998,-0.062763,1.004206
137.078478,0.000000,0.889845
137.116960,0.146562,0.830518
137.146849,0.062899,0.628994
137.185314,-0.048876,0.733134
137.223793,-0.048858,0.830583
137.253665,-0.125870,0.692287
137.307878,-0.104034,0.728239
137.346517,-0.048656,0.729833
137.376389,-0.188806,0.944028
137.414804,-0.244696,0.929845
137.453300,-0.146509,0.781380
137.483165,0.000000,1.007199
137.521650,0.048850,0.879304
137.560142,0.000000,0.976826
137.589973,-0.189065,0.756260
137.628384,-0.440499,0.929942
137.666904,-0.097612,0.927310
137.712776,0.204918,0.942623
137.751329,-0.097528,0.731461
137.789829,-0.048831,0.683636
137.819693,0.062952,0.818377
137.858164,0.000000,0.733020
137.896661,-0.293010,0.634855
137.926511,-0.125963,0.503853
137.981151,0.000000,0.722548
138.019706,0.048762,0.780184
138.049675,0.062731,0.878241
138.088093,0.000000,0.734031
138.126565,-0.048867,0.733001
138.156473,-0.251438,0.942892
138.194981,-0.048821,0.927599
138.233356,0.000000,0.832834
138.263301,0.125564,0.753381
138.301708,-0.048949,0.734241
138.340204,-0.293017,0.634871
138.370081,-0.251699,0.503397
138.408588,-0.048822,0.683512
138.447095,-0.048822,0.732334
138.474546,0.000000,0.684857
138.527197,0.071414,0.749843
138.565713,0.000000,0.780974
138.595674,0.000000,0.752979
138.646055,0.037316,0.932891
138.684641,0.341056,0.682113
138.714482,0.189002,0.630006
138.752942,0.048882,0.928757
138.791453,-0.292903,0.878710
138.821287,-0.126031,0.630154
138.859703,0.048938,0.880883
138.898193,0.097688,0.830346
138.928049,0.000000,0.881565
138.966523,-0.146593,0.635234
139.005015,-0.097683,0.683778
139.046929,-0.044854,0.852221
139.085510,0.000000,0.682201
139.123997,-0.048848,0.879258
139.153855,0.062965,0.944470
139.192307,0.097784,0.880058
139.230787,-0.048857,0.732848
139.260619,-0.126039,0.819254
139.311320,0.000000,0.815763
139.349909,0.194874,0.876934
139.379744,0.126026,1.071225
139.418222,-0.048859,0.928323
139.456596,-0.195966,0.881847
139.486526,-0.062813,0.565319
139.524913,0.000000,0.734624
139.563370,0.000000,0.879944
139.593253,0.000000,0.503296
139.631727,0.000000,0.684098
139.680285,0.000000,0.658182
139.710123,0.189021,0.693076
139.748498,0.000000,0.783844
139.786982,0.000000,0.683921
139.816962,0.000000,0.752502
139.855332,0.195986,0.832942
139.893800,0.097744,0.830820
139.922987,0.000000,0.708535
139.975819,-0.106753,0.640521
140.028132,-0.035938,0.682813
140.058103,0.062727,0.815455
140.096582,-0.048858,0.586294
140.135096,-0.097627,0.536948
140.164987,0.000000,0.628952
140.203381,0.048966,0.636558
140.241853,0.000000,0.488667
140.271679,-0.126065,0.693355
140.313022,-0.045473,0.591152
140.351521,-0.048832,0.585989
140.381362,-0.126001,0.693006
140.419739,0.000000,0.440889
140.458231,0.000000,0.488413
140.488076,0.062992,0.629921
140.526512,0.097825,0.635862
140.565016,0.146478,0.390609
140.608835,0.085808,0.514845
140.647394,0.195026,0.633834
140.685774,0.097968,0.685774
140.715707,0.000000,0.439649
140.754093,0.000000,0.391810
140.792534,0.195624,0.489061
140.822412,0.188768,0.377535
140.860913,0.097660,0.537129
140.899363,0.048895,0.391157
140.929127,0.126327,0.442145
140.987795,0.256358,0.288403
141.026393,-0.048707,0.389657
141.056215,-0.567366,0.378244
141.094634,-0.391473,0.342539
141.133119,-0.048850,0.195401
141.163002,0.125824,0.440384
141.201399,0.048962,0.244811
141.247679,0.000000,0.121867
141.277491,-0.189186,0.441433
141.315906,-0.244696,0.146818
141.369855,-0.453020,0.034848
141.399870,0.062635,0.187906
141.438297,0.342468,0.000000
141.476677,0.391871,0.048984
141.506662,0.188094,0.188094
141.572596,0.000000,0.057027
141.611167,0.097483,0.097483
141.641113,0.125559,0.188339
141.679507,0.097932,0.342762
141.717890,0.000000,0.244900
141.747757,0.062946,0.000000
141.786215,0.000000,0.000000
141.825288,0.096230,0.048115
141.855257,0.125463,0.000000
141.893692,0.391310,0.391310
141.932128,0.244562,0.146737
141.962006,0.566303,0.062923
142.000497,0.439583,0.244213
142.038973,0.390893,0.048862
142.068756,0.252493,0.252493
142.123139,-0.034570,0.103709
142.161756,0.048683,0.243416
142.191646,0.188692,0.251589
142.230041,0.391718,0.146894
142.268544,0.195309,0.000000
142.298385,0.000000,0.000000
142.336789,-0.195813,0.000000
142.375279,0.000000,0.000000
142.405135,0.125938,0.251876
142.443539,-0.048953,-0.048953
142.485529,0.179090,0.089545
142.515446,0.062841,0.062841
142.570334,0.102755,0.239761
142.608771,-0.146734,0.440201
142.638699,-0.062817,0.314087
142.677132,0.000000,0.391330
142.727229,0.187636,0.262690
142.757200,0.188182,0.627273
142.795586,-0.097952,0.195905
142.845914,-0.298840,0.336195
142.875994,-0.750000,0.062500
142.914370,-0.097978,0.146967
142.952803,0.048916,0.146749
142.982676,0.125866,0.503465
143.021149,-0.146596,0.342058
143.063199,-0.223543,0.402378
143.093061,-0.062956,0.377738
143.132177,-0.192249,0.384497
143.170615,-0.097820,0.489099
143.200485,-0.062939,0.692333
143.238991,0.000000,0.390588
143.277478,0.048848,0.488477
143.307356,-0.125845,0.503380
143.345741,0.244887,0.489775
143.393613,0.078543,0.471257
143.423472,0.000000,0.377776
143.473948,0.000000,0.372454
143.512515,0.243732,0.389971
143.542465,0.000000,0.439399
143.593085,-0.222837,0.519953
143.631633,-0.097541,0.487704
143.661601,0.000000,0.439135
143.699994,0.000000,0.636574
143.738482,-0.195386,0.635003
143.768356,-0.314655,0.503448
143.806755,-0.391677,0.587515
143.845216,0.097761,0.488807
143.875069,0.377851,0.629752
143.913525,0.048887,0.439983
143.952001,-0.097723,0.586340
143.981856,-0.188913,0.503768
144.020236,0.048984,0.440855
144.058709,0.146596,0.244327
144.088674,0.062740,0.439179
144.127084,-0.195782,0.440510
144.165565,-0.195421,0.488553
144.195445,-0.062918,0.629183
144.233843,-0.146883,0.538570
144.285887,-0.108370,0.650219
144.315866,0.000000,0.627106
144.354230,0.000000,0.686060
144.392699,-0.048871,0.733058
144.422659,-0.062750,0.627503
144.461045,-0.097952,0.734643
144.499510,0.000000,0.733134
144.529349,0.126010,0.630048
144.567719,0.244983,0.636956
144.606192,0.244327,0.635251
144.636153,0.000000,0.627482
144.674511,0.000000,0.490119
144.728170,0.000000,0.700721
144.758090,0.188503,0.565508
144.796556,0.146623,0.684241
144.835035,0.195431,0.635152
144.864885,0.188945,0.503853
144.903300,0.195757,0.685149
144.955759,0.000000,0.716750
144.985806,0.000000,0.625686
145.024214,-0.146844,0.685274
145.062711,-0.146505,0.683690
145.092790,0.062502,0.812527
145.145507,0.035662,0.784567
145.183971,0.000000,0.635399
145.213789,0.063049,0.693541
145.252299,0.292911,0.585822
145.292918,0.277703,0.416554
145.322733,0.000000,0.378333
145.361103,0.000000,0.489966
145.399612,-0.146459,0.683477
145.429458,-0.125980,0.566910
145.467930,0.097733,0.781867
145.506449,0.146421,0.634492
145.536277,0.063028,0.756336
145.590276,-0.069631,0.765940
145.628934,-0.097263,0.680842
145.658788,0.000000,0.629731
145.697203,0.048939,0.831967
145.735707,-0.048826,0.781218
145.765581,-0.125862,0.629310
145.804110,-0.097589,0.829505
145.842607,0.146505,0.732525
145.872468,0.062958,0.503667
145.910923,0.000000,0.635548
145.965850,0.171136,0.650318
145.995858,-0.062650,0.626500
146.034240,0.000000,0.636757
146.072737,0.390680,0.586020
146.102596,0.125925,0.503701
146.157071,0.000000,0.690225
146.195707,-0.048659,0.778549
146.225531,0.000000,0.882511
146.264027,0.293017,0.830216
146.302413,0.195905,0.734643
146.332313,0.440134,0.817391
146.370706,0.146902,0.685542
146.409193,0.000000,0.586172
146.439047,-0.503785,0.881624
146.477520,0.000000,0.781847
146.515920,0.000000,0.685417
146.545844,0.125652,0.565432
146.584245,0.000000,0.636442
146.622733,-0.146539,0.537310
146.652573,0.063003,0.567024
146.714335,0.030439,0.639228
146.752934,0.000000,0.535765
146.782775,-0.063001,0.819007
146.821256,0.048855,0.683974
146.861116,0.141495,0.613146
146.890949,0.000000,0.693192
146.929346,-0.048962,0.783395
146.979403,-0.112672,0.788701
147.009478,0.000000,0.625104
147.047920,0.244524,0.684668
147.086423,0.146482,0.634756
147.116281,0.000000,0.440753
147.154760,-0.439720,0.684009
147.193312,-0.292592,0.682714
147.223166,0.000000,0.566758
147.273411,0.374167,0.636083
147.312018,0.097392,0.633046
147.341971,0.000000,0.690415
147.380353,-0.146944,0.636757
147.418851,0.000000,0.683672
147.448717,0.000000,0.566531
147.487209,0.000000,0.781461
147.525576,0.049000,0.833008
147.555525,0.125547,0.878827
147.593933,-0.146844,0.685274
147.632410,-0.048860,0.879486
147.662277,0.000000,0.818294
147.700796,0.146421,0.732106
147.739306,0.048818,0.537003
147.769188,-0.188742,0.754970
147.819643,-0.186305,0.707958
147.858226,0.048726,0.535987
147.888196,0.188188,0.752753
147.926579,0.000000,0.783680
147.965036,0.000000,0.831058
147.994861,0.000000,0.693378
148.033262,0.195828,0.783313
148.071735,0.146596,0.684116
148.101673,0.000000,0.565168
148.140052,0.000000,0.734777
148.192862,-0.035599,0.854384
148.222869,0.000000,0.751825
148.261267,-0.048961,0.783374
148.299754,0.048848,0.732715
148.329658,0.062868,0.754414
148.368076,-0.195742,0.636160
148.420077,-0.072306,0.759216
148.450180,-0.062452,0.811879
148.488544,-0.049004,0.735064
148.527020,-0.048862,0.781786
148.556875,0.000000,0.692681
148.605831,-0.192009,0.691233
148.644296,-0.391005,0.733134
148.674147,0.000000,0.818733
148.712633,0.000000,0.781583
148.759614,0.000000,0.680275
148.789084,-0.127587,0.701731
148.841936,-0.071142,0.818134
148.880452,-0.195244,0.829785
148.910309,-0.062967,0.629668
148.948752,-0.097807,0.684650
148.987253,0.195320,0.585959
149.016926,-0.063357,0.760287
149.069714,-0.178071,0.569826
149.108199,0.000000,0.586202
149.138060,0.188875,0.818459
149.185940,0.000000,0.785297
149.224396,0.000000,0.928854
149.254247,0.000000,0.755754
149.292643,0.000000,0.832378
149.338152,0.082621,0.908831
149.368059,0.000000,1.005785
149.406442,-0.097960,0.734700
149.444968,0.000000,0.878368
149.474822,-0.062973,0.881624
149.527575,-0.213827,0.677118
149.566075,-0.195325,0.732468
149.595897,0.000000,0.504326
149.649792,-0.069765,0.627888
149.688398,0.000000,0.633062
149.718241,0.000000,0.818953
149.756620,-0.048985,0.538836
149.795105,-0.146551,0.635053
149.824952,0.000000,0.755855
149.863413,0.097761,0.586568
149.901914,0.048830,0.585959
149.931743,0.000000,0.819337
149.970117,-0.097983,0.930839
150.008628,-0.292903,0.732258
150.038454,-0.252129,0.882452
150.076935,0.097711,0.732829
150.115422,0.048848,0.781563
150.145246,0.063036,0.630365
150.183623,-0.048988,0.783803
150.237882,-0.034649,0.692973
150.267852,0.000000,0.815482
150.306213,0.000000,0.637105
150.344706,0.097680,0.781441
150.374532,0.000000,0.819419
150.412999,0.000000,0.781969
150.451508,0.000000,0.732296
150.481345,0.000000,0.945135
150.519712,-0.049000,0.882008
150.558207,-0.048838,0.976750
150.588056,-0.188951,0.692821
150.626534,-0.342014,0.977182
150.665017,0.000000,0.830497
150.694857,0.189008,0.630027
150.733240,0.195920,0.685720
150.787716,-0.069021,0.724723
150.817684,-0.313668,0.878270
150.856108,-0.293567,0.978555
150.910760,0.171997,0.928786
150.940801,0.438068,0.688393
150.979197,0.440671,0.636525
151.017689,-0.146524,0.634937
151.047539,-0.377889,0.692797
151.093829,-0.324908,0.649816
151.132273,0.000000,0.586828
151.162113,0.000000,0.630027
151.200515,-0.391646,0.685381
151.239023,-0.390568,0.537031
151.268965,-0.062788,0.690669
151.307343,0.195946,0.783782
151.345814,0.488680,0.635284
151.373282,0.273773,0.684433
151.426058,0.071245,0.819312
151.464530,-0.293200,0.781867
151.494390,0.000000,0.692565
151.532778,0.489736,0.832552
151.583256,0.335196,0.931099
151.611051,0.067638,0.811657
151.663707,0.000000,0.749772
151.702173,0.195497,0.733115
151.732171,0.062671,0.689379
151.770549,0.146959,0.783782
151.822086,0.000000,0.766052
151.852013,0.000000,0.691015
151.890523,0.146455,0.585822
151.928979,0.000000,0.635532
151.958868,-0.125799,0.503195
152.006108,-0.198984,0.676545
152.044548,-0.048907,0.635796
152.074494,0.062780,0.878915
152.112914,0.000000,0.685060
152.151347,-0.146749,0.635912
152.181199,-0.251909,0.818706
152.219591,0.146906,0.783497
152.258077,0.293094,0.732734
152.288052,0.188157,0.752627
152.350626,0.240355,0.841244
152.402980,0.000000,0.790006
152.432887,0.000000,0.942923
152.471241,0.098034,0.882307
152.509711,0.146608,0.830777
152.539679,0.188201,0.690069
152.586004,0.121749,0.689908
152.624482,0.048859,0.732886
152.654329,0.125976,0.566891
152.692749,0.195731,0.685060
152.731287,0.097566,0.682962
152.761130,0.062996,0.818953
152.799498,0.048999,0.636989
152.837966,0.097744,0.684205
152.867863,0.062883,0.817473
152.906316,-0.048891,0.684472
152.944792,0.000000,0.732924
152.974683,-0.062895,0.880533
153.013101,-0.048935,0.782966
153.053693,0.046315,0.741033
153.097642,0.000000,0.727207
153.136117,-0.048863,0.684081
153.174630,-0.048815,0.781035
153.204490,-0.062960,0.818486
153.259300,-0.274402,0.720307
153.297906,-0.389577,0.681759
153.327755,-0.062984,0.692821
153.366241,-0.195396,0.830432
153.404738,0.000000,0.781360
153.434589,0.377877,0.692774
153.473006,0.195747,0.685113
153.511509,-0.048827,0.830065
153.541365,0.000000,0.629689
153.581945,0.185313,0.972893
153.620405,0.146646,0.635465
153.650274,0.377649,1.007064
153.688713,0.440178,0.782539
153.742706,-0.034819,0.696387
153.772729,-0.187856,0.563568
153.811135,0.195803,0.783211
153.849624,0.488451,0.830367
153.879481,0.000000,0.818569
153.917980,-0.244162,0.585989
153.962169,-0.340356,0.850890
153.992054,-0.314539,0.817802
154.030462,-0.097896,0.734222
154.068958,-0.048836,0.732544
154.098917,-0.188257,0.753029
154.137321,-0.244766,0.636392
154.175783,-0.048879,0.879829
154.205644,0.062958,0.818459
154.259770,0.034734,0.833610
154.298391,0.097356,0.876207
154.328258,-0.251783,0.566512
154.382597,-0.415171,0.761148
154.421234,-0.194632,0.437922
154.451080,0.062990,0.818870
154.489509,0.097843,0.635978
154.528014,-0.048825,0.683548
154.557855,-0.252002,0.693006
154.596334,-0.195431,0.732867
154.634829,0.048838,0.732563
154.664687,0.377788,0.629647
154.703113,0.391402,0.684953
154.741595,0.146562,0.537394
154.771566,0.188182,0.690000
154.809976,0.293674,0.685238
154.848452,0.390893,0.635201
154.878315,0.314771,0.566587
154.932832,0.241393,0.724178
154.971479,0.000000,0.632391
155.001338,0.062963,0.566663
155.039729,-0.048970,0.587638
155.078187,0.146653,0.684383
155.108049,0.251825,0.566606
155.168752,0.000000,0.712321
155.207324,-0.487400,0.779840
155.237292,-0.250934,0.752803
155.275704,0.000000,0.734146
155.314202,0.097667,0.390670
155.344071,0.000000,0.818240
155.382460,0.000000,0.636641
155.420971,0.000000,0.634624
155.450931,0.125501,0.502003
155.489314,-0.048980,0.783680
155.530586,0.000000,0.683272
155.560468,0.000000,0.629141
155.610745,0.000000,0.560893
155.649322,0.000000,0.633538
155.679149,0.000000,0.630301
155.717512,0.000000,0.441050
155.755998,0.146547,0.537338
155.785958,0.125501,0.690254
155.824294,-0.098080,0.441361
155.862775,-0.146566,0.390842
155.892650,0.000000,0.377573
155.931027,0.000000,0.440889
155.969486,-0.195533,0.195533
155.999452,-0.125476,0.501902
156.037821,-0.195992,0.195992
156.076298,0.000000,0.244302
156.106121,-0.063039,0.315193
156.162424,0.000000,0.133563
156.201011,0.048721,0.000000
156.230880,0.000000,0.000000
156.269242,0.000000,-0.098014
156.319959,0.074137,-0.111205
156.349928,0.062731,-0.188194
156.388279,0.000000,-0.147063
156.426752,-0.097731,-0.195462
156.456642,-0.125795,-0.377384
156.495082,-0.048907,-0.195630
156.533564,0.000000,-0.586248
156.563444,0.062918,-0.125837
156.601783,0.049036,-0.392290
156.640289,0.000000,-0.439412
156.670126,0.000000,-0.504072
156.708585,0.097766,-0.244416
156.747093,0.000000,-0.488210
156.776947,-0.125946,-0.251893
156.816028,-0.240526,-0.577263
156.854485,-0.048886,-0.391086
156.884451,0.000000,-0.564640
156.922815,-0.098009,-0.441038
156.974792,-0.036170,-0.361698
157.004736,0.062784,-0.627839
157.043192,0.048887,-0.684419
157.081696,0.000000,-0.585913
157.111519,0.000000,-0.378232
157.149896,-0.146963,-0.538864
157.188376,0.048857,-0.488565
157.218248,0.125870,-0.377611
157.256710,0.000000,-0.635432
157.295204,-0.097678,-0.195355
157.325064,0.000000,-0.629605
157.363435,0.195981,-0.391963
157.401909,0.048864,-0.488642
157.445604,-0.215128,-0.430255
157.484186,0.000000,-0.341092
157.522648,0.048879,-0.586553
157.552497,-0.125967,-0.440886
157.591006,-0.244099,-0.634657
157.643467,-0.179181,-0.752559
157.673444,-0.062715,-0.815292
157.711935,0.195370,-0.586111
157.750421,0.341943,-0.732734
157.780296,0.000000,-0.566360
157.818726,-0.146760,-0.733802
157.857181,0.000000,-0.782213
157.887090,0.125715,-0.628573
157.925610,0.195223,-0.585670
157.964077,-0.048873,-0.488731
157.993971,-0.188667,-0.503111
158.046850,-0.213317,-0.604399
158.085384,-0.097576,-0.487881
158.115343,0.000000,-0.690277
158.153724,0.048983,-0.685756
158.192217,-0.048840,-0.488400
158.222072,-0.125942,-0.314855
158.276158,-0.034759,-0.590911
158.314737,-0.146194,-0.633505
158.344596,-0.125925,-0.566663
158.383000,0.097906,-0.832205
158.421478,0.488591,-0.684027
158.451469,0.752226,-1.002968
158.489915,0.293399,-0.733496
158.528380,-0.048876,-0.977512
158.558278,-0.125761,-0.943207
158.596760,0.146562,-0.781664
158.635153,0.440705,-0.587607
158.665107,0.251052,-0.627629
158.703534,-0.293544,-0.587087
158.759192,-0.337777,-0.675554
158.789211,0.125254,-0.688897
158.827611,0.293750,-0.440625
158.881988,-0.034573,-0.518602
158.912086,-0.249850,-0.562164
158.950516,-0.293521,-0.538121
158.989011,-0.097675,-0.634888
159.018879,0.000000,-0.566493
159.057259,-0.146952,-0.636790
159.095737,-0.146577,-0.732886
159.125689,0.000000,-0.502137
159.164101,0.293658,-0.734146
159.202590,0.000000,-0.732677
159.232451,-0.188875,-0.755500
159.270918,-0.097746,-0.733096
159.309293,0.244951,-0.783844
159.339218,0.314119,-0.753885
159.387282,0.000000,-0.508489
159.425778,-0.244181,-0.537199
159.455656,-0.062923,-0.377535
159.510287,0.034413,-0.481778
159.548909,-0.048677,-0.584123
159.578764,-0.251884,-0.629710
159.617244,0.097713,-0.586279
159.668726,0.255623,-0.474729
159.698686,-0.125501,-0.690254
159.737154,-0.293231,-0.635333
159.775515,-0.196032,-0.637105
159.805467,0.188301,-0.627671
159.843897,0.587041,-0.831642
159.882366,0.488705,-0.879669
159.912267,0.062874,-0.691616
159.950770,-0.048827,-0.927720
159.989928,0.096021,-0.816181
160.019766,0.441048,-0.756083
160.058163,0.685470,-0.685470
160.108488,0.000000,-0.709786
160.150862,-0.133100,-0.532402
160.189304,-0.195619,-0.537953
160.227790,0.000000,-0.586187
160.257681,0.062895,-0.503161
160.299013,0.000000,-0.682280
160.337490,-0.146581,-0.537464
160.367360,-0.440576,-0.566455
160.405737,-0.440889,-0.636840
160.444198,0.048881,-0.733210
160.474095,0.125765,-0.565943
160.512570,0.146589,-0.732943
160.551043,-0.342058,-0.732982
160.580931,-0.440310,-0.503212
160.619329,-0.195844,-0.685452
160.657787,0.244422,-0.635498
160.687763,0.188151,-0.501735
160.726158,0.097929,-0.587577
160.764615,0.000000,-0.537743
160.820307,0.101271,-0.438842
160.858836,-0.048794,-0.487944
160.897318,-0.244270,-0.586248
160.927151,-0.063017,-0.504140
160.965630,0.000000,-0.439720
161.004101,0.097736,-0.537548
161.033943,0.062998,-0.440989
161.072337,-0.146898,-0.440694
161.110798,-0.146642,-0.635449
161.140663,-0.188850,-0.629499
161.179136,0.000000,-0.635251
161.228083,0.230453,-0.691360
161.257929,0.251960,-0.629900
161.296312,0.097960,-0.783680
161.334764,-0.097784,-0.586706
161.364742,0.000000,-0.689839
161.403130,0.244868,-0.489736
161.441576,0.146699,-0.586797
161.471464,-0.314507,-0.566113
161.509912,-0.244486,-0.586767
161.567109,0.262951,-0.525902
161.596841,0.189695,-0.569084
161.649617,0.000000,-0.569956
161.688083,-0.195497,-0.390995
161.717944,-0.188875,-0.503667
161.756383,-0.195635,-0.342361
161.806093,-0.226916,-0.529471
161.835945,-0.251909,-0.629774
161.874389,-0.244511,-0.537925
161.912866,-0.048860,-0.537464
161.942706,-0.126005,-0.630027
161.981112,-0.146852,-0.587408
162.019606,0.146516,-0.683743
162.049495,0.188698,-0.503195
162.087967,0.293200,-0.537534
162.148486,0.093194,-0.497034
162.178446,0.000000,-0.376502
162.216843,0.195849,-0.391697
162.255285,0.097810,-0.146715
162.285148,0.000000,-0.314771
162.339152,-0.139249,-0.139249
162.377680,0.097591,-0.048796
162.407578,0.000000,0.000000
162.446057,-0.097716,-0.048858
162.484536,-0.195431,0.000000
162.514405,-0.125883,-0.062942
162.552829,0.146783,-0.244639
162.591273,0.244511,-0.195609
162.621180,0.000000,-0.188585
162.659676,-0.244181,-0.146509
162.698123,0.000000,-0.146695
162.728003,0.188755,-0.440428
162.766433,0.146760,-0.244601
162.804877,0.000000,-0.440121
162.834771,0.062889,-0.314444
162.873317,0.243864,-0.097546
162.911766,0.537855,-0.195584
162.941663,0.125765,-0.125765
162.980112,0.048896,0.000000
163.034339,0.034669,0.034669
163.064332,0.062681,0.125363
163.102711,0.000000,0.195940
163.141166,0.342218,0.244442
163.171049,0.314560,0.062912
163.209510,-0.097761,0.195523
163.247978,-0.244359,0.048872
163.277855,-0.125849,0.062925
163.316235,-0.048984,0.000000
163.354690,0.000000,0.048888
163.384532,0.000000,0.062998
163.439014,-0.138027,0.172534
163.477573,0.000000,0.048756
163.507422,0.062984,0.188951
163.545924,0.195315,0.000000
163.584414,0.000000,-0.097688
163.614272,0.000000,-0.062965
163.652714,0.000000,0.048905
163.707283,0.034452,0.034452
163.737352,0.000000,0.000000
163.775760,0.342637,0.097896
163.814214,0.537785,0.097779
163.844082,0.440605,0.000000
163.882574,0.390731,0.000000
163.921073,0.341827,0.000000
163.950952,0.125841,0.000000
163.989339,0.000000,0.000000
164.036288,0.000000,0.000000
164.066255,0.439150,-0.062736
164.104640,0.342842,0.000000
164.143090,0.000000,0.000000
164.172968,-0.125845,0.000000
164.211345,-0.146963,0.097975
164.249797,-0.244461,0.048892
164.279775,0.000000,0.000000
164.318165,0.979422,-0.342798
164.368285,0.112530,0.150040
164.409985,0.090168,0.225420
164.460561,0.000000,0.334546
164.499086,-0.146398,0.243997
164.528970,-0.062910,0.440369
164.567486,-0.146433,0.634541
164.614459,-0.200115,0.440253
164.644318,-0.188888,0.377776
164.682709,-0.146909,0.097940
164.721192,-0.146558,0.537380
164.751063,-0.125875,0.188812
164.789476,-0.244709,0.048942
164.827945,-0.537576,0.439835
164.857787,-0.062998,0.062998
164.896267,0.000000,0.146570
164.944725,-0.116389,0.387965
164.974577,-0.251909,0.188932
165.025226,-0.222709,0.482537
165.063802,-0.292410,0.146205
165.093684,-0.251657,0.692055
165.132079,-0.195859,0.146894
165.170571,-0.048841,0.390731
165.200405,0.000000,0.315077
165.238825,0.048933,0.048933
165.277194,0.146994,0.000000
165.307130,0.000000,0.000000
165.359076,-0.217149,0.000000
165.397661,-0.194894,-0.243618
165.427523,0.000000,0.000000
165.465975,-0.097784,-0.146676
165.504462,-0.341934,0.048848
165.534326,-0.188856,0.251808
165.572686,-0.147028,0.490094
165.611167,0.000000,0.537408
165.640985,0.189147,0.630492
165.689693,0.192987,0.540363
165.728155,0.146638,0.733191
165.758008,0.314876,0.503802
165.796463,0.488883,0.684436
165.834926,0.439903,0.635416
165.864775,0.377902,0.566853
165.903145,0.048997,0.440970
165.955482,0.071842,0.610658
165.985460,-0.062713,0.627127
166.023802,-0.196130,0.343227
166.062275,-0.048865,0.586385
166.092253,-0.062713,0.627127
166.130598,-0.147086,0.637371
166.169085,-0.195391,0.683867
166.198965,-0.125837,0.629183
166.237310,-0.049029,0.588343
166.275765,0.000000,0.684436
166.305657,-0.125786,0.503145
166.369759,-0.322611,0.645222
166.408296,0.048784,0.780549
166.438256,0.000000,0.313752
166.476593,0.098078,0.686543
166.515061,0.048872,0.488718
166.544907,0.000000,0.503920
166.583335,-0.244613,0.684917
166.621784,-0.293376,0.586751
166.651637,0.000000,0.503802
166.690060,0.000000,0.391432
166.728491,0.000000,0.684864
166.758339,-0.251943,0.566872
166.796792,-0.097782,0.586690
166.850944,0.000000,0.555473
166.880874,0.000000,0.502506
166.919318,0.000000,0.635730
166.957686,0.000000,0.636989
166.987592,0.062864,0.377182
167.025969,0.244938,0.734815
167.064398,-0.048921,0.684899
167.094261,-0.251817,0.692496
167.132702,-0.097812,0.733592
167.175491,-0.131810,0.746921
167.205383,-0.062893,0.628931
167.259263,-0.034892,0.802524
167.297893,-0.340668,0.681336
167.327781,-0.566113,0.880621
167.366179,-0.097922,0.783374
167.404630,0.048893,0.831188
167.434493,0.000000,0.692496
167.472985,-0.097683,0.732620
167.511497,-0.244080,0.781055
167.541377,0.000000,0.755020
167.579783,0.391605,0.930063
167.618293,0.439366,0.878733
167.648162,0.000000,0.818240
167.686693,-0.341543,0.780670
167.725171,0.000000,0.732886
167.755060,0.251598,0.754793
167.793489,0.048921,0.587057
167.851355,-0.227422,0.779732
167.881305,-0.188314,0.941569
167.919707,0.048956,0.783293
167.974164,0.207136,0.828544
168.004190,-0.062612,0.688736
168.042565,-0.244951,0.832834
168.081051,-0.146547,0.928130
168.110913,0.000000,0.629563
168.149371,0.000000,0.879921
168.187847,-0.146585,0.732924
168.217708,-0.314792,0.755500
168.262015,-0.254587,0.678899
168.300495,0.000000,0.879418
168.330471,0.125434,1.003469
168.368890,-0.048934,0.587209
168.413802,-0.334877,0.753473
168.443685,-0.377472,1.006592
168.482171,-0.097698,0.635036
168.520539,0.097998,0.783987
168.550484,0.376691,0.816163
168.608010,0.000000,0.620937
168.658111,-0.112573,0.863057
168.688098,0.313469,0.626938
168.726483,0.342842,0.538752
168.764973,0.048844,0.781502
168.794956,0.000000,0.752426
168.841911,0.000000,0.560537
168.880372,0.391045,0.537688
168.910232,0.125921,0.692565
168.948701,0.000000,0.635317
168.992155,-0.346113,0.778755
169.019776,-0.068064,0.816770
169.072522,0.071285,0.891063
169.110955,0.244581,0.538079
169.140884,0.000000,0.879415
169.179273,-0.146917,0.587668
169.217780,-0.244111,0.976446
169.247671,0.000000,0.691847
169.286115,0.146707,0.782437
169.324613,0.048834,0.879007
169.354481,-0.062944,0.440605
169.417371,-0.418509,0.777230
169.456003,-0.243322,0.681300
169.485851,-0.062986,0.566872
169.524202,-0.343146,0.784334
169.569764,-0.165050,0.660199
169.599748,-0.125400,0.501601
169.638103,0.049016,0.735237
169.676590,-0.048848,0.683867
169.706459,0.000000,0.503532
169.755082,0.154659,0.889291
169.793586,0.097652,0.781218
169.823459,0.000000,0.629331
169.861823,0.049004,0.784068
169.900325,0.146486,0.927744
169.930167,0.062998,0.818980
169.968612,0.048901,0.782416
170.007120,0.000000,0.585852
170.036968,0.062986,0.692844
170.088796,0.253917,0.761750
170.141126,-0.071852,0.718517
170.171091,-0.564659,1.066578
170.209503,-0.244715,0.734146
170.248006,0.048827,1.123029
170.277951,0.502254,0.941726
170.316326,0.440912,0.881824
170.354790,0.000000,0.830907
170.384671,-0.125832,0.943744
170.423152,-0.048855,0.928250
170.461526,0.146975,1.224788
170.491464,0.125593,1.193132
170.529892,0.048923,0.978453
170.568369,0.000000,0.684045
170.598259,-0.125795,0.503178
170.636749,-0.097688,0.781502
170.675133,-0.048979,0.881617
170.705059,0.062822,0.691038
170.764822,0.000000,0.786440
170.803437,-0.146057,0.681600
170.833332,0.000000,0.817528
170.871733,0.000000,1.126012
170.924398,0.178487,0.963828
170.954395,0.062673,0.877421
170.992762,0.000000,0.882008
171.031233,0.000000,0.830756
171.061077,0.062994,0.692937
171.099567,0.000000,0.830346
171.153510,0.034852,0.731884
171.183483,0.125446,0.689954
171.221851,0.342994,0.538991
171.260343,0.293048,0.537254
171.290312,-0.062731,0.752778
171.330845,-0.371056,0.834875
171.369320,-0.488629,0.977258
171.399191,0.000000,0.629373
171.437619,0.244613,1.027376
171.491818,0.416244,0.867175
171.521799,-0.188119,0.877889
171.560190,-0.097940,0.881457
171.598694,0.097652,1.074174
171.628663,0.501852,0.752778
171.667051,0.342815,0.832552
171.716088,0.038338,0.843445
171.745922,0.315077,0.945230
171.784390,0.000000,1.075179
171.822897,0.000000,1.074090
171.852764,-0.125891,0.629457
171.891168,-0.342673,0.881158
171.929643,-0.146589,0.830669
171.961287,0.000000,0.712931
172.014092,-0.106808,0.854465
172.052586,-0.488388,1.025614
172.082468,-0.566227,1.069540
172.120979,-0.195269,0.927527
172.175695,0.171796,0.927699
172.205654,0.251010,0.815782
172.244134,0.146570,0.928274
172.282623,0.390761,1.123438
172.312462,0.504038,0.945072
172.350888,0.489252,0.782803
172.389355,0.635350,0.830842
172.419202,0.377927,0.944819
172.457692,0.000000,0.732658
172.496191,-0.195330,0.781319
172.526062,-0.188812,1.069934
172.574780,0.192947,0.810378
172.613290,0.000000,0.927551
172.643260,-0.188188,0.940941
172.681689,-0.195686,0.635978
172.720168,-0.195431,0.977156
172.750055,0.062904,1.069361
172.788535,0.244283,0.732848
172.838457,0.000000,0.941469
172.868447,-0.250750,0.814938
172.918608,-0.262355,0.712107
172.957210,-0.292213,0.779234
172.987079,0.125883,0.755298
173.025500,0.244658,0.978631
173.063988,-0.146539,1.074621
173.093882,-0.314444,1.006222
173.132351,-0.097741,0.928540
173.170912,0.195016,1.072586
173.200766,0.251893,1.007570
173.239149,0.048980,1.126540
173.285318,-0.122160,1.017999
173.315249,-0.188433,0.879356
173.353626,-0.048988,0.979753
173.392128,-0.048829,0.927744
173.421990,-0.188869,0.755475
173.460354,0.000000,0.980085
173.510789,0.074551,0.820065
173.540748,-0.062752,0.690277
173.579137,-0.048972,0.930475
173.617620,0.048853,1.025908
173.647474,0.000000,0.881624
173.685953,-0.048858,0.977156
173.724434,-0.097711,1.123671
173.754279,-0.062992,0.755906
173.792698,-0.097868,0.978682
173.831200,-0.146486,0.927744
173.861049,-0.062984,0.755804
173.911721,0.000000,0.890433
173.950314,-0.292281,0.730702
173.980152,-0.189021,0.630069
174.018637,-0.097700,0.879304
174.057168,-0.146376,0.683086
174.086977,0.000000,0.819887
174.125334,0.147040,0.735198
174.177270,0.180992,0.868762
174.207344,-0.250050,1.000200
174.245726,-0.391850,0.783701
174.284201,-0.048863,0.684081
174.314040,0.000000,0.945072
174.352502,0.146638,0.928709
174.390840,-0.049038,0.980750
174.420787,-0.125555,0.878886
174.459179,-0.195874,1.077308
174.497645,0.000000,0.830864
174.527483,0.189021,0.756083
174.566004,0.195218,0.780873
174.605912,0.094217,0.753734
174.635765,-0.251901,0.692728
174.674176,-0.244722,0.538387
174.712645,0.195482,0.879669
174.742487,0.377991,1.070974
174.780973,0.000000,1.123525
174.833205,-0.179966,0.935825
174.863164,-0.062752,1.255049
174.901636,-0.048867,0.977334
174.940035,-0.293758,1.028152
174.969968,-0.125614,1.004911
175.008342,-0.097983,1.126805
175.046821,-0.390863,0.879441
175.076686,-0.251800,0.755399
175.115176,-0.293063,0.781502
175.167604,-0.322728,0.824750
175.197545,-0.062790,0.941852
175.235927,0.097963,0.734719
175.274411,0.293109,0.928178
175.304355,0.125568,1.004542
175.342720,-0.098006,1.127069
175.381208,-0.097693,0.879235
175.411074,0.000000,1.196009
175.449557,0.000000,1.074760
175.502130,-0.035760,0.965515
175.532124,-0.250717,0.940188
175.570522,-0.293765,0.930257
175.609015,-0.048840,0.879121
175.638989,0.000000,0.627210
175.677368,0.048985,0.783762
175.715830,0.146638,0.733191
175.745684,0.188919,0.818651
175.784099,-0.048939,0.734088
175.822580,-0.195421,0.977106
175.852518,-0.188389,1.193132
175.893042,0.000000,0.974237
175.931525,0.000000,1.074760
175.961366,0.000000,0.882008
175.999834,0.048872,0.977436
176.038195,-0.196032,1.078178
176.068147,-0.188301,0.815972
176.106531,-0.048979,1.077532
176.160428,-0.174407,0.941796
176.190512,0.000000,0.937375
176.228893,-0.048983,0.832704
176.267371,-0.097718,0.635168
176.297247,0.000000,1.006828
176.335716,0.195482,0.928540
176.389923,-0.034682,0.867047
176.419916,-0.313406,1.002901
176.458328,0.000000,0.880975
176.504629,0.000000,1.015097
176.534464,0.063013,1.008212
176.572908,0.000000,0.880241
176.611370,-0.097759,0.830950
176.641243,0.000000,0.881063
176.679723,0.048857,0.781705
176.718213,0.048844,0.732658
176.748072,0.000000,0.629626
176.786498,0.146776,0.538177
176.850837,0.029220,0.730506
176.880844,0.062652,0.751825
176.919214,0.000000,0.930936
176.957696,0.048854,1.074788
177.003781,0.122383,1.101443
177.042326,0.048774,1.121806
177.080819,0.097680,0.976801
177.110663,-0.062994,1.196890
177.149130,0.000000,1.075207
177.187613,-0.195411,0.732791
177.217466,-0.314876,0.881653
177.255838,-0.146982,0.979881
177.294324,-0.195396,0.928130
177.324172,-0.188957,0.818815
177.362643,0.000000,0.928492
177.412792,0.112465,0.824742
177.442670,0.062923,1.006761
177.492979,0.037369,0.934226
177.531562,0.146178,0.877070
177.561449,0.377422,1.069361
177.599827,0.146959,1.126687
177.638304,-0.097721,1.074928
177.668263,-0.188257,0.753029
177.717148,0.000000,0.846067
177.755626,0.146577,0.879464
177.785459,0.252070,0.819227
177.823927,0.000000,0.733077
177.862427,-0.146494,0.537143
177.892256,-0.252104,0.819337
177.942614,0.000000,0.895985
177.981206,0.000000,0.779436
178.011135,0.062815,0.942230
178.049505,-0.195986,1.126922
178.088047,0.048778,0.878003
178.117871,0.063036,1.197693
178.213435,-0.059018,0.885271
178.252052,0.146050,0.778932
178.281927,-0.062929,0.881004
178.320311,-0.587745,0.636724
178.358797,-0.244245,0.586187
178.388790,0.188044,0.689494
178.427188,0.097922,0.685452
178.465655,-0.146619,0.781969
178.495507,-0.251909,0.692751
178.533981,-0.097728,0.879555
178.572357,0.048989,0.930790
178.602273,0.000000,0.816954
178.640699,-0.048925,1.027429
178.679180,-0.341987,1.074816
178.709050,-0.251758,0.881152
178.747531,-0.244276,1.074816
178.786030,-0.048832,1.025481
178.829578,0.215854,0.992927
178.868095,-0.097619,0.927383
178.906629,-0.390305,0.829397
178.936560,0.062811,1.067789
178.974996,0.097825,0.929337
179.013507,0.000000,0.878710
179.043337,-0.063024,1.134428
179.081830,-0.244200,1.172161
179.120238,-0.146844,0.978963
179.150157,0.062836,1.005381
179.188553,0.097927,1.077196
179.242332,-0.069916,1.048736
179.272337,-0.125312,0.814531
179.310730,-0.195869,0.832443
179.349205,-0.048863,0.781806
179.379063,0.000000,0.881506
179.417441,0.000000,0.734796
179.455913,0.000000,0.830734
179.485661,0.252790,0.884765
179.538486,0.213535,0.711784
179.576986,-0.244156,0.781299
179.606958,-0.250901,0.752703
179.645332,-0.048992,0.979830
179.683811,0.097716,1.074872
179.713683,0.314676,0.944028
179.752120,0.097822,1.124958
179.790611,-0.390741,1.172222
179.820556,-0.376691,0.878945
179.858973,-0.293620,0.978733
179.897501,0.243978,0.731935
179.927359,0.440753,0.881506
179.965775,0.146814,0.587255
180.004246,0.048868,0.733020
180.034184,0.062796,0.816354
180.072537,-0.147055,0.833312
180.126389,-0.174552,0.907673
180.156453,-0.125067,1.000532
180.194845,-0.244843,1.126276
180.233309,0.000000,1.075291
180.263146,0.000000,0.945135
180.301518,-0.195976,1.077869
180.340005,-0.341934,1.025801
180.369968,-0.062744,0.878417
180.408340,0.000000,0.881893
180.446789,-0.146688,0.733439
180.476655,-0.881270,0.818322
180.530750,-0.347537,0.729827
180.569325,0.243681,0.974725
180.599189,0.377712,0.755425
180.637582,0.293804,0.930378
180.676072,-0.048844,0.976877
180.706015,-0.188358,0.816217
180.744385,0.000000,1.126922
180.782879,0.146516,1.416325
180.812742,0.000000,1.007267
180.866989,-0.173281,1.005033
180.905596,-0.486958,0.827829
180.935455,-0.440738,1.070364
180.973842,0.000000,0.930523
181.012325,0.000000,0.879349
181.042157,0.063020,0.945294
181.080603,0.000000,0.586797
181.128156,-0.079070,0.751162
181.157975,0.000000,0.882659
181.196439,0.000000,1.026414
181.234794,0.000000,0.784252
181.264734,0.000000,1.130261
181.303118,0.000000,0.881617
181.341596,0.048859,0.977182
181.371457,0.000000,1.133251
181.409956,0.000000,0.878984
181.465989,0.000000,0.905895
181.495913,0.000000,1.005213
181.545821,-0.037669,0.753386
181.584387,-0.146243,1.023700
181.614270,-0.314560,0.817856
181.652695,0.000000,0.978530
181.691173,0.000000,1.074900
181.721147,0.000000,1.128978
181.759510,0.049006,0.833094
181.797995,0.000000,0.830453
181.827857,-0.314781,1.762775
181.866238,-0.097965,1.175582
181.904709,0.000000,1.466039
181.934657,0.000000,1.255510
181.973042,0.048977,0.783639
182.011506,-0.195507,0.928661
182.041369,-0.125908,1.070221
182.079839,0.000000,1.026254
182.118866,-0.048172,0.770748
182.148857,0.000000,0.564169
182.207119,0.000000,0.580825
182.245702,-0.048726,0.633440
182.275665,0.000000,0.627441
182.314052,-0.048975,0.881548
182.352496,-0.048902,1.075851
182.382339,0.000000,0.755956
182.432811,0.000000,1.191948
182.471358,-0.146315,0.926661
182.501256,-0.440163,0.880326
182.539653,-0.097924,1.077167
182.578157,0.292957,1.123000
182.608068,0.062853,0.879944
182.646439,-0.293972,0.930911
182.684927,-0.341925,0.928081
182.714768,-0.252002,1.512014
182.753129,0.000000,0.882146
182.791617,0.488464,0.781542
182.821555,0.125593,1.193132
182.859928,-0.097986,0.832877
182.898431,-0.244137,0.781238
182.928278,-0.062988,1.007806
182.978789,0.223318,0.967710
183.017381,0.194859,0.974295
183.047250,-0.251766,0.944123
183.085632,-0.489813,1.028607
183.124098,-0.097749,0.684241
183.153955,0.188900,0.881535
183.192419,0.391015,0.782030
183.230909,0.000000,0.732658
183.260732,-0.063039,0.693425
183.299125,0.097935,0.832443
183.337606,0.000000,0.879395
183.367580,-0.062721,0.689931
183.405980,-0.146875,0.930208
183.444448,-0.195487,1.075179
183.474278,-0.063024,0.945357
183.532037,0.065098,1.106667
183.570609,-0.097480,1.023540
183.600482,-0.188799,0.881063
183.653063,0.000000,1.108385
183.691686,0.146027,1.022189
183.721541,-0.062971,0.881594
183.759927,-0.391810,0.734643
183.812438,-0.429624,0.895051
183.842368,0.125626,1.005012
183.880773,0.342664,0.881135
183.919294,0.000000,0.976091
183.949146,-0.188932,0.881683
183.987606,-0.195528,1.026521
184.025994,0.146921,1.077420
184.055872,0.377535,0.755071
184.103906,0.000000,0.939335
184.142363,-0.244429,0.782172
184.172315,-0.251068,0.941506
184.210716,0.048957,1.028098
184.249209,0.097680,0.879121
184.279090,0.062916,0.629162
184.331588,0.107433,0.716218
184.370203,0.000000,0.827658
184.400077,0.000000,0.755172
184.438506,0.195686,0.733821
184.476994,0.000000,0.928081
184.508083,-0.241886,0.846602
184.560890,0.106804,0.890034
184.599355,0.146627,0.830885
184.629166,0.000000,0.945960
184.667644,-0.048859,1.026041
184.706112,-0.097744,0.977436
184.735956,-0.062994,0.692937
184.774332,-0.097978,0.832812
184.812820,-0.048846,0.781542
184.842657,-0.126018,0.441063
184.881120,-0.195513,0.733172
184.926686,-0.247553,0.577624
184.956535,-0.062984,0.503869
185.010703,0.069414,0.763550
185.049292,0.146156,0.487185
185.079144,0.125955,0.818706
185.117526,0.000000,0.734719
185.156014,0.000000,0.732696
185.185984,0.000000,0.564565
185.224351,0.147001,0.637006
185.262812,0.000000,0.635449
185.292672,-0.125921,0.629605
185.331103,-0.097838,0.782701
185.369578,0.097726,0.732943
185.399515,0.188396,0.565187
185.437894,0.097970,0.440866
185.476341,0.342289,0.586782
185.522107,0.082157,0.575099
185.560709,-0.194809,0.535724
185.599199,0.000000,0.341907
185.629074,0.062929,0.503431
185.667510,0.048912,0.489125
185.722912,0.000000,0.475073
185.752863,-0.062769,0.627692
185.791298,0.000000,0.440224
185.829751,-0.048891,0.488909
185.859729,0.000000,0.689839
185.898112,0.293880,0.636740
185.936575,0.293269,0.195513
185.966453,0.062923,0.629226
186.010793,0.000000,0.339197
186.049140,-0.049026,0.343182
186.079076,0.000000,0.251203
186.117468,0.097937,0.097937
186.165081,0.157940,0.355365
186.194943,0.000000,0.188869
186.233414,-0.195472,0.146604
186.283359,0.263490,0.112924
186.313401,0.187737,0.312895
186.351908,0.292934,0.195289
186.390368,0.097764,0.195528
186.420205,0.189027,0.252036
186.472654,0.430132,0.215066
186.511281,0.340694,0.292024
186.541147,0.000000,0.251791
186.579599,0.048892,0.391137
186.618089,0.097688,0.293063
186.647960,0.125875,0.377624
186.686338,0.000000,0.342905
186.724800,-0.097759,0.048879
186.754776,0.062717,0.000000
186.793140,0.000000,0.000000
186.831594,0.000000,0.146669
186.861454,-0.251842,-0.062960
186.899917,-0.293269,1.368588
186.938278,0.000000,0.098016
186.968196,0.188515,0.565546
187.006582,-0.097952,0.342833
187.045082,-0.244156,0.341818
187.074972,-0.062897,0.377384
187.113496,-0.048801,0.585609
187.156279,-0.043943,0.439427
187.198067,-0.044989,0.404901
187.248956,-0.036943,0.480261
187.287491,0.000000,0.390295
187.317367,0.000000,0.377561
187.355782,-0.146818,0.244696
187.408439,-0.071406,0.249919
187.438379,-0.188377,0.251169
187.476834,-0.488883,0.195553
187.515332,-0.244169,0.244169
187.545181,-0.062984,0.188951
187.586489,-0.045512,0.409606
187.625037,-0.341393,0.243852
187.654897,-0.377763,0.377763
187.693248,-0.147063,0.392167
187.733814,0.000000,0.324410
187.763753,-0.125589,0.439560
187.802112,-0.147032,0.441096
187.840484,-0.244970,0.440947
187.870397,0.062849,0.502791
187.918398,0.195829,0.352493
187.970512,-0.036075,0.288598
188.000516,-0.062658,0.250633
188.038993,-0.097721,0.390883
188.077330,0.000000,0.294233
188.121277,-0.299452,0.385009
188.159767,0.000000,0.390751
188.198285,-0.048808,0.488083
188.228181,-0.188654,0.565962
188.266695,-0.244067,0.536948
188.311612,-0.041855,0.502260
188.341477,0.000000,0.692449
188.379960,-0.195411,0.683938
188.418426,-0.048874,0.733115
188.448272,-0.440930,0.440930
188.486703,0.195675,0.587026
188.525180,0.830626,0.635185
188.555064,0.000000,0.440369
188.593547,-0.048853,0.586233
188.642612,-0.114950,0.574748
188.672454,0.000000,0.692983
188.724979,0.000000,0.501095
188.763597,0.146046,0.584184
188.808925,-0.248853,0.580657
188.847507,-0.243637,0.536001
188.886014,-0.097645,0.683512
188.915866,0.188932,0.755728
188.954307,0.195624,0.733592
188.992796,0.048845,0.586141
189.022655,-0.125925,0.881476
189.061125,-0.048869,0.781908
189.099626,0.292979,0.634789
189.129471,0.377953,0.818898
189.167917,0.048900,0.635697
189.206392,0.146589,0.586355
189.236262,0.000000,0.566455
189.274733,0.000000,0.635284
189.313211,0.195436,0.586309
189.343058,0.125976,0.566891
189.397152,0.034754,0.521315
189.435777,0.000000,0.632751
189.465662,0.000000,0.691986
189.504105,-0.048904,0.782457
189.551012,-0.040079,0.721428
189.580954,0.000000,0.690669
189.619339,-0.048977,0.881594
189.657807,-0.195487,0.781949
189.687677,0.000000,0.629394
189.726106,0.195686,0.635978
189.764593,0.000000,0.537324
189.796200,-0.118961,0.654285
189.848992,-0.178057,0.676618
189.887506,-0.097627,0.634574
189.917463,0.188270,0.564810
189.955842,0.342896,0.685792
190.010412,0.068902,0.654572
190.040356,0.062784,0.565055
190.078830,0.000000,0.488642
190.117326,0.195345,0.781380
190.147190,0.188856,0.881329
190.185584,0.146898,0.734490
190.224109,0.000000,0.731992
190.254066,0.000000,0.941349
190.292501,-0.048914,0.880448
190.342571,0.112642,0.638306
190.372471,0.314381,0.754515
190.410937,0.195497,0.635366
190.459510,0.232228,0.657979
190.489363,0.000000,0.503802
190.527732,0.000000,0.587975
190.566232,0.048831,0.488312
190.596196,0.000000,0.627420
190.646359,0.000000,0.749556
190.684949,0.000000,0.828194
190.726778,0.000000,0.674173
190.765321,0.097553,0.731650
190.803824,0.000000,0.781238
190.833688,0.000000,0.755425
190.872187,0.000000,0.683654
190.910574,0.000000,0.734624
190.940477,0.000000,0.314350
190.987737,0.119340,0.556919
191.026235,0.146501,0.586004
191.056085,0.000000,0.440871
191.094569,0.000000,0.781624
191.133074,0.000000,0.488248
191.162915,0.252002,0.504005
191.201318,0.244773,0.734318
191.252029,0.000000,0.926821
191.282093,-0.062533,0.750399
191.320502,0.000000,0.685256
191.359014,0.195264,0.683423
191.388869,0.188913,0.818623
191.427358,-0.097690,0.830367
191.465847,-0.439606,0.732677
191.495695,0.000000,0.755830
191.534112,0.048937,0.734050
191.572612,0.097662,0.634805
191.602452,0.126005,0.630027
191.656533,0.173813,0.625728
191.695123,0.048717,0.682042
191.724983,0.251842,0.566644
191.763521,0.195132,0.634179
191.815731,0.000000,0.684160
191.845665,-0.125610,0.502439
191.884154,0.000000,0.683832
191.922541,0.048975,0.685649
191.952478,0.062799,0.753583
191.990907,-0.146764,0.684899
192.029396,-0.244226,0.781522
192.059256,-0.062960,0.881447
192.097749,-0.146520,0.781441
192.136126,-0.195951,0.489877
192.166061,0.000000,0.690830
192.204451,0.097942,0.587653
192.242956,0.000000,0.488248
192.272796,0.000000,0.693029
192.314896,0.000000,0.446556
192.372205,0.098414,0.524874
192.402136,-0.125622,0.565300
192.440639,-0.048827,0.488274
192.479121,-0.244270,0.586248
192.508987,-0.188844,0.755374
192.547388,0.000000,0.587485
192.585924,0.146357,0.536641
192.615752,0.000000,0.756336
192.668352,-0.142966,0.786312
192.706950,0.000000,0.779315
192.736771,0.189128,0.630428
192.775251,0.000000,0.732848
192.813774,0.000000,0.634426
192.843603,0.063026,0.441181
192.882016,0.244709,0.538359
192.935985,0.034835,0.487687
192.966053,0.125050,0.562724
193.004440,0.048975,0.489749
193.042916,-0.097723,0.439755
193.072754,-0.126014,0.693076
193.111243,0.000000,0.634987
193.149610,0.147001,0.686006
193.179572,0.000000,0.627461
193.226906,0.000000,0.675202
193.267499,0.000000,0.741014
193.297463,0.000000,0.815645
193.335915,-0.048892,0.831166
193.374422,0.000000,0.585868
193.404262,0.000000,0.630027
193.442714,-0.048892,0.586706
193.496922,-0.173406,0.624262
193.526888,-0.125476,0.627378
193.565305,0.097873,0.782987
193.619732,0.103625,0.690834
193.649688,0.000000,0.627587
193.688114,0.000000,0.684953
193.726607,-0.048840,0.830281
193.756466,-0.062963,0.692588
193.794961,0.000000,0.732563
193.833472,0.000000,0.829893
193.863322,0.000000,0.818760
193.901720,-0.195844,0.832335
193.940247,0.000000,0.829548
193.970084,0.000000,0.819117
194.008535,-0.048893,0.782294
194.063171,0.034410,0.619372
194.093124,0.251060,0.564885
194.131612,0.097693,0.683850
194.170114,-0.097657,0.781258
194.199993,0.000000,0.629204
194.238384,0.146909,0.587638
194.276913,-0.097589,0.780711
194.306756,-0.188989,0.629963
194.345257,-0.146490,0.781278
194.383746,0.000000,0.830367
194.413597,0.000000,0.692774
194.452014,0.048937,0.831923
194.490508,-0.048839,0.879098
194.520354,-0.062990,0.944850
194.558844,0.000000,0.683814
194.608804,0.000000,0.790232
194.638743,0.000000,0.627943
194.677243,-0.048831,0.781299
194.715745,-0.097657,0.830087
194.745587,0.062998,0.755982
194.783997,0.048946,0.538401
194.822510,0.000000,0.732220
194.852359,0.000000,0.755804
194.902620,0.000000,0.748095
194.941214,-0.146137,0.876820
194.971071,-0.062967,0.944502
195.009533,0.000000,0.635432
195.047948,0.000000,0.831967
195.077897,-0.376640,0.816054
195.116303,-0.048951,0.881112
195.166772,0.000000,0.558759
195.196704,-0.062809,0.879326
195.235195,-0.048843,0.683796
195.273699,0.000000,0.537087
195.303550,0.000000,0.818733
195.341934,-0.048979,0.832639
195.380428,0.000000,0.488388
195.410384,0.000000,0.815863
195.448743,-0.196043,0.686149
195.496272,-0.237329,0.474658
195.526070,-0.189274,0.315457
195.564521,-0.097787,0.635614
195.603005,0.000000,0.635069
195.632863,-0.125929,0.755576
195.671278,-0.195757,0.587271
195.709768,0.000000,0.683814
195.739653,0.062908,0.629078
195.778101,0.048897,0.537869
195.830175,-0.036102,0.397127
195.873544,-0.173396,0.563536
195.912081,-0.195137,0.536627
195.950550,0.000000,0.439835
195.980411,0.000000,0.377750
196.018775,-0.049004,0.392034
196.057272,-0.341845,0.634855
196.086749,-0.063779,0.255114
196.139483,-0.071301,0.499109
196.177944,0.048881,0.586568
196.207797,0.000000,0.188926
196.246225,-0.342459,0.587072
196.284670,-0.195604,0.537911
196.314580,0.000000,0.565697
196.352975,-0.146894,0.489647
196.391470,0.048838,0.244188
196.421321,-0.125959,0.629795
196.460472,0.000000,0.192077
196.498927,-0.097777,0.293330
196.528815,-0.062901,0.440310
196.567170,-0.147047,0.245079
196.605667,-0.097670,0.341845
196.635649,-0.062704,0.188113
196.674025,0.048989,0.097978
196.712484,0.000000,0.439949
196.742039,0.063610,0.190831
196.771726,-0.063327,0.126655
196.810131,-0.244760,0.097904
196.848575,-0.293414,0.244511
196.878459,-0.377460,0.251640
196.916916,-0.195543,0.097772
196.955278,-0.098014,0.049007
196.985193,-0.062845,0.000000
197.023568,-0.146971,0.195961
197.079578,-0.100696,0.100696
197.109608,-0.062604,0.000000
197.147987,0.000000,0.000000
197.186428,0.097812,0.000000
197.216307,0.000000,0.000000
197.254768,0.000000,-0.048881
197.293222,0.244448,-0.342227
197.323086,0.188856,-0.062952
197.373216,0.300020,0.037502
197.411684,0.000000,0.000000
197.441673,0.000000,0.062690
197.480073,0.146875,0.000000
197.518518,0.097802,0.048901
197.548386,0.062944,0.062944
197.586879,0.000000,0.000000
197.625290,-0.048944,-0.097889
197.656602,-0.360245,0.120082
197.709378,0.249356,-0.213734
197.747885,0.000000,-0.097645
197.777843,0.690300,-0.753054
197.816190,0.000000,-0.147078
197.854693,0.292964,0.000000
197.884542,0.251935,0.000000
197.938835,0.000000,-0.034627
197.977449,0.000000,-0.194748
198.007280,-0.252087,0.000000
198.045619,0.245181,-0.392290
198.084101,-0.195416,-0.146562
198.113970,-0.062942,-0.062942
198.152404,0.000000,0.000000
198.190910,-0.097647,0.000000
198.220752,0.125997,-0.125997
198.259105,0.147055,-0.098037
198.303929,1.174371,0.041942
198.333779,0.251926,0.000000
198.372133,-0.049017,0.000000
198.426782,-0.172007,-0.172007
198.456861,-0.062502,0.000000
198.495214,0.000000,0.000000
198.533708,0.390710,-0.097678
198.563562,0.377839,-0.440812
198.602010,-0.195589,0.000000
198.640397,-0.097950,0.048975
198.670356,0.000000,0.125505
198.708706,0.000000,0.049022
198.747187,0.000000,0.000000
198.777071,-0.566189,0.314550
198.815508,-0.538023,0.195645
198.854018,-0.244092,0.146455
198.883909,0.062895,0.251581
198.922261,0.049020,0.000000
198.972933,-0.074203,0.296811
199.002862,0.125631,0.188446
199.041313,0.146680,0.048893
199.079798,0.000000,0.097700
199.109680,0.062914,0.125828
199.148070,0.000000,0.146913
199.198710,-0.037125,0.185624
199.228690,0.000000,0.250834
199.267053,0.000000,0.098011
199.305533,-0.048857,0.341996
199.335501,0.188201,0.188201
199.373855,0.147051,0.294102
199.412318,0.342147,0.488781
199.442160,-0.125997,0.251994
199.480513,-0.343128,0.392147
199.519019,-0.048824,0.244118
199.548982,0.250976,0.250976
199.587295,0.245348,0.392556
199.625764,0.195482,0.488705
199.655539,0.252561,0.378841
199.695468,0.141251,0.517919
199.733962,0.000000,0.390710
199.763851,0.251598,0.628994
199.802272,0.195726,0.636110
199.840751,-0.146573,0.537436
199.870657,0.000000,0.691500
199.909009,0.098039,0.588235
199.978032,-0.054475,0.626458
200.007958,-0.062822,0.816681
200.046396,0.000000,0.782559
200.084913,0.146429,0.634525
200.114759,-0.062990,0.881860
200.153126,-0.245002,0.833008
200.191602,0.195447,0.684063
200.221455,-0.062975,1.070579
200.259912,0.000000,0.879944
200.298395,0.244264,1.025908
200.328257,0.062956,0.818431
200.366598,-0.539370,1.078741
200.405106,-0.146463,0.878778
200.435070,-0.188226,0.815645
200.473409,0.343254,0.735543
200.511916,0.000000,0.683512
200.541757,-0.126001,0.567005
200.580115,-0.196048,0.784191
200.618581,0.000000,0.879738
200.648581,0.000000,0.752000
200.707164,0.128365,0.866463
200.745740,0.341145,0.925964
200.775776,0.000000,1.001465
200.814133,-0.196053,0.833225
200.852598,-0.195502,0.928636
200.882472,0.062931,1.006896
200.920953,0.000000,0.977106
200.959306,-0.098037,0.833312
200.989262,-0.125517,1.066898
201.027631,0.048998,0.881962
201.066093,0.195518,0.733191
201.110155,0.256003,0.682674
201.148721,0.097495,0.877457
201.187212,-0.048843,0.879167
201.217080,-0.125887,0.818267
201.255504,-0.342494,1.027483
201.294020,-0.195244,1.025029
201.323974,-0.062763,1.192495
201.362345,-0.146986,0.783925
201.414758,0.000000,0.824986
201.444689,0.000000,0.753734
201.483174,0.000000,0.830453
201.521696,0.000000,0.683246
201.551569,0.188799,0.943996
201.589961,0.048969,0.685559
201.628434,-0.097731,0.781847
201.658398,0.000000,0.564678
201.696784,-0.195905,0.685667
201.735299,-0.146436,0.732182
201.765141,0.000000,0.818980
201.803531,0.048971,0.979422
201.842031,0.146494,0.878961
201.871972,0.188370,0.816272
201.910330,0.196048,1.078263
201.948800,0.000000,1.123993
201.978648,0.188957,1.133744
202.019201,0.000000,1.066259
202.071841,-0.250000,0.964286
202.101848,-0.062652,0.877129
202.140224,0.097978,0.881801
202.178697,0.146596,0.781847
202.208652,0.062761,0.627608
202.247033,0.000000,0.783721
202.285501,0.000000,0.733077
202.330809,0.000000,0.746888
202.369385,0.000000,0.731024
202.407915,-0.048793,0.683104
202.437781,-0.251791,1.133061
202.476177,-0.146890,0.930305
202.516092,0.000000,0.942002
202.546044,0.000000,0.815972
202.584392,0.000000,0.980494
202.622915,-0.048802,1.122446
202.652778,-0.062954,0.944312
202.691188,0.048946,0.929966
202.745409,0.000000,0.762804
202.775388,-0.062711,0.877948
202.813797,-0.244734,0.881044
202.852303,-0.048824,0.830001
202.882124,0.000000,0.756514
202.931284,0.076485,0.726607
202.969732,0.048897,0.733458
202.999554,0.000000,1.008651
203.038044,-0.048844,0.879189
203.076532,-0.048846,0.830389
203.106385,0.062975,0.944629
203.144771,0.097952,0.979524
203.183243,-0.048867,1.075068
203.214796,-0.059582,0.834152
203.267585,0.000000,1.032791
203.306075,0.146532,0.586126
203.335925,0.062982,0.629816
203.402176,0.085131,0.709423
203.440727,-0.048767,0.682732
203.470559,0.000000,0.630196
203.509032,0.048865,0.684116
203.547531,0.097665,0.927816
203.577353,-0.063041,0.756488
203.615730,0.000000,0.930766
203.654205,0.000000,0.928395
203.684069,0.125904,0.692473
203.722544,0.048863,0.928395
203.761036,0.000000,0.927985
203.790878,0.000000,1.070974
203.829307,0.048921,0.831664
203.867800,0.293040,0.781441
203.897657,0.062967,0.692635
203.936145,-0.146539,0.683850
203.974639,-0.293033,0.683743
204.004476,-0.189027,0.756108
204.054714,0.037422,0.673594
204.093346,0.243322,0.729965
204.123191,0.188976,0.944882
204.161574,-0.048980,0.979600
204.200096,0.000000,0.732049
204.229970,0.000000,1.006896
204.268443,0.195462,0.928443
204.306944,0.146490,1.074258
204.336788,0.000000,0.944914
204.375190,-0.342690,0.979116
204.415088,-0.141360,1.036643
204.456922,0.044940,0.808911
204.495511,0.097437,0.682060
204.534005,0.293033,0.781420
204.563864,0.000000,0.566663
204.602356,-0.048841,0.683778
204.640836,-0.048857,0.879418
204.668563,-0.067804,0.745843
204.721356,-0.035611,0.890270
204.759852,-0.146509,0.927889
204.789785,-0.062807,1.004911
204.839077,-0.038140,0.839081
204.877571,-0.097678,1.074453
204.907396,-0.126069,0.945516
204.945894,-0.048834,1.074342
204.993104,0.199110,0.915908
205.022318,0.000000,1.029643
205.051705,-0.127948,0.767686
205.090255,-0.048768,0.877821
205.128760,-0.097650,1.074146
205.158610,0.000000,0.881742
205.197108,0.000000,0.927840
205.240530,0.086592,0.865921
205.270350,-0.063045,0.756539
205.322769,-0.107595,1.040081
205.361415,-0.048647,1.021580
205.391280,0.000000,0.944249
205.429694,0.097881,0.783048
205.468204,-0.244092,0.927551
205.498073,-0.503532,0.881181
205.536520,-0.244492,1.075767
205.575033,0.000000,0.732220
205.604858,0.189103,0.882481
205.643236,0.195946,0.685810
205.681716,0.146570,0.635135
205.711559,0.000000,1.007942
205.750738,-0.191940,0.767758
205.789191,-0.146673,0.880035
205.819047,-0.062969,0.818596
205.857411,-0.049004,0.931081
205.901553,-0.127769,0.894386
205.945767,-0.085041,0.765368
205.984285,0.048808,0.927359
206.038234,-0.034848,0.906041
206.068200,-0.125476,1.129280
206.106565,-0.098006,1.029063
206.145058,0.146520,0.634921
206.174906,0.062986,0.881801
206.213336,-0.195680,0.880562
206.251829,-0.390720,1.025641
206.281656,-0.063030,0.945452
206.331059,0.190272,0.951359
206.369431,0.195976,0.783905
206.399315,0.000000,1.006559
206.437661,-0.049027,0.980546
206.479632,0.000000,0.895857
206.509457,0.000000,0.756412
206.547882,0.195706,0.929603
206.586369,0.000000,1.074649
206.616249,-0.188755,1.132530
206.671885,-0.135164,1.047523
206.710508,0.146027,1.022189
206.740377,0.188825,0.692357
206.778758,0.195930,0.930669
206.833212,0.241672,0.725016
206.863281,-0.062523,0.875320
206.901666,-0.048977,0.783639
206.940138,0.048867,0.733001
206.969992,0.062973,0.629731
207.008481,-0.048845,0.879212
207.056815,-0.038896,0.816816
207.086676,0.062958,0.944376
207.125073,0.097924,0.930281
207.163563,0.048844,0.830346
207.193504,-0.188370,1.067433
207.231874,0.000000,0.979932
207.270334,0.293292,0.830993
207.300172,0.063007,0.693076
207.338510,-0.147113,0.735563
207.399510,-0.092459,0.862951
207.429477,0.000000,0.941035
207.467826,0.098047,0.686328
207.506305,0.146573,0.928299
207.536267,0.125492,1.003938
207.586836,0.000000,0.817892
207.625388,-0.048765,1.024071
207.655273,0.000000,1.069433
207.693713,0.000000,0.782518
207.732212,0.000000,0.976649
207.762088,-0.377561,0.943901
207.800491,-0.293727,0.979090
207.838983,0.000000,0.781461
207.868993,0.250583,0.814395
207.907366,0.293957,0.734892
207.945809,0.195614,0.586843
207.975689,0.188755,0.566265
208.014101,-0.146829,0.832032
208.052580,-0.097716,0.684009
208.082586,0.000000,0.563887
208.120962,-0.146967,0.783823
208.159406,-0.293414,0.831339
208.189264,-0.314823,0.755576
208.239464,-0.149801,0.861355
208.278104,0.097308,0.875776
208.307955,0.062979,0.881713
208.346324,0.000000,0.930960
208.384800,-0.048862,0.928371
208.414657,0.188900,0.629668
208.453114,0.244429,0.733287
208.491603,-0.244226,0.830367
208.521450,-0.251952,0.881831
208.574009,0.000000,0.715387
208.612604,0.000000,0.876798
208.642480,0.188780,0.880975
208.680912,0.048918,0.831599
208.719399,0.000000,0.781563
208.749274,0.000000,0.881004
208.787739,-0.146627,0.830885
208.826227,0.000000,0.830389
208.856105,0.125845,0.692148
208.914860,-0.287975,0.895924
208.953497,-0.291948,0.875844
208.983357,0.062960,0.692565
209.021732,0.244951,0.636873
209.060231,0.244162,0.585989
209.090076,0.188976,0.692913
209.128536,0.195528,0.782111
209.167038,-0.244143,0.781258
209.196871,0.189052,0.819227
209.235251,0.195935,0.685774
209.273745,-0.097678,0.830259
209.303575,-0.189071,0.945357
209.342034,0.000000,0.684365
209.380540,0.195294,0.830001
209.410357,0.252205,0.819667
209.448722,0.000000,0.882054
209.487197,-0.048863,0.732943
209.530623,0.000000,0.909133
209.569145,0.244016,0.780852
209.621378,0.000000,0.647866
209.651460,-0.249983,0.624958
209.689904,-0.293414,0.782437
209.728362,-0.146653,0.879921
209.758113,0.063191,0.758294
209.810821,0.142673,0.891705
209.849295,0.048864,0.830691
209.879154,0.000000,1.007401
209.917529,-0.048990,0.734853
209.956032,-0.244137,0.976547
209.986007,-0.125438,0.878065
210.024366,0.245053,1.029224
210.062829,0.097756,0.830928
210.092685,-0.251876,1.007503
210.131148,0.000000,0.928685
210.169521,0.146978,0.734892
210.213546,0.085406,0.683248
210.252091,0.438967,0.731612
210.290603,0.439344,0.927503
210.320564,0.188245,0.627482
210.358953,0.048972,0.881503
210.397453,-0.195325,0.781299
210.427309,-0.188907,0.566720
210.465683,-0.097983,0.685881
210.504177,0.048839,0.732582
210.534194,0.187894,0.751574
210.572557,0.000000,0.588067
210.611036,0.097716,0.781725
210.640893,0.125934,0.881535
210.679348,0.048888,0.684436
210.717725,-0.146963,0.832790
210.747676,-0.251077,0.815999
210.786075,-0.195838,0.734394
210.824565,-0.244219,0.537282
210.854465,-0.691639,1.068896
210.908363,0.000000,0.697614
210.962626,0.138584,0.727568
210.992584,-0.376527,0.815809
211.031077,-0.390720,0.683761
211.069567,0.000000,0.634970
211.099404,0.063009,0.819117
211.141403,0.313341,0.716208
211.184785,0.086672,0.866719
211.214749,-0.125484,0.878387
211.253115,0.000000,1.078038
211.291594,0.195431,0.928299
211.321471,0.188774,0.755096
211.359923,0.000000,0.684490
211.398420,0.341845,0.634855
211.428317,0.503061,0.565943
211.473383,-0.041717,0.333733
211.514695,-0.136522,0.500581
211.546291,0.178504,0.476010
211.599005,0.285313,0.570626
211.637509,0.390609,0.585913
211.667386,0.755096,0.692171
211.705835,0.000000,0.488959
211.760415,-0.206669,0.482228
211.790399,-0.250800,0.376201
211.828875,0.244308,0.537478
211.867354,0.244289,0.684009
211.897253,0.314392,0.691662
211.935611,-0.098024,0.833203
211.974102,0.048843,0.341898
212.003954,-1.007638,0.566796
212.042422,-0.195487,0.439846
212.080927,0.781197,0.537073
212.110798,2.013994,0.125875
212.149183,0.538752,0.391820
212.187707,0.097601,0.341605
212.217548,-0.441004,0.504005
212.256012,0.097754,0.293261
212.294506,0.097678,0.341871
212.324346,0.441019,0.252011
212.362723,-0.048988,0.342914
212.401205,-0.341978,0.244270
212.431177,-0.501802,0.439076
212.469553,-0.048989,0.342923
212.519520,0.075250,0.451498
212.549460,0.313961,0.439546
212.587938,0.244295,0.439732
212.626431,1.025641,0.146520
212.656283,0.188932,0.377864
212.694692,-0.293681,0.440522
212.733178,0.000000,0.390791
212.763047,0.566474,0.125883
212.801527,0.683992,0.146570
212.851785,0.037407,0.074814
212.881717,0.000000,0.188427
212.920194,-0.097721,0.146581
212.958600,0.195803,0.244753
212.988509,-0.188572,0.314287
213.026914,0.000000,0.195808
213.065405,0.000000,0.097685
213.095267,0.125913,0.062956
213.133734,0.146619,0.244365
213.184166,0.111834,0.074556
213.214102,0.000000,0.000000
213.252483,0.048983,0.097965
213.290976,0.293040,0.000000
