time (s),v_world_x,v_world_y,v_world_z,pos_world_x,pos_world_y,pos_world_z
166.141553,267.993509,-146.702329,0.0,0.0,0.0,0.0
166.256793,0.0,0.0,0.0,15.441785988580003,-8.45298819698,0.0
166.395054,0.0,0.0,0.0,15.441785988580003,-8.45298819698,0.0
166.51026,0.0,0.0,0.0,15.441785988580003,-8.45298819698,0.0
166.648128,0.0,0.0,0.0,15.441785988580003,-8.45298819698,0.0
166.762991,0.13314207149487736,0.0,0.0005117209907372017,15.44943253745906,-8.45298819698,2.938890407951989e-05
166.900577,0.0,0.0,0.0,15.458591779983408,-8.45298819698,6.459172619530392e-05
167.014895,0.0,0.0,0.0,15.458591779983408,-8.45298819698,6.459172619530392e-05
167.153417,0.0,0.0,0.0,15.458591779983408,-8.45298819698,6.459172619530392e-05
167.267583,0.0,0.0,0.0,15.458591779983408,-8.45298819698,6.459172619530392e-05
167.40522,0.0,0.0,0.0,15.458591779983408,-8.45298819698,6.459172619530392e-05
167.519459,0.0,0.0,0.0,15.458591779983408,-8.45298819698,6.459172619530392e-05
167.658197,0.0,0.0,0.0,15.458591779983408,-8.45298819698,6.459172619530392e-05
167.772367,0.0,0.0,0.0,15.458591779983408,-8.45298819698,6.459172619530392e-05
167.909553,-0.13868453685963153,0.0,-0.0006404098099665717,15.449078991546596,-8.45298819698,2.0664096100271476e-05
168.024053,0.0,0.0,0.0,15.441139301811381,-8.45298819698,-1.599936552032145e-05
168.17421,0.0,0.0,0.0,15.441139301811381,-8.45298819698,-1.599936552032145e-05
168.308691,0.0,0.0,0.0,15.441139301811381,-8.45298819698,-1.599936552032145e-05
168.431875,0.0,0.0,0.0,15.441139301811381,-8.45298819698,-1.599936552032145e-05
168.559193,0.0,0.0,0.0,15.441139301811381,-8.45298819698,-1.599936552032145e-05
168.68378,0.0,0.0,0.0,15.441139301811381,-8.45298819698,-1.599936552032145e-05
168.8091,0.0,0.0,0.0,15.441139301811381,-8.45298819698,-1.599936552032145e-05
168.935461,0.0,0.0,0.0,15.441139301811381,-8.45298819698,-1.599936552032145e-05
169.059544,0.08944761912184954,0.0,0.0004951167515623383,15.446688766273128,-8.45298819698,1.4718420421729552e-05
172.745025,0.0,0.0,0.0,15.611517516657536,-8.45298819698,0.0009270901107540911
172.869327,0.0,0.0,0.0,15.611517516657536,-8.45298819698,0.0009270901107540911
173.002807,6.297807907089009e-06,-0.08278179053634405,-0.0010919504664819687,15.611517936973236,-8.458513053680395,0.0008542133366210891
173.123641,0.0,0.0,0.0,15.611518317467896,-8.46351448111923,0.0007882409652876469
173.256356,-0.081406969724989,-0.24426240207195282,-0.0038002365135019647,15.606116354474368,-8.479723123464721,0.0005360667708429045
173.378488,-1.5865498078608652e-05,0.19245968975782396,0.002654260550219566,15.601144187618637,-8.482886507894895,0.00046608660266910526
173.512071,0.08275710050122383,0.08275749509763718,0.0016986877887314187,15.606670598816349,-8.464504339292622,0.0007568265516501224
173.631792,0.0,0.0,0.0,15.611624480230903,-8.45955043425733,0.0008585108520274781
173.764444,0.0,0.0,0.0,15.611624480230903,-8.45955043425733,0.0008585108520274781
173.88646,0.0,0.0,0.0,15.611624480230903,-8.45955043425733,0.0008585108520274781
174.018585,1.0080056883698878,1.5579187333149633,0.030019912671328055,15.67821585601884,-8.35663042793771,0.0028417013328771185
174.136962,0.5269912036180189,1.9767679797077073,0.03360869353988953,15.769070019560273,-8.14741762342395,0.006607783091610073
174.269569,2.1455366056341476,2.2796576189667586,0.04936816068865359,15.946267967160995,-7.8652017087422825,0.012109438945951402
174.388592,3.494986090571348,0.1839296326243089,0.026255151195975022,16.281943933596224,-7.718589936019223,0.016609895671173422
174.510906,-2.224672008802541,3.336135546831145,0.03755447899044957,16.35963253189497,-7.5033133098392355,0.020512301224485135
174.627902,7.002455646650037,2.5285030965873854,0.08834524856371992,16.639123319141774,-7.1602436784765375,0.027877183486948964
174.751495,7.114622479055613,9.669034531091707,0.20487926342681048,17.51150933753694,-6.406478544467669,0.045997432042171715
174.878208,5.5568399384022396,-0.17923326957444313,0.035965106095105406,18.314328846188577,-5.805237950842374,0.061256488339786405
175.002457,4.580282013336825,0.5495819577655793,0.041462929469039664,18.944092478879348,-5.782230223762845,0.06606666633519082
175.263213,3.529226355577329,-7.1399602125338095,-0.09332010801205691,20.001393961001696,-6.641470559863066,0.059305631111108925
175.453345,-8.645834071550109,-1.6466751382380886,-0.09012348930721124,19.514978531875013,-7.476780836119572,0.04186638208835487
175.577994,-5.298148903390411,10.214118058888351,0.13688295794097288,18.645926764953494,-6.942819239811604,0.04478064259121921
175.702539,-6.440976724099938,12.119730400737769,0.1629602397994609,17.91490206431553,-5.5520346616094045,0.06345262812251215
175.837324,2.4252730824616346,-0.8660183901815471,0.0029833732100687915,17.644273756646434,-4.79361887493803,0.07463598306225636
175.95877,6.035646666627131,-3.6984876923389436,-0.01991560727237445,18.158046186570317,-5.070789377786903,0.07360780701329105
176.092834,0.353149906009941,-5.806452032421827,-0.12395701986831242,18.5862999984274,-5.707924497417178,0.06396373707079483
176.213068,2.614782832654877,-2.010651796860447,-0.020110551307062616,18.764723210877687,-6.177865328322071,0.0553028268944461
176.348062,1.1617621189522684,-0.995416603959918,-0.01125421916108765,19.019628665476326,-6.380765927172252,0.053185798982157265
176.463647,-0.5549366303626448,-0.1849538084824235,-0.009358885032124818,19.054698627525646,-6.448982484233332,0.05199451615807093
176.602806,0.5456735855162553,-0.7272079973791483,-0.011197979570445606,19.054054109496757,-6.512450246604267,0.05056417979745661
176.717823,0.738158567664765,-1.659700509757165,-0.03057232945189066,19.127885370877983,-6.649717774486943,0.0481620319810451
176.868433,0.9230374532870141,-0.922638495971918,-0.012193677835257722,19.252981737235757,-6.844180813313372,0.04494153780228639
176.982713,2.599125249665291,-0.18560798858056748,0.020776225520869718,19.454238114082415,-6.9075060174406895,0.045431944577042166
177.110811,-0.37956832980573174,5.5237032938748595e-12,-0.003679268237406388,19.596398515242527,-6.919394023500934,0.0465269875940909
177.22429,-0.2119841499228088,0.21188791362214088,0.0029029310432020575,19.562834123318975,-6.907371609225659,0.04648293860986035
177.362851,0.18871842154324758,0.7554055630125404,0.019824983089070766,19.561222262023975,-6.840357033517665,0.04805753986490139
177.476856,0.19081346620307452,0.19081426535785198,0.006547033948916942,19.582856528455235,-6.786420137750985,0.04956081076610917
177.613427,-0.7589122460795641,-1.1044234270229936e-11,-0.00796857724368386,19.544063619221976,-6.773390290234645,0.04946373997145436
177.728607,-0.8457568784376633,0.21137479752528665,-0.0039190805478431295,19.45165072434102,-6.761217215645799,0.048779129759240265
177.866606,1.0744174805853208,0.21484737081213812,0.016263397090612912,19.467428191558906,-6.731808099141605,0.04963088142853298
177.980774,-1.0104482125932022,1.5148209795286243,0.024277791185587646,19.471079813252967,-6.633071711030747,0.051945134620091746
178.117643,1.8532252116785877,1.8532671441536375,0.06107688765051402,19.52875483579687,-6.40257828433063,0.05778633938890052
178.231395,1.7989224281491638,4.370340749950664,0.118314714818649,19.736474384959724,-6.048604361745538,0.06798941617093711
178.367214,-4.40203113903459,1.3897174474315643,-0.011906529426601718,19.559698573957853,-5.657441689590415,0.07521554283681824
178.480715,-0.5101354806821412,9.90261053917253,0.2227911952308342,19.280930662205584,-5.016596430186563,0.08718335306354277
178.617544,2.3174237768407258,14.848697530466874,0.3633025965641588,19.40457538734313,-3.323248064256145,0.12728066678230304
178.731164,2.068189050351279,8.795734885310411,0.22128929191188978,19.6537220520559,-1.980007858715868,0.1604913319666266
178.867715,14.839982286599815,-1.8839703977354167,0.09037966320140473,20.80813590417188,-1.5081036824444511,0.1817706857114639
178.979867,-6.066290138006984,-1.845966180306803,-0.09607948078747652,21.30012946509641,-1.7172636059947632,0.18145106274050732
179.114925,-10.60970696005809,4.097975357753635,-0.0006300489829368847,20.174016057061287,-1.5651876782509713,0.17492036490464172
179.22861,1.8054038392265614,4.902035744264066,0.12889043293337898,19.673557456915404,-1.0536045471845128,0.18221100577934496
179.365587,6.401308914900101,7.5051323983103035,0.23237760042831862,20.235622903376417,-0.2038562118517976,0.2069537114822379
179.479157,4.385785813201224,5.9211508542228675,0.17851423437162212,20.848168077511552,0.5585552826431744,0.23028620432134875
179.626424,4.305833469988309,6.178397163937212,0.18485465030064063,21.488162426000287,1.4494873516383606,0.2570423270908637
179.765155,2.004563616094175,3.827661594120562,0.11131909594047443,21.925886275074962,2.1435626204204525,0.2775865670857528
179.879152,0.4412667877752259,1.7663133443839552,0.04700247525344324,22.065294939349926,2.4624108009528354,0.28661065916145023
180.04028,-0.15679828719592476,0.6264306071760728,0.013641808132397012,22.088212859630595,2.6551798246663063,0.2914964052081468
180.159621,3.2714144934036953,-2.4525007813972235,-0.026554755068399015,22.274063565963104,2.546217304335451,0.29072588320800213
180.294762,-0.1824968302723969,-4.405640480042387,-0.10987492862412986,22.482783276919726,2.0828092702293306,0.2815072612660558
180.407958,1.5156689886633037,-1.5149018001348973,-0.02138960581323877,22.558238154740344,1.7477184182558085,0.27407795114596856
180.54436,3.5204088841461507,-0.7409132035660744,0.01928383917395957,22.90170370174383,1.5938695791883941,0.27393433575540305
180.659086,4.0596260302819465,0.2136137457198615,0.04944095899139904,23.336517244540133,1.5636221003879645,0.2778765963525622
180.796984,3.6167926686297873,0.7232142806214095,0.05795316628602706,23.865798637411423,1.628215455976172,0.2852813138963158
180.912167,-0.0008290629761115997,2.954821865407348,0.07468878817364946,24.07404740540643,1.8400390746801905,0.29292036301658037
181.049949,-2.551174813945234,0.9108033917630207,-0.005315638756100086,23.898237306321455,2.1063458642718897,0.29769954865310433
181.165144,3.4326996790693665,0.6434943244751692,0.055148338085975496,23.949010934740443,2.1958695269829187,0.3005697875527568
181.29315,0.604788796722139,0.20156162695229055,0.012081377376445568,24.207422309656526,2.24995564304213,0.3048726910314981
181.407323,0.21561532939738967,-0.43085495427122045,-0.008753077499247156,24.254256309802244,2.2368660895121386,0.3050626920224378
181.545718,0.5255591802977008,-0.7002715818061989,-0.012317182162944229,24.305543732936872,2.1585949610319197,0.3036046827294633
181.660539,1.2899047063042726,-2.362839015710249,-0.04779278806189727,24.40977042239864,1.982740250073192,0.30015373928386985
181.798355,2.119464354036753,-0.17656688533806802,0.019499170114928858,24.6447032256086,1.8077548682437716,0.29820408265838033
181.911952,0.8620252169952042,-0.6461869469715358,-0.007321355298131704,24.814047361008896,1.7610236846993235,0.2988957642732524
182.050281,1.5643057284154427,-0.34750027064800804,0.00853137819208391,24.98186332768275,1.692295805136277,0.29897945490170114
182.164718,3.2042579541829825,0.0,0.03935411097853538,25.254713388755462,1.6724123609002073,0.30171939076380977
182.289976,5.04173992310214,7.33725173631683e-11,0.06205421136203874,25.771151989811962,1.6724123609048025,0.3080704925836777
182.408462,3.382249594881321,0.2113220026783943,0.04791895658186357,26.270214400825814,1.6849317103138244,0.31458563297217773
182.539892,2.5549145066022674,0.7297956738849878,0.053015300085636784,26.660375139754876,1.7467772584291978,0.32121852764908365
182.659555,5.190683344724389,0.8648646416606564,0.08986202960701474,27.12380587759654,1.8421881770987691,0.32976709260058973
182.790269,2.0503438702071906,2.9838745831511914e-11,0.0255730579275107,27.59705769328276,1.8987131354857276,0.33731158361658276
182.909955,5.809752615657719,1.7209942723066807,0.12280314487834834,28.06742944728638,2.0017025957251633,0.3461908607210939
183.045615,6.43298557373127,2.322520275990486,0.1481189474108778,28.897854378672644,2.275974187536163,0.3645675062410723
183.166136,7.359017166933783,1.0217806275672752,0.12171908892338909,29.728967359826466,2.477503432135,0.38082808122959294
183.299637,8.926907697432053,0.7284908413139376,0.13297596336227654,30.81606098748528,2.5943349278185512,0.3978291033171867
183.414546,6.837544558747613,0.6408130198923654,0.10477913624556921,31.721799709638045,2.6730075965122366,0.411489203687607
183.552392,6.713185083554074,0.5441319301109827,0.10072646335951425,32.65575664877438,2.754677557301315,0.42565326612918775
183.66807,7.97589411613526,1.4688138940760493,0.1445306639271565,33.50535830060523,2.8711043308264714,0.43983869311432183
183.805664,8.544369764156489,0.9086824788582492,0.135784639428813,34.64190289477772,3.034668948795241,0.45912354503930347
183.920387,9.112707316946652,1.4830196859253049,0.15858775898628774,35.654739321765405,3.1718605725204703,0.47600918737099096
184.05006,11.471433025446867,1.9437321178623437,0.20161928650288471,36.989342937074966,3.394039165846743,0.4993637514758491
184.163752,4.42501550929554,2.106759718286538,0.1183314106494356,37.892992450480826,3.624293424764434,0.5175516688061677
184.302476,5.755655853138755,1.184647011610508,0.10789169181332738,38.59914417752212,3.8525919783635936,0.5332429556391927
184.41828,6.571765941100313,0.8212079722031952,0.10730483043103478,39.31292655425214,3.968734993636372,0.5457032646701854
184.555029,2.913698117257263,-0.34264540951190137,0.026272924320459363,39.961490416510216,4.001456469579103,0.5548365768624401
184.668383,4.387392455363033,-1.4617352440693974,0.011088221692197024,40.375294326894675,3.899189587276062,0.5569540945349998
184.816006,2.4936074270019692,-2.6473999856121893,-0.04849526886094733,40.8831912497118,3.595888152270457,0.554193024272904
184.935054,5.025502780792645,-1.1591934715696024,0.02827290053653717,41.330758765720645,3.369304483325129,0.5529893080207615
185.071361,2.9937172197542203,-1.4960074040331839,-0.007456310783088207,41.87729667602787,3.1883432504497504,0.5544080314705231
185.184549,2.240745965987494,-3.0527967048418407,-0.06420474259075987,42.173535885561755,2.930908230712059,0.5503524458158833
185.320923,5.829272781859449,-3.6618168285673858,-0.037111911594532435,42.723806253921154,2.4730588777095197,0.5434439671169513
185.433534,4.8690635797838695,-3.649314699328332,-0.049270724466329435,43.326181431931744,2.0614019614655312,0.5385801496022258
185.569064,6.120147000078606,-2.9756398255039462,-0.012586816148886465,44.070865286876064,1.6124619180903097,0.534388373362436
185.683764,4.941437268453372,1.7784774772925784,0.11880098010132463,44.70524714467637,1.5438046574203883,0.5404797556651083
185.808308,5.828775283722368,2.7316830541223287,0.1613866124609243,45.37592982072554,1.82466137403269,0.5579275974291467
185.926603,3.0343830999327897,3.8440335067443847,0.1595847203488713,45.900163481222734,2.213598569316518,0.5769122493365123
186.058985,4.116795747558749,5.146623644463122,0.2149419211163316,46.37350716031707,2.8086991568121253,0.6017025422617368
186.176941,5.696516700372281,3.6615773205673996,0.1901524289878858,46.95227670187111,3.328189233327662,0.6255941968421818
186.300639,4.418734999102077,3.6820935653896925,0.17424409382717682,47.57789490423185,3.7823879339531867,0.6481317573817688
186.429289,4.344912563616185,1.8099679161761435,0.11551211016519647,48.1416165337038,4.135664788754969,0.6667703252035813
186.806673,5.850743513965688,1.1456507422010505,0.11633371151271649,50.06545527029476,4.693366384641446,0.7105177769876274
186.922618,7.181411293052049,-0.8203566115987301,0.0733218512531789,50.82096186484467,4.712224498627791,0.7215125841000742
187.061468,8.118615790815927,-0.17641783748297352,0.10756131526847185,51.883166245142135,4.643023432500298,0.7340703979358391
187.176744,5.595331336176407,1.0358355567451538,0.11137234298433922,52.673610729647876,4.692558551003142,0.7466892961302171
187.315933,6.424906358639916,0.535212108128595,0.10728958200837672,53.510153161899694,4.801894827716188,0.7619069634691212
187.430095,3.3346249971359967,4.8529909690842034e-11,0.046591915500769396,54.067236971218705,4.832445270063045,0.7706906732284403
187.566843,7.477710124987527,1.601876512019634,0.1538246092520021,54.80651957285884,4.941971974699203,0.7843939526918875
187.682231,5.723716355231356,-0.4086605329277515,0.06581484027344081,55.56816267220856,5.010813377396928,0.7970658310928079
187.821279,8.385552089199358,-1.0477116702437401,0.08212509694606437,56.54909545153917,4.909560556343631,0.807351207288057
187.935705,6.612476681472502,0.4131204500236511,0.10174677256842703,57.40717767159569,4.873253688861176,0.8178710685585904
188.074218,7.188329723387269,-1.051455055114031,0.06229233641210757,58.36297322037378,4.829044868283738,0.8292318431096999
188.189425,5.887170674842308,-1.6231920590056028,0.026714675290999943,59.11616780756319,4.67497583324555,0.8343589585083397
188.325778,5.39285383603391,-1.912525006980479,0.011100943735405802,59.88520039862902,4.433923018696325,0.8369370950588938
188.440111,6.23154710144055,-1.205515515778899,0.04474295424858481,60.54972671482108,4.2556755551520205,0.8401294952529953
188.576269,6.7058415712514,-2.2342213103771207,0.04296528645787388,61.43049119826924,4.021501711764154,0.8461005845720501
188.690322,5.46470274581412,-1.820713335971117,0.03512236383659765,62.12453474376645,3.7902629811541506,0.8505536499615682
188.827048,4.908732040499442,-0.525748199206979,0.0642045612316858,62.833693866063115,3.629851831224792,0.8573439365400104
188.941776,5.394476187666617,0.5992380085455624,0.1050787543547675,63.424727102863706,3.6340675006476912,0.8670547046553129
189.077761,5.282347138892733,1.8741363500847803,0.140618389161326,64.15067101289482,3.8022384067268713,0.8837602676858315
189.191027,5.795583739949062,4.796743014329374,0.23256832149114087,64.77804747235616,4.180030317771677,0.9048949506702092
189.318442,-1.847662808938943,6.822704152334833,0.1707065128092524,65.02955964506852,4.920276248142015,0.9305865821764042
189.431715,3.819100470511982,4.42309717735666,0.18896714935790468,65.14121497418819,5.557199075151044,0.950957239543733
189.580695,2.7136632697184315,3.7702016597601764,0.15267997066609562,65.62784054519793,6.1675179055278555,0.9764065335143198
189.694224,6.159706977676702,3.4903246336483957,0.19745493577051162,66.13153297060619,6.579658050310045,0.9962817664107406
189.831098,5.13332883105027,3.422201909971979,0.1789264080490442,66.90439446224806,7.052730629375813,1.0220401764377207
189.945436,3.9503223054130086,0.4157165179970264,0.07299355714896041,67.42369771406855,7.272140587984381,1.036442188928126
190.061766,3.4845328717957305,0.4098419244802512,0.06575422535242699,67.85614606545091,7.320159194791073,1.0445124536973194
190.190958,4.5726912624202285,1.3914569788137277,0.1113649239120744,68.37661051562469,7.436515898748241,1.055953642263208
190.305803,4.193133827782537,1.0480708947464228,0.09643352138818335,68.87996610686687,7.576599688067752,1.0678859484884624
190.445255,5.353254701275188,2.102769836829621,0.1462827382170409,69.54559759344399,7.796295208917632,1.084809582405697
190.560089,4.121644707773686,-0.20601037345137363,0.05842629799543508,70.08961789281335,7.905201447026423,1.0965633611379089
190.69854,10.591961177829265,2.2293733853126163,0.23415236203504913,71.10817461704718,8.045269763204027,1.1168172651678496
190.812207,3.152231984745606,1.2607158514676589,0.08819128800546377,71.88930521915233,8.243623749842566,1.135137183002426
190.935152,3.3631864371081353,1.4712135370465518,0.09827588268890604,72.2898242780897,8.41156227917799,1.1465997861529345
191.055796,5.9681905294881075,1.2345101771606208,0.13302395565520228,72.8527115994687,8.574776945066393,1.1605522550015277
191.188097,8.425108398749282,1.2326192428353218,0.1728531014498882,73.80483552022116,8.73797878976385,1.18078617526756
191.308449,6.030919721141781,0.8316287357548853,0.12262207831067405,74.6747414683637,8.862196976123492,1.198566689684831
191.440219,4.438609399183382,0.20169132031299933,0.07801504566073976,75.36452639445642,8.930277268017534,1.2117856665976894
191.561114,3.7329781757246017,1.0367282381112575,0.09248647456493973,75.85847843439063,9.005136634275377,1.2220920572415304
191.693912,4.7414863431300605,1.3826602890737651,0.11983094322730416,76.4211744039781,9.165781613091946,1.2361897214655184
191.815113,6.11001619927559,0.6318830627828838,0.11907653658383897,77.07878088379907,9.28786394748612,1.2506676341958118
191.938211,4.436575746810459,0.21119667048507929,0.07881571555568836,77.72791307148871,9.339754661989028,1.2628477044227475
192.05957,5.077499726585099,0.5856923801290559,0.10101945645883308,78.30522241417668,9.388109491135774,1.2737600127430038
192.192561,8.215457102851646,1.2019227575929339,0.17202715004700422,79.18914422502853,9.50697785352617,1.2919163833659133
192.312112,3.9683703441084974,-2.775869645615816,-0.022059994840655472,79.9174386025843,9.412894391321156,1.3008807450519504
192.44434,7.021524637497526,0.7799345204953629,0.13931426268108935,80.64402451939819,9.280935136458945,1.3086328937159528
192.562774,2.3619732240995575,-1.5735441575356166,-0.010830360140800476,81.19968711226828,9.23393995458234,1.3162413249726799
192.695406,3.646515941929893,-0.19184820240676403,0.053480437812242654,81.59814607980269,9.1168661948404,1.3190697075235394
192.814723,3.117622358235633,0.9740595275606347,0.08146677876130679,82.0016844245831,9.16353174918209,1.3271204560434922
192.958844,4.609430691485722,5.763381771957901,0.2566439949594792,82.5584997308726,9.649035137946088,1.351484887453201
193.094672,-0.5124142301996791,5.265186987700398,0.15782226051955484,82.83674450682439,10.398029356689541,1.379632948727805
193.208685,-2.7986150869075117,5.190597456503153,0.1184034982955791,82.64799431405872,10.99407703260803,1.3953796124476998
193.344838,1.2864483240662077,3.219057538317919,0.12237235553280078,82.54505129342814,11.566576910862999,1.4117707898608485
193.461895,2.7080782745504965,6.001060904070081,0.23288996062777564,82.77884494345525,12.106216613118251,1.4325637603322507
193.595034,5.528896978057135,4.838190911750853,0.24177169205641189,83.32717626753372,12.827780186871543,1.4641617492206107
193.716092,4.843617729107626,3.632793953885257,0.19275172945085914,83.95501421024372,13.340520429803652,1.4904630174010254
193.845041,5.122833392440126,1.9428222855820536,0.14437340844250843,84.59759616307997,13.700005499035203,1.5121989921041323
193.966668,3.606112187774658,-1.0496564209461212e-10,0.05884932816874981,85.12843389512231,13.818155322093054,1.52455767799704
194.095245,4.686764550451819,-0.5205308094862323,0.06010686581943557,85.66157050130782,13.784691177140648,1.53220519327425
194.220786,8.291680463698658,0.3947065496698022,0.14818638342470303,86.47623398406854,13.776793125439841,1.545279864675929
194.345279,6.823432383151167,1.6593486644024849,0.16477337628650665,87.41709685589,13.904650873322593,1.5647605143587928
194.465172,6.474395492565194,2.746297521483421,0.19418616522027551,88.21425509464156,14.168753942404782,1.5862788825137275
194.595944,3.9806080289841996,1.6281037942473655,0.12251415007440745,88.89786595490163,14.454778546835172,1.6069866493295868
194.71795,4.475953417389568,1.16730494841367,0.11526107734544948,89.41374157281477,14.625306866363722,1.62149165152788
194.846278,4.912014467870387,2.5466151615992785,0.16981327701848373,90.01611114420464,14.863606836302612,1.639783162401289
194.969555,8.87786707113915,1.3217682556805748,0.19512116258423215,90.86609875744689,15.10204818756862,1.6622771738567415
195.096326,5.060991448177451,0.18067482173185456,0.09174334729192032,91.74962027412298,15.197281293251939,1.680460224247495
195.220274,4.676140201310249,-1.6823204499091506,0.021723241013091064,92.35306927096825,15.10421830709129,1.687492202591109
195.346449,7.543391270664463,-0.5516902464366156,0.10907732498642429,93.12396896270656,14.963280157285558,1.6957440832986046
195.460134,5.710015973505258,0.0,0.09691029375418647,93.8773257639833,14.931920704452484,1.707452934516868
195.596364,3.875831257520657,-0.3689443423326411,0.05323852051436901,94.53026574812455,14.9067900605745,1.7176803210007694
195.712892,5.36139369838755,0.6183917217446566,0.11231071750815957,95.06846342295566,14.921323862688563,1.7273258818049153
195.85885,4.171802852962643,-0.8338933777290624,0.0423481730671823,95.76418657407655,14.90559676733648,1.7386127329802115
195.980657,8.928944998353689,-0.19401864128879243,0.14511779170350358,96.56206797083931,14.842993327686216,1.7500300663656247
196.119272,6.637229528284459,-0.8964507951926589,0.08194202823646553,97.64092061184418,14.767415617217285,1.7657670148361126
196.234783,8.473225388426828,2.0660074870615306,0.2152523038738165,98.51363249078628,14.834963948734517,1.7829316220843077
196.371712,7.205306516629411,0.7202474112902324,0.1476799745317772,99.58705533840008,15.025723497222733,1.8077795990592092
196.488219,4.350891222724035,1.0356023362869542,0.11010643640260025,100.26024430340941,15.128007890493206,1.822796559748573
196.624504,3.2969761773152375,-0.18307603730916777,0.0499317946863547,100.78138910771665,15.186101163821307,1.8337019649105533
196.738854,3.8073828722034793,-1.2682996800277233,0.02100824310846068,101.18758083637289,15.10311875718257,1.8377579615714719
196.864909,4.565095540494353,-1.3884923657743948,0.029645612605474884,101.71527721952923,14.935667796515766,1.840950547462482
196.983691,2.6984473604828767,-2.488373258363728,-0.04041926189299301,102.1466662959611,14.705416870232614,1.840310689657647
197.115381,5.071178776355991,-3.494327114346981,-0.03500320836753584,102.65825732894133,14.311485964191418,1.835344497103342
197.236835,2.643617757846963,-0.20325266927975166,0.03805427327802032,103.12675377807388,14.086943036671117,1.835529779122161
197.365704,5.391844493468539,4.853017652144731,0.2612308614242226,103.64451477050619,14.386548318459486,1.8548140671341298
197.489524,9.120669909339723,3.3157928479323986,0.2713920145738274,104.54298453718401,14.892279376519241,1.8877887493871677
197.615798,15.4569020358685,-5.086113500072177,0.08662316522251816,106.09473869708891,14.78050664150507,1.9103927537939738
197.749799,13.538367445768095,-3.865653226397731,0.09631576547047122,108.03743624999306,14.180733794948297,1.922649753619868
197.877727,9.74204103723348,-10.105775997246182,-0.1864273474892341,109.52654429819974,13.287065296087158,1.9168858563876199
197.995305,5.494266113365842,-12.390475053856372,-0.3391004048791528,110.4222715592764,11.964533193043792,1.8859906053536324
198.117849,8.045946670951762,-14.345737292298379,-0.36396635585402326,111.25190747699713,10.326351990170133,1.8429122987899875
198.231654,9.896172643326844,-5.356192851942972,-0.017944802865710124,112.27285892127773,9.205262910137588,1.8211805990809407
198.350021,8.56621586308284,-4.687298401872037,-0.017247060904305445,113.36552769144689,8.610853945517395,1.8190978214115079
198.473686,11.457090735595626,-0.803598400888018,0.16859207635225354,114.60361879670955,8.271338068960766,1.8284558620791922
198.594112,11.9959246403617,-1.3321689603267821,0.159344555294171,116.01579521154218,8.14273710883993,1.8482019104805198
198.727577,17.240245290065104,-3.720098619210436,0.16559722550801556,117.9667979214244,7.80558666258846,1.869886087867902
198.845923,13.012458392079921,-3.743595205240488,0.09195075747878477,119.756941156408,7.3639375079142155,1.8851259746651803
198.977861,12.765780929557554,-4.556065102518081,0.05875077564606629,121.45750582621699,6.816417217071728,1.895067604103893
199.09643,8.925539611799191,-2.8609930866541844,0.05241824180234038,122.74346491885113,6.376700630855716,1.9016582037188134
199.257807,9.016911516049452,-4.333918200394502,0.001942464357350034,124.19121438668068,5.796154031470631,1.90604448755778
199.38076,5.548939533202601,0.2377044233738235,0.10395092986930721,125.08667192870999,5.544333145207629,1.9125544428079548
199.498484,0.3706008810615109,0.21174434652471544,0.013885987755537033,125.43510791657435,5.570788598701393,1.9194905594531873
199.621386,4.075949252575927,0.43914228361856933,0.08593310678765922,125.70835286883653,5.610786233010331,1.9256245426319618
199.740984,0.7753648971125063,-0.48418321300891,-0.0038144185530580577,125.99845660367373,5.608092830473718,1.9305351580697026
199.871577,0.6437601092138268,0.19307075463533402,0.018004682792833075,126.09112049964932,5.589084205835527,1.931461732658635
199.992403,-12.704893276921629,20.117980808529907,0.4977795737806242,125.36247126158862,6.8161357639209665,1.9626218069510057
200.141458,-15.376119387447492,16.3220307280674,0.31660212869391596,123.26966359024479,9.5319187237148,2.0233156392821785
200.256332,2.7672442980271295,-3.4930579811148643,-0.07682542300267518,122.54544763173384,10.268776431381424,2.0370876939269644
200.39289,0.2796112296223495,-0.16654874229916922,-0.0011032784100808199,122.75348388030622,10.018902143913422,2.0317668001232025
200.507332,-1.721605044292546,0.25287757414621115,-0.020824122829390692,122.67097155223698,10.023841966000541,2.030512092296879
200.643948,-0.8974773084264255,-0.12526505878319294,-0.02005586392067373,122.49206727488745,10.032558921699959,2.0277196621619553
200.758609,0.0,0.0,0.0,122.4406144520567,10.025377413247389,2.026569849455451
200.895193,0.0,0.0,0.0,122.4406144520567,10.025377413247389,2.026569849455451
201.008967,0.0,0.0,0.0,122.4406144520567,10.025377413247389,2.026569849455451
201.146901,0.0,0.0,0.0,122.4406144520567,10.025377413247389,2.026569849455451
201.263077,0.0,0.0,0.0,122.4406144520567,10.025377413247389,2.026569849455451
201.401639,0.0,0.0,0.0,122.4406144520567,10.025377413247389,2.026569849455451
201.517548,0.0,0.0,0.0,122.4406144520567,10.025377413247389,2.026569849455451
201.655732,0.0,0.0,0.0,122.4406144520567,10.025377413247389,2.026569849455451
201.771565,0.0,0.0,0.0,122.4406144520567,10.025377413247389,2.026569849455451
201.91048,0.0,0.0,0.0,122.4406144520567,10.025377413247389,2.026569849455451
202.025499,0.0,0.0,0.0,122.4406144520567,10.025377413247389,2.026569849455451
202.164201,0.0,0.0,0.0,122.4406144520567,10.025377413247389,2.026569849455451
202.280621,0.0,0.0,0.0,122.4406144520567,10.025377413247389,2.026569849455451
202.42149,0.0,0.0,0.0,122.4406144520567,10.025377413247389,2.026569849455451
202.537614,0.0,0.0,0.0,122.4406144520567,10.025377413247389,2.026569849455451
202.674909,0.0,0.0,0.0,122.4406144520567,10.025377413247389,2.026569849455451
202.791505,0.0,0.0,0.0,122.4406144520567,10.025377413247389,2.026569849455451
202.929745,0.0,0.0,0.0,122.4406144520567,10.025377413247389,2.026569849455451
203.045633,0.0,0.0,0.0,122.4406144520567,10.025377413247389,2.026569849455451
203.183831,0.0,0.0,0.0,122.4406144520567,10.025377413247389,2.026569849455451
203.298996,0.0,0.0,0.0,122.4406144520567,10.025377413247389,2.026569849455451
203.438062,0.0,0.0,0.0,122.4406144520567,10.025377413247389,2.026569849455451
203.557397,0.0,0.0,0.0,122.4406144520567,10.025377413247389,2.026569849455451
203.696922,0.0,0.0,0.0,122.4406144520567,10.025377413247389,2.026569849455451
203.811943,0.0,0.0,0.0,122.4406144520567,10.025377413247389,2.026569849455451
203.963791,0.0,0.0,0.0,122.4406144520567,10.025377413247389,2.026569849455451
204.078765,0.0,0.0,0.0,122.4406144520567,10.025377413247389,2.026569849455451
204.217116,0.0,0.0,0.0,122.4406144520567,10.025377413247389,2.026569849455451
204.332091,0.0,0.0,0.0,122.4406144520567,10.025377413247389,2.026569849455451
204.471956,0.0,0.0,0.0,122.4406144520567,10.025377413247389,2.026569849455451
204.586984,0.0,0.0,0.0,122.4406144520567,10.025377413247389,2.026569849455451
204.711975,0.0,0.0,0.0,122.4406144520567,10.025377413247389,2.026569849455451
204.832017,0.0,0.0,0.0,122.4406144520567,10.025377413247389,2.026569849455451
204.965915,0.0,0.0,0.0,122.4406144520567,10.025377413247389,2.026569849455451
205.087562,0.0,0.0,0.0,122.4406144520567,10.025377413247389,2.026569849455451
205.220827,0.0,0.0,0.0,122.4406144520567,10.025377413247389,2.026569849455451
205.341687,0.0,0.0,0.0,122.4406144520567,10.025377413247389,2.026569849455451
205.474168,0.0,0.0,0.0,122.4406144520567,10.025377413247389,2.026569849455451
205.59578,0.0,0.0,0.0,122.4406144520567,10.025377413247389,2.026569849455451
205.72953,0.0,0.0,0.0,122.4406144520567,10.025377413247389,2.026569849455451
205.849726,0.0,0.0,0.0,122.4406144520567,10.025377413247389,2.026569849455451
205.983879,0.0,0.0,0.0,122.4406144520567,10.025377413247389,2.026569849455451
206.105948,0.0,0.0,0.0,122.4406144520567,10.025377413247389,2.026569849455451
206.239514,0.0,0.0,0.0,122.4406144520567,10.025377413247389,2.026569849455451
206.359375,0.0,0.0,0.0,122.4406144520567,10.025377413247389,2.026569849455451
206.49231,0.0,0.0,0.0,122.4406144520567,10.025377413247389,2.026569849455451
206.612847,0.0,0.0,0.0,122.4406144520567,10.025377413247389,2.026569849455451
206.745412,0.0,0.0,0.0,122.4406144520567,10.025377413247389,2.026569849455451
206.86684,0.0,0.0,0.0,122.4406144520567,10.025377413247389,2.026569849455451
207.000417,0.0,0.0,0.0,122.4406144520567,10.025377413247389,2.026569849455451
207.12427,0.0,0.0,0.0,122.4406144520567,10.025377413247389,2.026569849455451
207.256466,0.0,0.0,0.0,122.4406144520567,10.025377413247389,2.026569849455451
207.378252,0.0,0.0,0.0,122.4406144520567,10.025377413247389,2.026569849455451
207.501348,0.0,0.0,0.0,122.4406144520567,10.025377413247389,2.026569849455451
207.617106,0.0,0.0,0.0,122.4406144520567,10.025377413247389,2.026569849455451
207.755718,0.0,0.0,0.0,122.4406144520567,10.025377413247389,2.026569849455451
207.871276,0.0,0.0,0.0,122.4406144520567,10.025377413247389,2.026569849455451
208.008661,0.0,0.0,0.0,122.4406144520567,10.025377413247389,2.026569849455451
208.124155,0.0,0.0,0.0,122.4406144520567,10.025377413247389,2.026569849455451
