time (s),v_x (m/s),v_y (m/s),pos_x (m),pos_y (m),pos_z (m),acc_x (m/s^2),acc_y (m/s^2)
64.965635,0.000016,-0.000000,0.000000,0.000000,0.552328,0.000000,0.000000
64.995204,0.000000,-0.000000,0.000000,0.000000,0.552850,-0.000535,0.000000
65.033452,0.080663,-0.026888,0.001543,-0.000514,0.554808,2.108953,-0.702984
65.071744,0.053911,-0.000000,0.004119,-0.001029,0.556769,-0.698651,0.702177
65.101320,0.209873,0.034979,0.008020,-0.000512,0.557311,5.273277,1.182676
65.139604,0.081244,-0.000000,0.013593,0.000158,0.557736,-3.359850,-0.913667
65.177922,0.108465,-0.000000,0.017227,0.000158,0.558162,0.710386,0.000000
65.209291,0.132728,0.066364,0.021010,0.001199,0.558381,0.773480,2.115606
65.261805,0.138820,-0.000000,0.028140,0.002941,0.558057,0.116003,-1.263747
65.300112,0.163170,-0.000000,0.033925,0.002941,0.557805,0.635650,0.000000
65.329676,0.246527,-0.070437,0.039981,0.001900,0.557162,2.819552,-2.382509
65.367955,0.217190,-0.081446,0.048856,-0.001007,0.555986,-0.766413,-0.287610
65.406248,0.270874,-0.108350,0.058201,-0.004641,0.554810,1.401937,-0.702584
65.435822,0.315359,0.035040,0.066869,-0.005725,0.554583,1.504203,4.848506
65.474098,0.189426,0.027061,0.076530,-0.004536,0.554540,-3.290137,-0.208456
65.512440,0.297016,0.054003,0.085856,-0.002982,0.554496,2.806050,0.702679
65.542016,0.349995,0.034999,0.095424,-0.001666,0.553953,1.791305,-0.642532
65.580292,0.270485,-0.027049,0.107298,-0.001514,0.553300,-2.077293,-1.621068
65.618621,0.297169,-0.000000,0.118177,-0.002032,0.552646,0.696186,0.705694
65.648186,0.314928,0.034992,0.127225,-0.001515,0.552400,0.600680,1.183568
65.686453,0.296582,0.053924,0.138926,0.000186,0.551704,-0.479416,0.494732
65.724773,0.268520,-0.000000,0.149753,0.001219,0.551006,-0.732311,-1.407205
65.754334,0.382154,-0.034741,0.159370,0.000706,0.549227,3.844034,-1.175234
65.809403,0.334591,-0.055765,0.179106,-0.001786,0.545869,-0.863683,-0.381778
65.859358,0.388183,-0.061292,0.197159,-0.004710,0.542823,1.072795,-0.110639
65.888998,0.447266,-0.034405,0.209540,-0.006128,0.542301,1.993366,0.907118
65.927273,0.479731,-0.000000,0.227281,-0.006787,0.542084,0.848199,0.898895
65.965622,0.532177,-0.159653,0.246683,-0.009848,0.541866,1.367598,-4.163167
65.995170,0.449077,-0.069089,0.261180,-0.013227,0.542501,-2.812387,3.064991
66.045398,0.609996,-0.040667,0.287778,-0.015984,0.543682,3.203777,0.565867
66.083787,0.558924,-0.026615,0.310215,-0.017275,0.544584,-1.330394,0.366026
66.113377,0.552704,-0.069088,0.326661,-0.018691,0.543871,-0.210196,-1.435376
66.151659,0.614510,-0.133589,0.349003,-0.022571,0.542870,1.614490,-1.684889
66.189996,0.614021,-0.080090,0.372552,-0.026666,0.541867,-0.012744,1.395502
66.219571,0.519224,-0.000000,0.389310,-0.027851,0.541730,-3.205307,2.708014
66.257879,0.614648,0.133619,0.411028,-0.025291,0.541513,2.490975,3.488030
66.296223,0.507276,0.053398,0.432538,-0.021706,0.541295,-2.800231,-2.092160
66.325792,0.415688,0.034641,0.446183,-0.020404,0.541014,-3.097446,-0.634349
66.370788,0.478889,0.045608,0.466309,-0.018599,0.540821,1.404582,0.243751
66.409100,0.509635,0.026823,0.485246,-0.017211,0.540657,0.802532,-0.490328
66.450686,0.469713,0.049443,0.505609,-0.015626,0.542380,-0.959992,0.543943
66.489096,0.561923,-0.000000,0.525422,-0.014676,0.543869,2.400672,-1.287255
66.527440,0.562730,-0.000000,0.546984,-0.014676,0.545356,0.021042,0.000000
66.556999,0.452042,-0.000000,0.561981,-0.014676,0.544595,-3.744629,0.000000
66.595256,0.564919,0.080703,0.581434,-0.013132,0.543681,2.950481,2.109488
66.633604,0.564296,0.188099,0.603086,-0.007978,0.542765,-0.016238,2.800563
66.663201,0.521058,0.173686,0.619147,-0.002624,0.540467,-1.460908,-0.486963
66.701490,0.586125,0.186494,0.640344,0.004271,0.536115,1.699388,0.334521
66.739833,0.659878,0.105580,0.664232,0.009871,0.531756,1.923496,-2.110275
66.769408,0.681815,-0.000000,0.684072,0.011432,0.530556,0.741730,-3.569915
66.807669,0.578898,-0.000000,0.708190,0.011432,0.530053,-2.689870,0.000000
66.846005,0.786724,-0.052448,0.734366,0.010427,0.529549,5.421171,-1.368118
66.873660,0.726291,-0.108943,0.755287,0.008195,0.529087,-2.185244,-2.042858
66.926189,0.629491,-0.019076,0.790896,0.004833,0.527948,-1.842784,1.710822
66.964485,0.679167,0.130609,0.815955,0.006968,0.527115,1.297153,3.908615
66.994115,0.708029,0.269726,0.836506,0.012899,0.526764,0.974103,4.695142
67.032426,0.520534,0.156160,0.860040,0.021057,0.526301,-4.894030,-2.964309
67.084240,0.537454,0.038389,0.887449,0.026097,0.525675,0.326551,-2.272951
67.113944,0.635700,-0.066916,0.904873,0.025674,0.525420,3.307480,-3.545146
67.152225,0.415452,-0.103863,0.924992,0.022405,0.525377,-5.753440,-0.965164
67.190541,0.570819,-0.103785,0.943887,0.018427,0.525333,4.054889,0.002024
67.220125,0.638834,-0.134491,0.961780,0.014902,0.524964,2.299027,-1.037914
67.258416,0.624277,-0.130057,0.985963,0.009837,0.524615,-0.380160,0.115789
67.296719,0.468677,-0.208301,1.006895,0.003357,0.524267,-4.062350,-2.042753
67.326327,0.608470,-0.202823,1.022841,-0.002729,0.528617,4.721468,0.185006
67.364625,0.527033,-0.210813,1.044585,-0.010650,0.535540,-2.126400,-0.208625
67.402941,0.478031,-0.159344,1.063840,-0.017741,0.542466,-1.278896,1.343293
67.432532,0.552608,-0.207228,1.079089,-0.023165,0.543718,2.520274,-1.618214
67.470832,0.508385,-0.187300,1.099407,-0.030720,0.544284,-1.154651,0.520325
67.509132,0.509766,-0.000000,1.118904,-0.034307,0.544850,0.036044,4.890334
67.538743,0.486548,-0.000000,1.133655,-0.034307,0.546389,-0.784086,0.000000
67.577022,0.618917,-0.026909,1.154813,-0.034822,0.548217,3.457998,-0.702980
67.615318,0.646156,-0.080770,1.179037,-0.036884,0.550046,0.711265,-1.406417
67.644902,0.557898,-0.104606,1.196847,-0.039626,0.548793,-2.983304,-0.805722
67.704714,0.638386,-0.241551,1.232623,-0.049978,0.545800,1.345691,-2.289595
67.743125,0.671845,-0.268738,1.257787,-0.059778,0.543877,0.871088,-0.707786
67.772750,0.626852,-0.208951,1.277024,-0.066854,0.544143,-1.518760,2.018144
67.811035,0.645581,-0.161395,1.301381,-0.073943,0.544333,0.489192,1.242143
67.864630,0.594165,0.057500,1.334603,-0.076728,0.544600,-0.959335,4.084244
67.894353,0.621046,0.172512,1.352663,-0.073309,0.544110,0.904362,3.869477
67.932668,0.560639,0.133486,1.375301,-0.067447,0.543327,-1.576569,-1.018577
67.971016,0.505510,0.079817,1.395744,-0.063357,0.542542,-1.437612,-1.399511
68.000593,0.688983,-0.034449,1.413409,-0.062686,0.541029,6.203239,-3.863354
68.038891,0.611414,-0.053166,1.438310,-0.064364,0.539244,-2.025410,-0.488719
68.077218,0.583918,-0.053083,1.461217,-0.066400,0.537457,-0.717413,0.002162
68.106796,0.481309,-0.000000,1.476970,-0.067185,0.537921,-3.469097,1.794689
68.145062,0.557957,0.106277,1.496855,-0.065152,0.538747,2.003036,2.777334
68.183387,0.530484,0.212194,1.517712,-0.059049,0.539575,-0.716830,2.763631
68.213013,0.446603,0.171770,1.532185,-0.053361,0.539750,-2.831345,-1.364450
68.251314,0.533349,0.240007,1.550952,-0.045476,0.540450,2.264846,1.781584
68.289635,0.508210,0.213983,1.570909,-0.036777,0.541151,-0.656000,-0.679098
68.322579,0.530536,0.156040,1.588019,-0.030682,0.544686,0.677685,-1.758834
68.375096,0.589280,0.078571,1.617424,-0.024521,0.550164,1.118572,-1.475129
68.413416,0.566682,0.026985,1.639572,-0.022499,0.554151,-0.589714,-1.346182
68.442985,0.736082,-0.035051,1.658833,-0.022618,0.554990,5.728984,-2.098029
68.481248,0.706825,-0.027186,1.686438,-0.023809,0.556078,-0.764629,0.205569
68.519579,0.762600,-0.000000,1.714600,-0.024330,0.557168,1.455088,0.709238
68.549157,0.708486,-0.035424,1.736356,-0.024854,0.558995,-1.829539,-1.197662
68.597791,0.716359,-0.151955,1.771004,-0.029410,0.562523,0.161876,-2.396074
68.636086,0.665574,-0.249590,1.797464,-0.037099,0.565301,-1.326153,-2.549548
68.665659,0.720567,-0.144113,1.817960,-0.042920,0.566712,1.859571,3.566654
68.719429,0.576480,0.139150,1.852832,-0.043054,0.568471,-2.679698,5.268061
68.757859,0.501784,0.306645,1.873550,-0.034488,0.569728,-1.943693,4.358448
68.787501,0.470333,0.180897,1.887958,-0.027262,0.570784,-1.061027,-4.242225
68.825831,0.447799,-0.111950,1.905554,-0.025941,0.571873,-0.587888,-7.640152
68.864137,0.476230,-0.280135,1.923252,-0.033450,0.572961,0.742200,-4.390578
68.893744,0.362110,-0.253477,1.935662,-0.041350,0.571189,-3.854463,0.900400
68.932034,0.446691,-0.195427,1.951147,-0.049944,0.568237,2.208953,1.516051
68.992457,0.387430,0.017610,1.976347,-0.055316,0.563578,-0.980775,3.525775
69.022159,0.500413,0.071488,1.989532,-0.053993,0.562651,3.803898,1.813926
69.060461,0.359281,-0.000000,2.005996,-0.052624,0.561563,-3.684729,-1.866422
69.098803,0.467958,-0.137635,2.021855,-0.055262,0.560473,2.834416,-3.589658
69.128366,0.535391,-0.107078,2.036686,-0.058880,0.561245,2.280992,1.033605
69.175579,0.448488,-0.000000,2.059912,-0.061407,0.563622,-1.840665,2.267981
69.213881,0.498895,0.110865,2.078056,-0.059284,0.565551,1.316043,2.894503
69.243493,0.467709,0.071956,2.092367,-0.056577,0.568609,-1.053139,-1.313985
69.281817,0.559742,-0.000000,2.112055,-0.055198,0.573270,2.401428,-1.877558
69.320118,0.620223,-0.140960,2.134652,-0.057898,0.577929,1.579109,-3.680311
69.349693,0.512964,-0.109921,2.151409,-0.061608,0.579325,-3.626661,1.049482
69.387970,0.567491,-0.113498,2.172087,-0.065884,0.580326,1.424534,-0.093459
69.426255,0.653955,-0.028433,2.195469,-0.068601,0.581328,2.258412,2.221912
69.455807,0.515042,0.073577,2.212742,-0.067934,0.581515,-4.700607,3.451878
69.513639,0.465647,0.149007,2.241100,-0.061497,0.579962,-0.854125,1.304291
69.552053,0.445888,0.055736,2.258607,-0.057565,0.578931,-0.514357,-2.428049
69.581732,0.359567,-0.000000,2.270560,-0.056738,0.574945,-2.908486,-1.877961
69.636117,0.489445,-0.097889,2.293647,-0.059400,0.568243,2.388120,-1.799928
69.674508,0.387654,-0.138448,2.310483,-0.063936,0.563511,-2.651434,-1.056464
69.704104,0.466418,-0.000000,2.323122,-0.065985,0.565270,2.661319,4.677923
69.742394,0.415466,0.055395,2.340005,-0.064924,0.568013,-1.330693,1.446734
69.780716,0.331685,0.082921,2.354321,-0.062274,0.570758,-2.186241,0.718275
69.810326,0.429891,0.071648,2.365597,-0.059986,0.570213,3.316666,-0.380707
69.848622,0.417727,-0.000000,2.381827,-0.058614,0.570257,-0.317631,-1.870912
69.886936,0.335821,-0.027985,2.396262,-0.059150,0.570300,-2.137776,-0.730409
69.916529,0.472135,-0.108954,2.408217,-0.061176,0.572504,4.606299,-2.736103
69.954816,0.421259,-0.056168,2.425320,-0.064337,0.574811,-1.328791,1.378699
69.993121,0.421254,-0.084251,2.441456,-0.067027,0.577120,-0.000147,-0.733128
70.022727,0.326810,-0.072624,2.452530,-0.069349,0.574835,-3.190002,0.392699
70.061006,0.336249,-0.112083,2.465220,-0.072884,0.571179,0.246569,-1.030811
70.099304,0.363255,-0.111771,2.478615,-0.077171,0.567521,0.705160,0.008143
70.128909,0.360696,-0.036070,2.489332,-0.079359,0.567606,-0.086453,2.557043
70.167202,0.416879,-0.000000,2.504219,-0.080050,0.567781,1.467203,0.941939
70.205490,0.470926,0.027702,2.521216,-0.079519,0.567955,1.411573,0.723511
70.235077,0.357332,0.035733,2.533468,-0.078581,0.565466,-3.839307,0.271444
70.284899,0.484878,0.042163,2.554449,-0.076640,0.560719,2.560031,0.129069
70.323299,0.598700,0.081641,2.575253,-0.074263,0.557060,2.964122,1.028060
70.352932,0.456704,0.035131,2.590891,-0.072533,0.553301,-4.791841,-1.569527
70.391226,0.568201,-0.054114,2.610515,-0.072897,0.548425,2.911606,-2.330539
70.429548,0.511274,-0.242182,2.631198,-0.078574,0.543546,-1.485480,-4.907571
70.459151,0.416669,-0.173612,2.644933,-0.084728,0.543051,-3.195797,2.316341
70.497430,0.481652,-0.026758,2.662127,-0.088563,0.542833,1.697631,3.836395
70.535736,0.479620,0.079936,2.680538,-0.087545,0.542615,-0.053055,2.785329
70.565338,0.376979,0.102813,2.693217,-0.084840,0.538201,-3.467374,0.772794
70.603629,0.313828,0.130761,2.706442,-0.080368,0.530891,-1.649248,0.729901
70.641976,0.283496,0.103089,2.717895,-0.075884,0.523570,-0.790981,-0.721619
70.671589,0.265001,0.132501,2.726016,-0.072396,0.517253,-0.624545,0.993194
70.709896,0.305594,0.127331,2.736945,-0.067419,0.510069,1.059664,-0.134964
70.748227,0.303710,-0.025309,2.748623,-0.065464,0.502881,-0.049138,-3.982148
70.777821,0.261608,-0.130804,2.756988,-0.067774,0.501034,-1.422658,-3.564755
70.827899,0.289720,-0.115888,2.770793,-0.073951,0.499157,0.561366,0.297858
70.866302,0.302116,-0.075529,2.782157,-0.077626,0.497717,0.322770,1.050935
70.894922,0.270175,-0.000000,2.790346,-0.078707,0.499710,-1.116010,2.639033
70.947413,0.314023,-0.000000,2.805679,-0.078707,0.504664,0.835347,0.000000
70.985717,0.304490,0.050748,2.817525,-0.077735,0.508302,-0.248890,1.324883
71.015285,0.263753,0.065939,2.825926,-0.076010,0.510123,-1.377737,0.513738
71.053564,0.358506,-0.000000,2.837835,-0.074748,0.512822,2.475322,-1.722577
71.091892,0.231444,0.025716,2.849141,-0.074255,0.515524,-3.315132,0.670940
71.121470,0.234196,0.066913,2.856027,-0.072886,0.517896,0.093053,1.392847
71.159742,0.285785,0.181864,2.865978,-0.068125,0.520900,1.347967,3.003505
71.198062,0.130360,0.182504,2.873951,-0.061144,0.523907,-4.055988,0.016704
71.227637,0.203061,0.101531,2.878882,-0.056944,0.525424,2.458185,-2.737889
71.265910,0.156862,-0.000000,2.885769,-0.055001,0.526643,-1.207093,-2.652799
71.304224,0.052214,-0.026107,2.889775,-0.055501,0.527863,-2.731318,-0.681394
71.333812,0.033764,0.067528,2.891046,-0.054888,0.525266,-0.623561,3.164639
71.372092,0.208130,0.182114,2.895676,-0.050110,0.521262,4.555012,2.993354
71.410424,0.207198,0.103599,2.903636,-0.044634,0.517252,-0.024318,-2.048286
71.440003,0.302184,-0.000000,2.911170,-0.043102,0.516486,3.211285,-3.502454
71.485416,0.131931,-0.021989,2.921027,-0.043601,0.516747,-3.749007,-0.484190
71.535928,0.198880,-0.000000,2.929382,-0.044156,0.517038,1.325421,0.435313
71.565625,0.136232,0.034058,2.934358,-0.043651,0.519609,-2.109568,1.146854
71.603936,0.160557,-0.000000,2.940043,-0.042998,0.524357,0.634925,-0.888990
71.642250,0.244050,-0.000000,2.947794,-0.042998,0.529105,2.179165,0.000000
71.671814,0.213200,-0.177666,2.954553,-0.045624,0.540266,-1.043489,-6.009555
71.710093,0.222969,-0.167227,2.962901,-0.052225,0.555634,0.255199,0.272730
71.748421,0.113052,-0.310893,2.969341,-0.061388,0.571022,-2.867787,-3.748352
71.777981,0.111890,-0.149188,2.972666,-0.068188,0.578094,-0.039297,5.470424
71.829731,0.044421,-0.133262,2.976710,-0.075497,0.593331,-1.303762,0.307736
71.868139,0.092495,-0.061664,2.979339,-0.079240,0.604640,1.251681,1.864164
71.897737,0.081497,-0.081497,2.981914,-0.081359,0.614585,-0.371607,-0.670077
71.936033,0.064081,-0.000000,2.984702,-0.082919,0.625689,-0.454757,2.128069
71.974325,0.000000,-0.097773,2.985929,-0.084791,0.636792,-1.673486,-2.553350
72.003934,0.085503,-0.085503,2.987195,-0.087504,0.650013,2.887721,0.414413
72.042227,-0.033723,-0.370954,2.988186,-0.096244,0.668074,-3.113507,-7.454391
72.080566,0.103048,-0.137397,2.989515,-0.105989,0.686157,3.567419,6.091866
72.110139,0.091042,-0.000000,2.992385,-0.108020,0.700854,-0.405984,4.646044
72.162183,0.163362,0.299497,2.999005,-0.100227,0.731665,1.389594,5.754684
72.200607,0.191193,0.535340,3.005817,-0.084188,0.754414,0.724307,6.137914
72.230243,0.202940,0.456617,3.011657,-0.069489,0.769489,0.396395,-2.656341
72.268527,0.080396,0.482378,3.017081,-0.051515,0.786510,-3.200932,0.672892
72.306842,0.082178,0.410891,3.020195,-0.034402,0.803545,0.046521,-1.865752
72.336432,0.054119,0.378830,3.022212,-0.022718,0.822885,-0.948289,-1.083521
72.374702,0.085492,0.598448,3.024883,-0.004018,0.848260,0.819801,5.738655
72.413028,0.000000,0.479448,3.026521,0.016638,0.873672,-2.230662,-3.104954
72.442576,0.172341,0.114894,3.029068,0.025419,0.888389,5.832564,-12.337680
72.480859,0.226314,-0.000000,3.036698,0.027618,0.907196,1.409853,-3.001177
72.519181,0.461403,-0.553683,3.049876,0.017009,0.926024,6.134558,-14.448178
72.548778,0.609303,-0.670232,3.065721,-0.001103,0.944934,4.997146,-3.937878
72.587040,0.534863,-0.777983,3.087610,-0.028809,0.972649,-1.945527,-2.816137
72.625374,0.750373,-0.650323,3.112244,-0.056186,1.000415,5.621882,3.330214
72.654949,0.396204,-0.264137,3.129199,-0.069708,1.024640,-11.975259,13.057872
72.693218,0.466950,0.259417,3.145715,-0.069798,1.052889,1.848651,13.680889
72.731528,0.263395,0.737505,3.159704,-0.050702,1.081169,-5.313378,12.479440
72.775063,0.281998,0.610994,3.171576,-0.021349,1.095424,0.427305,-2.905958
72.813462,0.107621,0.107621,3.179057,-0.007552,1.106254,-4.541183,-13.109020
72.851823,0.271942,-0.271942,3.186337,-0.010704,1.117072,4.283546,-9.894485
72.881413,0.213738,-0.783706,3.193523,-0.026322,1.125959,-1.967009,-17.295166
72.919698,0.112089,-0.728576,3.199760,-0.055271,1.139848,-2.655061,1.439978
72.958024,0.000000,-0.512673,3.201908,-0.079057,1.153752,-2.924618,5.633343
72.987583,0.000000,-0.149002,3.201908,-0.088836,1.164242,0.000000,12.303208
73.025883,0.000000,0.173263,3.201908,-0.088371,1.174080,0.000000,8.414237
73.064224,-0.057950,0.521543,3.200797,-0.075052,1.183929,-1.511426,9.083740
73.093834,-0.150561,0.903367,3.197710,-0.053956,1.187701,-3.127706,12.895107
73.146277,0.000000,0.683748,3.193762,-0.012339,1.193799,2.870945,-4.187763
73.184691,0.000000,0.351426,3.193762,0.007543,1.198265,0.000000,-8.651076
73.214281,0.076333,-0.000000,3.194891,0.012743,1.202241,2.579698,-11.876502
73.252584,0.118683,-0.118683,3.198626,0.010470,1.208164,1.105646,-3.098525
73.290899,0.000000,-0.358167,3.200900,0.001334,1.214088,-3.097555,-6.250413
73.320525,0.077458,-0.464750,3.202047,-0.010856,1.218473,2.614545,-3.597596
73.358825,0.000000,-0.000000,3.203530,-0.019755,1.222841,-2.022415,12.134459
73.412562,0.000000,0.214573,3.203530,-0.013990,1.228970,0.000000,3.993017
73.442253,-0.155595,0.311189,3.201221,-0.006185,1.230304,-5.240482,3.254061
73.480585,-0.301962,0.422746,3.192451,0.007882,1.231915,-3.818398,2.910289
73.518916,-0.121053,0.544738,3.184344,0.026424,1.233527,4.719653,3.182577
73.548516,-0.235143,0.313523,3.179072,0.039126,1.233102,-3.854399,-7.811292
73.586817,-0.181276,0.181276,3.171097,0.048602,1.230969,1.406420,-3.452847
73.625125,-0.120529,-0.180794,3.165317,0.048611,1.228835,1.585744,-9.451543
73.654731,-0.077859,-0.700723,3.162380,0.035562,1.226625,1.441285,-17.561617
73.693017,-0.300606,-0.300606,3.155135,0.016394,1.224056,-5.817977,10.450752
73.731312,-0.060022,-0.000000,3.148230,0.010638,1.221487,6.282379,7.849735
73.760929,-0.077672,0.388358,3.146191,0.016389,1.221631,-0.595935,13.112688
73.799217,-0.060317,0.422217,3.143549,0.031906,1.223633,0.453260,0.884320
73.837529,0.000000,0.544627,3.142394,0.050427,1.225637,1.574371,3.195061
73.867129,0.000000,0.470882,3.142394,0.065457,1.227036,0.000000,-2.491370
73.905417,0.000000,0.242945,3.142394,0.079122,1.227950,0.000000,-5.953218
73.943732,0.000000,0.243031,3.142394,0.088432,1.228864,0.000000,0.002239
73.973320,0.236122,-0.000000,3.145887,0.092028,1.229132,7.980329,-8.213835
74.027351,0.086180,-0.301629,3.154594,0.083879,1.229025,-2.775109,-5.582518
74.065775,0.060581,-0.302904,3.157414,0.072265,1.228949,-0.666222,-0.033194
74.095384,0.078527,-0.392636,3.159473,0.061968,1.227483,0.606090,-3.030536
74.133651,0.060580,-0.363483,3.162135,0.047500,1.224611,-0.468992,0.761808
74.171973,0.060314,-0.542826,3.164451,0.030135,1.221734,-0.006939,-4.679893
74.201561,0.234024,-0.468049,3.168806,0.015180,1.221811,5.870971,2.527297
74.239839,0.241073,-0.602685,3.177898,-0.005313,1.222856,0.184151,-3.517329
74.278151,0.060185,-0.361111,3.183669,-0.023775,1.223901,-4.721443,6.305447
74.307735,0.155799,0.077899,3.186864,-0.027965,1.223693,3.231932,14.839443
74.346022,0.060137,0.120273,3.190998,-0.024171,1.223214,-2.498555,1.106742
74.384314,0.060072,-0.000000,3.193299,-0.021868,1.222735,-0.001675,-3.140950
74.413917,0.077612,-0.232835,3.195337,-0.025315,1.221503,0.592480,-7.865249
74.468137,0.000000,-0.253421,3.197441,-0.038497,1.218557,-1.431421,-0.379683
74.506542,0.000000,-0.178478,3.197441,-0.046791,1.216470,0.000000,1.951406
74.536124,0.000000,-0.000000,3.197441,-0.049430,1.216046,0.000000,6.033319
74.574415,0.000000,-0.000000,3.197441,-0.049430,1.216238,0.000000,0.000000
74.612712,0.000000,-0.238310,3.197441,-0.053994,1.216431,0.000000,-6.222685
74.644305,-0.072209,-0.577671,3.196301,-0.066883,1.215819,-2.285601,-10.741639
74.696867,-0.173339,-0.433347,3.189848,-0.093454,1.213947,-1.924005,2.745782
74.735207,-0.118681,0.178021,3.184250,-0.098348,1.212562,1.425609,15.945958
74.764794,-0.230527,0.768426,3.179084,-0.084347,1.212021,-3.780267,19.954866
74.803090,-0.178000,0.652667,3.171261,-0.057136,1.211542,1.371608,-3.022730
74.841426,-0.177712,0.533136,3.164443,-0.034407,1.211063,0.007532,-3.117986
74.870985,-0.076839,-0.000000,3.160681,-0.026527,1.211593,3.412594,-18.036337
74.909246,-0.237706,-0.118853,3.154663,-0.028801,1.212855,-4.204479,-3.106363
74.947536,-0.297228,-0.000000,3.144422,-0.031076,1.214119,-1.554509,3.104010
74.977129,-0.076993,-0.384961,3.138885,-0.036772,1.214966,7.442159,-13.008508
75.015419,-0.238377,-0.000000,3.132847,-0.044142,1.216185,-4.214796,10.053820
75.053721,-0.417657,0.357993,3.120283,-0.037287,1.217405,-4.680704,9.346583
75.083281,-0.387390,0.619825,3.108385,-0.022834,1.220831,1.023937,8.857646
75.121576,-0.360372,0.180186,3.094067,-0.007516,1.226318,0.705531,-11.480309
75.159883,-0.301499,-0.180900,3.081390,-0.007530,1.231807,1.536870,-9.426114
75.189469,-0.391586,-0.391586,3.071137,-0.015999,1.235161,-3.044935,-7.121154
75.227732,-0.303922,-0.364707,3.057831,-0.030468,1.239282,2.291084,0.702474
75.277481,-0.093956,-0.328847,3.047934,-0.047719,1.244641,4.220519,0.720821
75.307201,-0.236553,-0.473106,3.043022,-0.059637,1.248189,-4.798020,-4.853926
75.345506,-0.184126,-0.306878,3.034965,-0.074575,1.252629,1.368671,4.339601
75.383835,-0.430736,-0.430736,3.023182,-0.088711,1.257072,-6.434019,-3.231443
75.413386,-0.400014,-0.080003,3.010907,-0.096258,1.261345,1.039627,11.868722
75.451663,-0.371691,-0.061949,2.996138,-0.098974,1.266877,0.739935,0.471668
75.489944,-0.372756,-0.062127,2.981889,-0.101349,1.272410,-0.027812,-0.004641
75.519530,-0.322646,-0.161323,2.971602,-0.104655,1.275797,1.693685,-3.352822
75.557834,-0.188063,-0.313439,2.961821,-0.113747,1.281155,3.513546,-3.971282
75.596126,-0.252370,-0.126185,2.953388,-0.122164,1.286511,-1.679366,4.890167
75.625681,-0.409756,-0.000000,2.943603,-0.124029,1.289792,-5.325208,4.269494
75.663981,-0.316219,0.316219,2.929701,-0.117973,1.292013,2.442234,8.256364
75.702281,-0.442736,0.505983,2.915167,-0.102228,1.294235,-3.303312,4.954689
75.731896,-0.327630,0.573353,2.903760,-0.086246,1.295491,3.886724,2.274859
75.781915,-0.389842,0.341111,2.885816,-0.063376,1.299124,-1.243754,-4.643080
75.820305,-0.318630,0.191178,2.872217,-0.053158,1.301913,1.854962,-3.905530
75.849932,-0.413268,0.082654,2.861375,-0.049102,1.302939,-3.194321,-3.662999
75.900138,-0.340722,-0.048675,2.842448,-0.048249,1.302302,1.444956,-2.615804
75.938507,-0.445136,-0.127182,2.827372,-0.051623,1.301815,-2.721317,-2.046111
75.966159,-0.616957,-0.000000,2.812687,-0.053381,1.300690,-6.213684,4.599386
76.018614,-0.417073,0.231707,2.785567,-0.047304,1.296804,3.810592,4.417251
76.056937,-0.569783,0.569783,2.766657,-0.031946,1.293958,-3.984810,8.821743
76.086557,-0.491315,0.409429,2.750942,-0.017444,1.293311,2.649133,-5.413694
76.124866,-0.633984,0.126797,2.729388,-0.007173,1.293659,-3.724167,-7.377701
76.163210,-0.443983,-0.190279,2.708721,-0.008390,1.294008,4.955187,-8.269232
76.192794,-0.492990,-0.164331,2.694861,-0.013636,1.293625,-1.656564,0.877104
76.231090,-0.569568,-0.506281,2.674516,-0.026476,1.291666,-1.999612,-8.929153
76.269423,-0.567325,-0.189109,2.652725,-0.039805,1.289706,0.058512,8.274145
76.299038,-0.570234,-0.407311,2.635881,-0.048636,1.287627,-0.098251,-7.367967
76.337320,-0.440686,-0.000000,2.616531,-0.056432,1.285538,3.384055,10.639752
76.375633,-0.691241,0.439881,2.594847,-0.048006,1.283448,-6.539684,11.481242
76.405245,-0.487753,0.406461,2.577391,-0.035475,1.284051,6.871801,-1.128599
76.443556,-0.377284,-0.000000,2.560821,-0.027689,1.285574,2.883493,-10.609505
76.481892,-0.314433,-0.880414,2.547562,-0.044565,1.287099,1.639469,-22.965711
76.511530,-0.244171,-1.220855,2.539284,-0.075703,1.288143,2.370678,-11.486662
76.563267,-0.373396,-0.793466,2.523308,-0.127811,1.289968,-2.497727,8.260798
76.601682,-0.377460,-0.000000,2.508886,-0.143051,1.291323,-0.105799,20.655116
76.631321,-0.407979,0.652766,2.497247,-0.133378,1.292549,-1.029677,22.023875
76.669626,-0.505632,0.758448,2.479749,-0.106350,1.294247,-2.549374,2.758981
76.707979,-0.315967,0.695127,2.463993,-0.078475,1.295946,4.945256,-1.651026
76.737571,-0.656067,1.230126,2.449611,-0.049989,1.297428,-11.492960,18.079176
76.775892,-0.507820,1.079118,2.427310,-0.005743,1.299779,3.868536,-3.940597
76.814223,-0.254442,0.318052,2.412701,0.021035,1.302132,6.610262,-19.855093
76.843827,-0.576874,-0.247232,2.400396,0.022083,1.302228,-10.891499,-19.094861
76.882123,-0.572738,-0.509100,2.378383,0.007601,1.301096,0.108003,-6.837998
76.920444,-0.571748,-0.063527,2.356454,-0.003371,1.299964,0.025835,11.627373
76.950036,-0.493955,0.246978,2.340686,-0.000657,1.300887,2.628853,10.492867
76.988314,-0.574648,0.383099,2.320234,0.011402,1.303629,-2.108068,3.556115
77.026639,-0.319884,0.319884,2.303093,0.024873,1.306374,6.647458,-1.649434
77.056215,-0.331888,0.165944,2.293454,0.032058,1.307066,-0.405869,-5.204897
77.108261,-0.517718,-0.141196,2.271345,0.032702,1.306099,-3.570500,-5.901323
77.146669,-0.573231,-0.191076,2.250394,0.026321,1.305385,-1.445337,-1.298694
77.176124,-0.580769,-0.248902,2.233399,0.019841,1.304894,-0.255908,-1.963166
77.228610,-0.697325,-0.046488,2.199858,0.012089,1.304198,-2.220709,3.856520
77.266925,-0.763322,-0.000000,2.171876,0.011198,1.303694,-1.722480,1.213317
77.296512,-0.575672,-0.000000,2.152067,0.011198,1.302454,6.342306,0.000000
77.341382,-0.648221,-0.216073,2.124609,0.006351,1.299667,-1.616883,-4.815541
77.379678,-0.567739,-0.378493,2.101326,-0.005034,1.297289,2.101589,-4.241154
77.409268,-0.571147,-0.489555,2.084476,-0.017877,1.295871,-0.115181,-3.753364
77.447584,-0.568302,-0.505157,2.062647,-0.036933,1.295842,0.074253,-0.407200
77.485915,-0.379524,-0.379524,2.044481,-0.053889,1.295813,4.924954,3.277591
77.515506,-0.492809,-0.000000,2.031574,-0.059504,1.297505,-3.828373,12.825640
77.553823,-0.445916,0.127405,2.013590,-0.057063,1.300540,1.223814,3.325019
77.592128,-0.511954,-0.000000,1.995244,-0.054623,1.303573,-1.724017,-3.326061
77.621719,-0.662223,-0.248333,1.977872,-0.058297,1.301732,-5.078190,-8.392176
77.660016,-0.444608,-0.254062,1.956678,-0.067917,1.295332,5.682296,-0.149594
77.698317,-0.567578,-0.189193,1.937294,-0.076406,1.288930,-3.210623,1.693655
77.727908,-0.651255,-0.000000,1.919260,-0.079205,1.286417,-2.827780,6.393607
77.766206,-0.503495,-0.000000,1.897148,-0.079205,1.285841,3.858181,0.000000
77.818666,-0.643779,-0.091969,1.867055,-0.081617,1.285051,-2.674124,-1.753123
77.848370,-0.810859,-0.243257,1.845451,-0.086596,1.283502,-5.624825,-5.093203
77.886685,-0.688009,-0.250186,1.816736,-0.096049,1.279584,3.206312,-0.180824
77.925019,-0.684191,0.062200,1.790435,-0.099652,1.275664,0.099607,8.149038
77.954620,-0.963954,0.160659,1.766042,-0.096354,1.270928,-9.451129,3.326230
78.011415,-1.002189,-0.250547,1.710208,-0.098907,1.263238,-0.673220,-7.240191
78.049844,-0.739270,-0.369634,1.676747,-0.110823,1.258035,6.841698,-3.098880
78.079489,-0.875983,0.159269,1.652805,-0.113941,1.254398,-4.611671,17.841238
78.117822,-0.734725,0.551043,1.621933,-0.100327,1.248431,3.685020,10.220277
78.156141,-0.426234,0.548014,1.599690,-0.079270,1.242466,8.050594,-0.079047
78.185757,-0.472041,0.472041,1.586388,-0.064165,1.241499,-1.546697,-2.565278
78.224046,-0.244112,0.061028,1.572678,-0.053959,1.243283,5.952853,-10.734498
78.262384,-0.183376,-0.244501,1.564484,-0.057476,1.245069,1.584220,-7.969342
78.292011,-0.237691,-0.633843,1.558246,-0.070488,1.246872,-1.833297,-13.141471
78.331520,-0.237991,-0.059498,1.548849,-0.084184,1.248825,-0.007575,14.537083
78.369851,-0.184232,0.245643,1.540757,-0.080617,1.250720,1.402489,7.960685
78.399479,-0.318173,0.477260,1.533314,-0.069908,1.254019,-4.520774,7.817495
78.453553,-0.262123,0.567932,1.517625,-0.041649,1.260377,1.036559,1.676810
78.491996,-0.184664,0.492436,1.509037,-0.021267,1.264898,2.014905,-1.963849
78.521611,-0.320455,0.080113,1.501558,-0.012789,1.267692,-4.585220,-13.922749
78.559898,-0.436111,-0.000000,1.487074,-0.011255,1.272437,-3.020770,-2.092444
78.598221,-0.500612,-0.000000,1.469125,-0.011255,1.277187,-1.683101,0.000000
78.627816,-0.650265,0.406416,1.452095,-0.005241,1.280976,-5.056694,13.732574
78.666091,-0.693087,0.504064,1.426387,0.012183,1.284979,-1.118783,2.551229
78.704429,-0.630626,0.189188,1.401012,0.025472,1.288989,1.629224,-8.213143
78.734018,-0.491693,-0.000000,1.384408,0.028271,1.291645,4.695396,-6.393873
78.772287,-0.636950,-0.000000,1.362812,0.028271,1.295952,-3.795661,0.000000
78.810625,-0.575224,-0.000000,1.339576,0.028271,1.300267,1.610027,0.000000
78.840225,-0.662993,0.248623,1.321250,0.031951,1.301006,-2.965162,8.399429
78.878501,-0.639053,-0.000000,1.296332,0.036709,1.299091,0.625467,-6.495535
78.916839,-0.445328,-0.254473,1.275545,0.031831,1.297173,5.053077,-6.637612
78.946437,-0.905525,-0.658563,1.255554,0.018319,1.296829,-15.548257,-13.652624
79.006858,-0.565005,-0.524648,1.211129,-0.017427,1.298022,5.635785,2.216368
79.045274,-0.762078,-0.000000,1.185638,-0.027504,1.298780,-5.129948,13.657017
79.074937,-0.411419,0.329134,1.168233,-0.022623,1.299262,11.821423,11.095790
79.129500,-0.447778,0.179110,1.144793,-0.008757,1.300229,-0.666364,-2.749555
79.167919,-0.127276,-0.190914,1.133747,-0.008984,1.300909,8.342266,-9.631288
79.197542,-0.330693,-0.578712,1.126964,-0.020383,1.302840,-6.866872,-13.091124
79.235835,-0.321015,-0.449420,1.114486,-0.040068,1.306496,0.252745,3.376385
79.274183,-0.257435,-0.193076,1.103394,-0.052387,1.310158,1.657975,6.684692
79.303778,-0.167039,-0.250560,1.097113,-0.058952,1.312950,3.054424,-1.942366
79.342044,-0.258327,-0.452071,1.088975,-0.072396,1.315212,-2.385597,-5.266055
79.380388,-0.322187,-0.322187,1.077845,-0.087240,1.317479,-1.665464,3.387337
79.409968,-0.334121,-0.083530,1.068138,-0.093240,1.317685,-0.403442,8.068205
79.448228,-0.452178,-0.064596,1.053096,-0.096074,1.317990,-3.085646,0.494859
79.486559,-0.451460,-0.000000,1.035778,-0.097312,1.318295,0.018723,1.685222
79.516138,-0.501352,-0.167117,1.021686,-0.099783,1.317772,-1.686733,-5.649849
79.554419,-0.451530,-0.193513,1.003447,-0.106686,1.316640,1.301474,-0.689544
79.592730,-0.450756,-0.000000,0.986164,-0.110393,1.315507,0.020196,5.051116
79.622325,-0.499431,-0.000000,0.972103,-0.110393,1.314313,-1.644697,0.000000
79.660613,-0.513210,-0.064152,0.952717,-0.111621,1.312079,-0.359879,-1.675510
79.710538,-0.784156,-0.098020,0.920332,-0.115669,1.309165,-5.427059,-0.678369
79.740258,-0.658122,-0.246795,0.898900,-0.120793,1.306262,4.240733,-5.005909
79.778606,-1.021397,-0.000000,0.866696,-0.125525,1.303825,-9.473125,6.435672
79.816946,-0.831112,0.191795,0.831184,-0.121848,1.301387,4.963085,5.002490
79.846540,-0.743908,0.413282,0.807878,-0.112895,1.298358,2.946686,7.484171
79.884833,-0.824488,0.253689,0.777849,-0.100125,1.291569,-2.104301,-4.167677
79.923169,-0.817619,-0.000000,0.746373,-0.095262,1.284772,0.179181,-6.617518
79.952789,-0.810391,-0.081040,0.722262,-0.096462,1.279192,0.244037,-2.735975
79.991101,-0.998422,0.124803,0.687613,-0.095624,1.273011,-4.907906,5.372804
80.029439,-0.807391,0.931605,0.652997,-0.075374,1.266825,4.982814,21.044446
80.059047,-0.722060,1.042977,0.630355,-0.046142,1.262977,2.882029,3.761531
80.097351,-0.495161,1.052219,0.607043,-0.006015,1.258754,5.923629,0.241300
80.135681,-0.185200,0.246934,0.594004,0.018883,1.254529,8.086642,-21.009262
80.165285,-0.079934,-0.319735,0.590079,0.017806,1.255287,3.555829,-19.141643
80.203613,-0.185655,-0.680733,0.584989,-0.001367,1.257944,-2.758325,-9.418665
80.241958,0.000000,-0.620028,0.581430,-0.026306,1.260602,4.841695,1.583132
80.271540,-0.080489,-0.241468,0.580239,-0.039048,1.263507,-2.720884,12.796994
80.334108,-0.038145,-0.038145,0.576528,-0.047796,1.269292,0.676768,3.249622
80.372504,-0.062250,0.249001,0.574601,-0.043748,1.272842,-0.627788,7.478552
80.402134,-0.080880,0.404401,0.572480,-0.034068,1.277244,-0.628764,5.244680
80.440423,-0.314720,0.440609,0.564907,-0.017890,1.284427,-6.107246,0.945651
80.478733,-0.253057,0.253057,0.554031,-0.004603,1.291614,1.609577,-4.895635
80.508335,-0.246439,-0.000000,0.546638,-0.000858,1.295808,0.223589,-8.548660
80.546623,-0.127371,-0.127371,0.539482,-0.003296,1.300202,3.109789,-3.326660
80.584980,-0.063746,-0.191239,0.535816,-0.009407,1.304605,1.658764,-1.665095
80.614583,-0.082748,-0.413740,0.533648,-0.018361,1.306797,-0.641899,-7.516173
80.652893,-0.192196,-0.192196,0.528381,-0.029968,1.309279,-2.856900,5.782943
80.691228,-0.449032,-0.000000,0.516091,-0.033652,1.311762,-6.699776,5.013589
80.720817,-0.249768,0.083256,0.505752,-0.032420,1.313868,6.734384,2.813750
80.759099,-0.322629,0.322629,0.494796,-0.024651,1.316871,-1.903263,6.252881
80.797432,-0.452306,-0.000000,0.479943,-0.018467,1.319878,-3.382919,-8.416478
80.827016,-0.251181,-0.000000,0.469537,-0.018467,1.319067,6.798441,0.000000
80.865292,-0.451628,-0.258073,0.456087,-0.023406,1.315869,-5.236874,-6.742424
80.915814,-0.438159,-0.048685,0.433610,-0.031155,1.311647,0.266594,4.144494
80.945521,-0.495399,-0.165132,0.419743,-0.034331,1.308283,-1.926805,-3.919867
80.983827,-0.446337,-0.000000,0.401706,-0.037494,1.303493,1.280777,4.310876
81.022135,-0.444428,-0.000000,0.384645,-0.037494,1.298703,0.049828,0.000000
81.051679,-0.246235,0.082078,0.374442,-0.036282,1.294686,6.708421,2.778169
81.089982,-0.315454,-0.000000,0.363685,-0.034710,1.289720,-1.807152,-2.142867
81.128279,-0.188648,0.062883,0.354032,-0.033506,1.284755,3.311134,1.641970
81.157883,0.000000,0.487815,0.351240,-0.025354,1.284506,6.372367,14.353901
81.196185,0.000000,-0.062994,0.351240,-0.017218,1.286379,0.000000,-14.380695
81.234475,0.126334,-0.379003,0.353658,-0.025680,1.288252,3.299410,-8.253049
81.264039,0.081956,-0.901509,0.356737,-0.044609,1.290542,-1.501110,-17.673712
81.302310,0.190327,-0.380654,0.361948,-0.069144,1.293459,2.831689,13.609639
81.340620,0.127021,-0.190531,0.368026,-0.080085,1.296379,-1.652463,4.962752
81.370157,0.082471,-0.082471,0.371120,-0.084117,1.298000,-1.508291,3.658475
81.408423,0.127428,-0.000000,0.375136,-0.085695,1.299655,1.174860,2.155201
81.446702,0.063748,0.063748,0.378795,-0.084474,1.301310,-1.663588,1.665342
81.476263,-0.082660,0.330642,0.378516,-0.078645,1.303087,-4.952734,9.028596
81.514556,0.000000,0.063989,0.376933,-0.071089,1.306059,2.158623,-6.963482
81.566353,0.000000,0.094970,0.376933,-0.066973,1.310080,0.000000,0.598112
81.596045,0.000000,-0.000000,0.376933,-0.065563,1.310739,0.000000,-3.198495
81.648092,0.000000,-0.094326,0.376933,-0.068017,1.309639,0.000000,-1.812318
81.686466,-0.063851,-0.000000,0.375708,-0.069827,1.308828,-1.663916,2.458063
81.716085,0.000000,0.165399,0.374762,-0.067378,1.308935,2.155749,5.584204
81.754387,0.000000,-0.000000,0.374762,-0.064210,1.310155,0.000000,-4.318274
81.792674,0.000000,-0.192416,0.374762,-0.067894,1.311374,0.000000,-5.025621
81.822252,0.000000,-0.249178,0.374762,-0.074424,1.311415,0.000000,-1.919063
81.860501,0.000000,-0.192639,0.374762,-0.082874,1.310893,0.000000,1.478187
81.898830,0.000000,-0.128123,0.374762,-0.089021,1.310370,0.000000,1.683201
81.928380,-0.083043,-0.000000,0.373535,-0.090914,1.309350,-2.810248,4.335817
81.966645,0.000000,-0.192119,0.371947,-0.094590,1.307608,2.170203,-5.020741
82.004933,0.000000,-0.063912,0.371947,-0.099491,1.305865,0.000000,3.348484
82.034489,0.000000,-0.000000,0.371947,-0.100436,1.304996,0.000000,2.162400
82.072780,0.000000,0.063771,0.371947,-0.099215,1.303994,0.000000,1.665425
82.111061,-0.063715,0.127429,0.370727,-0.095555,1.302993,-1.664401,1.662908
82.154562,0.000000,-0.000000,0.369341,-0.092784,1.302899,1.464677,-2.929325
82.192952,0.063555,-0.190666,0.370561,-0.096444,1.303207,1.655520,-4.966560
82.231262,0.063718,-0.191155,0.372999,-0.103757,1.303515,0.004244,-0.012766
82.260809,0.000000,-0.000000,0.373940,-0.106581,1.303750,-2.156497,6.469534
82.299069,-0.063889,0.319449,0.372718,-0.100470,1.304185,-1.669869,8.349413
82.337392,-0.191521,0.510724,0.367824,-0.084563,1.304621,-3.330425,4.991131
82.366956,0.000000,0.165629,0.364993,-0.074565,1.305688,6.478185,-11.672811
82.405229,-0.256136,-0.000000,0.360092,-0.071396,1.307169,-6.692337,-4.327559
82.443496,0.000000,-0.128216,0.355191,-0.073849,1.308650,6.693386,-3.350575
82.473073,-0.083048,-0.000000,0.353963,-0.075745,1.312109,-2.807853,4.335005
82.511373,-0.128565,0.257132,0.349910,-0.070821,1.317204,-1.188445,6.713627
82.549666,-0.322222,0.579998,0.341279,-0.054793,1.322299,-5.057225,8.431462
82.579271,0.000000,0.503282,0.336510,-0.038757,1.330513,10.884027,-2.591308
82.621231,0.120274,0.300685,0.339033,-0.021890,1.347074,2.866394,-4.828332
82.659528,0.133688,0.066844,0.343896,-0.014853,1.362190,0.350267,-6.105996
82.689075,0.000000,-0.000000,0.345871,-0.013865,1.373009,-4.524589,-2.262295
82.727372,0.067877,0.203630,0.347171,-0.009966,1.384462,1.772376,5.317128
82.765662,0.000000,0.751951,0.348470,0.008329,1.395913,-1.772700,14.320214
82.795370,0.000000,0.885767,0.348470,0.032655,1.408032,0.000000,4.504369
82.826327,0.343895,0.945710,0.353793,0.061004,1.424978,11.108806,1.936334
82.864647,0.142084,0.213126,0.363105,0.083207,1.452240,-5.266487,-19.117534
82.903002,0.653081,-0.507951,0.378354,0.077553,1.479528,13.322843,-18.800088
82.932617,0.761080,-0.665944,0.399294,0.060171,1.496349,3.646763,-5.334889
82.970920,0.816357,-0.519500,0.429504,0.037468,1.512979,1.443148,3.823306
83.009244,0.748318,-0.374159,0.459487,0.020343,1.529618,-1.775360,3.792427
83.038852,0.683775,-0.097682,0.480687,0.013358,1.543475,-2.179906,9.337924
83.077130,0.842225,0.076565,0.509893,0.012954,1.563275,4.139440,4.552147
83.115443,0.620038,0.310019,0.537905,0.020360,1.583092,-5.799266,6.093322
83.145053,0.709752,0.101393,0.557593,0.026451,1.603712,3.029875,-7.045782
83.183341,0.398176,-0.398176,0.578803,0.020769,1.631880,-8.137699,-13.047668
83.221641,0.565830,-0.646662,0.597264,0.000760,1.660058,4.377380,-6.487891
83.251246,0.105458,-0.632747,0.607200,-0.018178,1.671309,-15.550462,0.470012
83.289517,0.246222,-0.000000,0.613930,-0.030286,1.681316,3.678080,16.533341
83.327843,-0.247357,0.494712,0.613908,-0.020806,1.691337,-12.878438,12.908008
83.357449,0.000000,0.857430,0.610247,-0.000790,1.696934,8.354962,12.251483
83.395782,-0.083158,0.914732,0.608653,0.033176,1.703418,-2.169347,1.494850
83.449832,0.237422,0.415489,0.612822,0.069125,1.712560,5.931168,-9.236678
83.479521,0.760088,0.108584,0.627629,0.076905,1.721305,17.604705,-10.337352
83.517829,0.339385,-0.593922,0.648689,0.067609,1.734501,-10.982124,-18.338353
83.556121,0.684593,-0.599019,0.668294,0.044769,1.747692,9.015143,-0.133121
83.585704,0.555604,-1.222330,0.686638,0.017828,1.752235,-4.360217,-21.069888
83.623996,0.000000,-0.257441,0.697276,-0.010503,1.753933,-14.509675,25.198188
83.662287,0.257345,0.343128,0.702203,-0.008863,1.755631,6.720775,15.684321
83.691888,0.000000,0.555409,0.706012,0.004436,1.757879,-8.693801,7.171433
83.730199,0.086118,0.516708,0.707661,0.024973,1.762540,2.247865,-1.010191
83.768511,0.518440,0.345626,0.719242,0.041492,1.767200,11.284240,-4.465488
83.798066,0.336540,0.224359,0.731877,0.049915,1.769858,-6.154629,-4.103106
83.836372,0.086586,-0.000000,0.739981,0.054212,1.771907,-6.525193,-5.857010
83.874652,0.520077,0.086680,0.751592,0.055871,1.773953,11.324229,2.264363
83.904220,0.784936,0.112133,0.770885,0.058810,1.773386,8.957628,0.860844
83.942497,0.259194,-0.345593,0.790869,0.054342,1.771166,-13.735193,-11.958257
83.980819,0.430372,0.172149,0.804081,0.051019,1.768944,4.466818,13.510298
84.010391,-0.111504,0.446013,0.808796,0.060159,1.768138,-18.323936,9.260948
84.064545,0.366357,0.122120,0.815697,0.075542,1.769634,8.824115,-5.980975
84.102995,0.086169,-0.603181,0.824397,0.066294,1.770696,-7.287079,-18.863465
84.148750,0.579810,-0.724763,0.839633,0.035914,1.769283,10.788777,-2.657240
84.187191,0.000000,-0.516521,0.850777,0.012056,1.765556,-15.083105,5.417161
84.225506,0.172382,-0.086191,0.854079,0.000509,1.761841,4.499065,11.231387
84.255081,0.446057,-0.000000,0.863224,-0.000765,1.759997,9.253616,2.914314
84.293379,0.430020,0.172007,0.880000,0.002528,1.758037,-0.418753,4.491277
84.331686,0.515235,0.171744,0.898105,0.009112,1.756076,2.224517,-0.006857
84.361247,0.666792,-0.000000,0.915576,0.011651,1.754123,5.126926,-5.809826
84.399537,0.770480,-0.171218,0.943093,0.008373,1.751161,2.707985,-4.471608
84.437843,0.683080,-0.000000,0.970933,0.005094,1.748199,-2.281634,4.469740
84.467397,0.441929,0.220965,0.987557,0.008359,1.745055,-8.159690,7.476659
84.505694,0.340287,0.085072,1.002535,0.014219,1.740918,-2.654043,-3.548411
84.544014,0.169665,0.084833,1.012306,0.017474,1.736778,-4.452555,-0.006221
84.573584,0.439848,-0.000000,1.021318,0.018729,1.737181,9.137075,-2.868898
84.611891,1.447644,0.170310,1.057470,0.021991,1.740360,26.308400,4.445936
84.650225,0.426845,0.170738,1.093398,0.028527,1.743541,-26.629066,0.011149
84.679805,0.442732,0.221366,1.106259,0.034327,1.744347,0.537065,1.711565
84.729614,0.851799,-0.000000,1.138499,0.039840,1.742306,8.212718,-4.444295
84.768022,1.186708,-0.169529,1.177646,0.036584,1.740732,8.719769,-4.413904
84.797636,0.769523,-0.439728,1.206612,0.027563,1.742853,-14.087417,-9.124024
84.835929,0.767224,-0.596730,1.236036,0.007718,1.748123,-0.060043,-4.100021
84.874229,0.683700,-0.341851,1.263821,-0.010256,1.753393,-2.180795,6.654818
84.903794,0.222252,-0.000000,1.277213,-0.015309,1.757217,-15.607894,11.562680
84.942064,0.691788,0.518842,1.294703,-0.005381,1.764180,12.269038,13.557398
84.980407,0.434667,0.260799,1.316299,0.009566,1.771156,-6.705829,-6.729852
85.009980,0.677981,0.112998,1.332751,0.015093,1.773696,8.227578,-4.997844
85.048245,0.784989,-0.000000,1.360741,0.017255,1.772985,2.796513,-2.953030
85.086571,0.608817,0.260922,1.387451,0.022255,1.772273,-4.596691,6.807967
85.116146,0.900336,0.337626,1.409767,0.031106,1.771233,9.856955,2.593552
85.154421,0.693817,0.260182,1.440276,0.042547,1.769201,-5.395666,-2.023375
85.192710,0.778153,0.432307,1.468456,0.055804,1.767169,2.202628,4.495427
85.222305,0.782263,0.558758,1.491546,0.070469,1.767204,0.138861,4.272724
85.261823,0.418623,0.251174,1.515274,0.086473,1.768803,-9.201890,-7.783395
85.300131,1.296045,-0.000000,1.548117,0.091284,1.770353,22.904418,-6.556705
85.329744,0.335509,-0.559181,1.572275,0.083004,1.771347,-32.436296,-18.882960
85.379817,0.463661,-0.132474,1.592283,0.065688,1.773440,2.559307,8.521698
85.430069,0.727092,0.396596,1.622202,0.072324,1.775541,5.242192,10.528340
85.459729,1.007234,0.559574,1.647922,0.086504,1.775199,9.445117,5.494889
85.498031,0.518342,0.259171,1.677138,0.102184,1.772717,-12.764133,-7.843020
85.536330,0.775111,0.344494,1.701907,0.113744,1.770235,6.704322,2.227815
85.565931,0.222457,0.111228,1.716672,0.120488,1.767799,-18.670120,-7.880364
85.604216,0.257637,0.171759,1.725862,0.125906,1.765405,0.918903,1.581065
85.642520,0.428584,-0.085717,1.739004,0.127553,1.763009,4.462893,-6.721891
85.672085,0.554869,-0.110974,1.753542,0.124646,1.761059,4.271437,-0.854299
85.710382,0.256910,-0.000000,1.769087,0.122521,1.758969,-7.780220,2.897723
85.748674,0.513682,-0.171227,1.783840,0.119243,1.756878,6.705639,-4.471621
85.778239,0.664385,-0.110731,1.801255,0.115074,1.753626,5.097333,2.046202
85.816497,0.852791,-0.170558,1.830277,0.109694,1.747969,4.924616,-1.563771
85.867020,0.642854,-0.321427,1.868059,0.097265,1.740499,-4.155271,-2.986141
85.896625,0.876824,-0.000000,1.890554,0.092507,1.738481,7.903075,10.857183
85.934900,0.594211,0.339549,1.918706,0.099006,1.738132,-7.383770,8.871290
85.973228,0.679046,0.339523,1.943107,0.112019,1.737784,2.213415,-0.000665
86.002832,0.439872,0.329904,1.959669,0.121928,1.737932,-8.079112,-0.324920
86.041102,0.850967,-0.170193,1.984370,0.124984,1.737739,10.741950,-13.067605
86.092841,0.881638,-0.377845,2.029191,0.110807,1.737478,0.592817,-4.013444
86.122549,0.548713,-0.658457,2.050438,0.095414,1.738342,-11.206583,-9.445674
86.160843,0.681985,-0.426240,2.074002,0.074645,1.739952,3.480234,6.064042
86.199173,0.596954,-0.000000,2.098513,0.066476,1.741564,-2.218399,11.120277
86.228737,1.215250,0.220955,2.125301,0.069742,1.741624,20.913801,7.473790
86.267022,1.189931,-0.000000,2.171342,0.073972,1.739403,-0.661322,-5.771324
86.305313,0.761986,-0.000000,2.208712,0.073972,1.737182,-11.176119,0.000000
86.334883,0.437961,-0.109490,2.226453,0.072353,1.735955,-10.957919,-3.702744
86.373151,0.338621,-0.000000,2.241313,0.070258,1.736303,-2.595888,2.861141
86.411447,0.507868,0.084644,2.257521,0.071879,1.736652,4.419450,2.210261
86.441006,0.547799,0.109560,2.273123,0.074749,1.735159,1.350868,0.842934
86.479281,0.421643,-0.000000,2.291676,0.076846,1.731373,-3.296046,-2.862454
86.517612,0.671386,-0.251769,2.312625,0.072020,1.727580,6.515433,-6.568280
86.547177,0.544513,-0.326707,2.330599,0.063469,1.728361,-4.291311,-2.534699
86.585441,0.762073,-0.254024,2.355596,0.052359,1.733846,5.685755,1.899511
86.623740,0.595894,0.085127,2.381601,0.049124,1.739335,-4.338978,8.855356
86.653333,0.772035,0.661743,2.401841,0.060175,1.740427,5.952096,19.484886
86.691620,0.679151,0.764043,2.429622,0.087470,1.737043,-2.425992,2.671919
86.757454,0.637246,0.294113,2.472954,0.122301,1.731224,-0.636520,-7.138101
86.787193,1.194769,-0.000000,2.500195,0.126675,1.733338,18.747198,-9.889817
86.825465,0.425129,-0.000000,2.531193,0.126675,1.741504,-20.109736,0.000000
86.863792,0.598717,0.085532,2.550814,0.128314,1.749682,4.529129,2.231632
86.893361,0.443726,0.110932,2.566226,0.131218,1.750669,-5.241670,0.859000
86.931628,0.425705,0.170282,2.582861,0.136599,1.745329,-0.470936,1.550964
86.969944,0.675649,-0.000000,2.603961,0.139861,1.739981,6.523227,-4.444155
86.999527,0.655511,-0.000000,2.623651,0.139861,1.739568,-0.680730,0.000000
87.037809,0.423968,0.169586,2.644313,0.143107,1.744182,-6.048356,4.429923
87.076128,0.425396,0.595555,2.660586,0.157767,1.748799,0.037284,11.116393
87.105732,0.773034,0.552167,2.678325,0.174755,1.751261,11.742945,-1.465612
87.144021,0.684988,-0.171248,2.706238,0.182048,1.753699,-2.299531,-18.893550
87.182311,0.515164,-0.601025,2.729215,0.167263,1.756137,-4.435187,-11.224268
87.211912,0.555343,-0.888548,2.745059,0.145216,1.756236,1.357332,-9.713284
87.250196,0.599287,-0.599287,2.767161,0.116736,1.753623,1.147854,7.555657
87.288481,0.426725,-0.256034,2.786802,0.100363,1.751009,-4.507312,8.965721
87.318032,0.551950,-0.000000,2.801262,0.096580,1.749129,4.237607,8.664155
87.356275,0.511319,0.255659,2.821593,0.101469,1.747658,-1.062453,6.685129
87.408695,0.434641,0.310458,2.846387,0.116307,1.745641,-1.462761,1.045381
87.438380,0.548001,0.328801,2.860972,0.125795,1.745059,3.818751,0.617901
87.476668,0.679745,-0.000000,2.884476,0.132090,1.744740,3.440885,-8.587564
87.514974,0.679381,-0.000000,2.910507,0.132090,1.744421,-0.009503,0.000000
87.544535,0.660906,-0.000000,2.930317,0.132090,1.744733,-0.624983,0.000000
87.582814,1.108873,-0.170596,2.964190,0.128824,1.746416,11.702694,-4.456638
87.621118,0.256428,-0.341904,2.990338,0.119009,1.748101,-22.254733,-4.472339
87.650702,0.000000,-0.331957,2.994131,0.109041,1.747482,-8.667796,0.336232
87.688993,0.340732,-0.170365,3.000655,0.099424,1.743736,8.898497,4.220096
87.727281,0.339527,-0.000000,3.013678,0.096163,1.739991,-0.031486,4.449575
87.756872,0.438562,0.219282,3.025190,0.099407,1.737910,3.346810,7.410429
87.795167,0.677356,0.338677,3.046557,0.110090,1.736604,6.235632,3.117771
87.833473,0.592156,0.084593,3.070872,0.118197,1.735297,-2.224193,-6.633010
87.863034,0.438810,0.219406,3.086110,0.122691,1.735890,-5.187437,4.560499
87.901842,0.167603,0.419007,3.097877,0.135078,1.738306,-6.988441,5.143309
87.940126,0.596309,0.085187,3.112500,0.144730,1.740690,11.198047,-8.719568
87.969693,0.441255,-0.000000,3.127839,0.145989,1.740319,-5.244135,-2.881166
88.007963,0.254937,-0.084979,3.141160,0.144363,1.737159,-4.868531,-2.220524
88.086280,0.454047,-0.041277,3.168923,0.139419,1.730693,2.542364,0.558020
88.115946,0.652590,-0.000000,3.185338,0.138807,1.729115,6.692598,1.391391
88.154220,0.504896,-0.000000,3.207489,0.138807,1.727635,-3.858862,0.000000
88.192509,0.503775,-0.000000,3.226799,0.138807,1.726154,-0.029276,0.000000
88.222068,0.652448,0.217482,3.243887,0.142021,1.726424,5.029712,7.357558
88.260356,0.588609,0.168174,3.267646,0.149404,1.728384,-1.667334,-1.287827
88.298650,0.589474,0.084211,3.290203,0.154236,1.730344,0.022601,-2.192585
88.328244,0.873370,-0.000000,3.311849,0.155482,1.732645,9.593009,-2.845539
88.366506,0.338886,-0.000000,3.335040,0.155482,1.736431,-13.969042,0.000000
88.404833,0.339439,-0.424300,3.348039,0.147351,1.740223,0.014427,-11.070527
88.434404,0.329840,-0.769629,3.357935,0.129699,1.739856,-0.324620,-11.677962
88.479393,0.359285,-0.790428,3.373437,0.094606,1.734801,0.654499,-0.462304
88.517673,0.336161,-0.504243,3.386747,0.069826,1.730500,-0.604078,7.476097
88.547231,0.217851,-0.000000,3.394935,0.062374,1.729073,-4.002653,17.059432
88.585501,0.423921,0.084785,3.407215,0.063996,1.732874,5.384649,2.215442
88.623836,0.426482,0.255889,3.423516,0.070526,1.736682,0.066787,4.463379
88.653396,0.222059,0.222059,3.433101,0.077590,1.739141,-6.915502,-1.144427
88.691672,0.343522,0.085881,3.443925,0.083483,1.739595,3.173338,-3.557813
88.745832,0.304137,-0.000000,3.461464,0.085809,1.740237,-0.727199,-1.585682
88.775514,0.221912,0.110956,3.469271,0.087456,1.738527,-2.770204,3.738154
88.813816,0.000000,0.085758,3.473521,0.091223,1.734289,-5.793738,-0.657884
88.852114,0.256613,-0.085538,3.478435,0.091227,1.730051,6.700435,-4.472713
88.881673,0.221584,-0.332378,3.485502,0.085051,1.728905,-1.185047,-8.350730
88.919960,0.085724,-0.428621,3.491385,0.070482,1.729734,-3.548462,-2.513729
88.958240,0.171857,-0.085928,3.496315,0.060634,1.730562,2.250065,8.952253
88.987787,0.000000,-0.000000,3.498854,0.059364,1.729986,-5.816394,2.908197
89.026032,0.000000,0.344015,3.498854,0.065943,1.727871,0.000000,8.995030
89.080465,0.000000,0.362204,3.498854,0.085164,1.724862,0.000000,0.334160
89.110137,0.000000,0.221043,3.498854,0.093817,1.721322,0.000000,-4.757400
89.148422,0.000000,-0.000000,3.498854,0.098048,1.714790,0.000000,-5.773611
89.186697,-0.084858,-0.000000,3.497230,0.098048,1.708259,-2.217056,0.000000
89.216274,0.000000,-0.000000,3.495975,0.098048,1.706505,2.869047,0.000000
89.254535,-0.085301,0.085301,3.494343,0.099680,1.708812,-2.229448,2.229448
89.292842,0.000000,-0.085626,3.492710,0.099674,1.711123,2.226770,-4.462034
89.322408,0.111006,-0.222009,3.494350,0.095126,1.711934,3.754499,-4.612833
89.360664,0.085435,-0.085435,3.498108,0.089245,1.708874,-0.668393,3.569997
89.410430,0.065321,-0.000000,3.501859,0.087119,1.704893,-0.404185,1.716743
89.440118,0.000000,-0.000000,3.502829,0.087119,1.702913,-2.200242,0.000000
89.478403,0.000000,0.084575,3.502829,0.088738,1.701520,0.000000,2.209078
89.516701,0.000000,-0.000000,3.502829,0.090358,1.700126,0.000000,-2.208328
89.546250,0.000000,0.109751,3.502829,0.091979,1.704043,0.000000,3.714193
89.584515,0.000000,0.171317,3.502829,0.097357,1.714883,0.000000,1.608954
89.622834,-0.086445,0.086445,3.501173,0.102295,1.725739,-2.255937,-2.214882
89.652376,-0.112322,-0.000000,3.498237,0.103572,1.727045,-0.875914,-2.926182
89.690641,-0.086092,0.258276,3.494441,0.108514,1.720297,0.685471,6.749664
89.728948,0.000000,0.170746,3.492792,0.116731,1.713541,2.247421,-2.284971
89.758525,0.000000,0.440408,3.492792,0.125769,1.710325,0.000000,9.117319
89.799191,0.079785,0.079785,3.494414,0.136346,1.707881,1.961971,-8.867923
89.837492,0.168840,-0.084420,3.499175,0.136257,1.705580,2.325117,-4.287235
89.867037,0.109578,-0.219154,3.503288,0.131773,1.707019,-2.005818,-4.560304
89.905285,0.085277,-0.085277,3.507014,0.125951,1.713893,-0.635344,3.500231
89.943612,0.000000,-0.000000,3.508649,0.124317,1.720781,-2.224992,2.224992
89.973159,0.000000,-0.111250,3.508649,0.122673,1.721686,0.000000,-3.765181
90.011415,0.000000,-0.255853,3.508649,0.115651,1.715956,0.000000,-3.779870
90.049701,0.000000,-0.253731,3.508649,0.105896,1.710221,0.000000,0.055425
90.076849,0.000000,-0.118636,3.508649,0.100842,1.705893,0.000000,4.976219
90.129376,0.000000,0.061379,3.508649,0.099338,1.707315,0.000000,3.427095
90.167674,0.000000,0.168539,3.508649,0.103741,1.708588,0.000000,2.798066
90.197265,0.000000,-0.000000,3.508649,0.106234,1.709521,0.000000,-5.695625
90.235529,0.000000,0.084638,3.508649,0.107854,1.711259,0.000000,2.211959
90.273840,-0.084725,-0.084725,3.507026,0.107852,1.712999,-2.211506,-4.420751
90.301305,0.000000,-0.000000,3.505862,0.106688,1.714459,3.084836,3.084836
90.353824,0.000000,0.062455,3.505862,0.108328,1.722686,0.000000,1.189189
90.392119,-0.086215,-0.000000,3.504211,0.109524,1.728806,-2.251339,-1.630893
90.421678,-0.111884,-0.111884,3.501284,0.107871,1.730054,-0.868403,-3.785113
90.459972,0.000000,-0.000000,3.499141,0.105728,1.727266,2.921715,2.921715
