time,gyro x,gyro y,gyro z,accel x,accel y,accel z
48.031781,6.480659485,4.547225952,-4.545543671,0.184932381,-0.095396668,1.053096294
48.045920,5.267585754,-4.203689575,-5.354259491,0.183467537,-0.121275574,1.064204693
48.061321,5.023445129,-7.247817993,-5.125377655,0.177608162,-0.110289246,1.057124615
48.099634,4.313911438,-5.691421509,-2.447460175,0.153560311,-0.029722840,1.038569927
48.137985,0.628913879,-1.869094849,-1.707408905,0.156978279,-0.096495301,1.060908794
48.152244,0.262702942,-1.968276978,-1.692150116,0.155513436,-0.092100769,1.062251568
48.167663,-0.629936218,-1.632583618,-1.432750702,0.148433357,-0.033507019,1.055903912
48.205975,0.056709290,1.640426636,1.557971954,0.142818123,0.016541809,1.098384380
48.244249,0.277961731,-3.806961060,3.038074493,0.115352295,-0.022642761,1.115352154
48.258536,0.026191711,-6.912124634,1.847888947,0.105586670,0.004823059,1.114863873
48.273907,-0.637565613,-11.306655884,0.260974884,0.099239014,0.016419739,1.122676373
48.312214,-5.116020203,-13.435256958,-1.676891327,0.098384522,0.023011535,1.089107037
48.350564,-4.063163757,-12.123001099,3.083850861,0.126826912,0.043885559,1.050776958
48.364878,-3.803764343,-16.693008423,4.045154572,0.117549561,0.019105285,1.033687115
48.380113,-4.589591980,-20.568740845,5.098011017,0.105220459,-0.047056824,0.990352154
48.418469,-0.996147156,-25.680435181,2.473499298,0.051143311,-0.033262879,0.960689068
48.456813,-4.154716492,-11.314285278,-0.387523651,0.071529053,-0.052305847,1.002437115
48.471087,-5.947624207,-7.766616821,-1.425121307,0.070186280,0.010194153,0.997310162
48.486323,-7.366691589,0.236618042,-0.265453339,0.086909913,0.034974426,0.973628521
48.487040,-7.366691589,0.236618042,-0.265453339,0.086909913,0.034974426,0.973628521
48.487638,-7.366691589,0.236618042,-0.265453339,0.086909913,0.034974426,0.973628521
48.488273,-7.366691589,0.236618042,-0.265453339,0.086909913,0.034974426,0.973628521
48.488864,-7.366691589,0.236618042,-0.265453339,0.086909913,0.034974426,0.973628521
48.489490,-7.366691589,0.236618042,-0.265453339,0.086909913,0.034974426,0.973628521
48.490082,-7.366691589,0.236618042,-0.265453339,0.086909913,0.034974426,0.973628521
48.490712,-7.366691589,0.236618042,-0.265453339,0.086909913,0.034974426,0.973628521
48.491310,-7.366691589,0.236618042,-0.265453339,0.086909913,0.034974426,0.973628521
48.545573,-2.712760925,10.696517944,4.197742462,0.136348397,0.011414856,0.910029888
48.584046,3.802742004,-1.121414185,4.029895782,0.136104256,-0.080382019,0.942500591
48.598331,3.947700500,-4.798782349,3.595020294,0.130611092,-0.091002136,0.952632427
48.613742,3.505195618,-9.101760864,3.053333282,0.117549561,-0.095152527,0.960200787
48.652079,1.063789368,-8.315933228,4.724170685,0.100459717,-0.070860535,0.963496685
48.690349,1.353706360,-6.423843384,5.098011017,0.097285889,-0.042540222,0.959712505
48.704657,1.780952454,-4.707229614,6.097461700,0.095698975,-0.043882996,0.975215435
48.720040,1.597846985,-4.386795044,5.967761993,0.094234131,-0.068297058,0.983394146
48.758383,2.131904602,-3.394973755,4.991199493,0.097285889,-0.050108582,0.994380474
48.796672,1.994575500,4.341232300,8.485462189,0.103023194,-0.060484558,1.051997662
48.810960,0.300849915,3.021347046,7.524158478,0.091060303,-0.054503113,1.063472271
48.826181,0.506843567,0.946151733,6.364490509,0.089107178,-0.039366394,1.065913677
48.864540,1.376594543,-1.136672974,8.271839142,0.075923584,0.021668762,1.048945904
48.902938,0.186408997,-14.762771606,6.303455353,0.072261475,-0.045591980,1.084834576
48.917068,0.377143860,-19.409072876,5.479480743,0.067012452,-0.023375183,1.081660748
48.932295,0.895942688,-26.496780396,4.014636993,0.059810303,-0.025816590,1.074336529
48.970702,-0.324760437,-24.886978149,3.007556915,0.046382569,0.027406067,1.053462505
49.009084,-0.881706238,-9.132278442,2.069141388,0.050777100,0.018006653,1.025996685
49.040628,-1.385246277,5.554306030,-0.028942108,0.072749756,0.002259582,1.008906841
49.055092,-1.972709656,10.337936401,-0.006053925,0.084468506,-0.010801941,1.014155865
49.093349,-4.498039246,20.012008667,1.245166779,0.110591553,-0.025450379,0.985957623
49.131698,0.300849915,6.919967651,-2.279613495,0.143916756,-0.076841980,0.965205669
49.146057,0.483955383,2.945053101,-2.149913788,0.151851326,-0.077818543,0.960689068
49.161317,3.062690735,-0.587356567,-0.280712128,0.153316170,-0.031065613,0.954951763
49.199691,4.168952942,-4.089248657,4.624988556,0.147090584,-0.048765808,0.989863873
49.237848,0.972236633,-17.104995728,0.795032501,0.125484139,-0.084166199,1.016963482
49.252222,-0.462089539,-17.097366333,0.177051544,0.123531006,-0.084288269,1.011836529
49.267505,-3.216300964,-12.496841431,1.550342560,0.126216561,-0.061339051,0.991206646
49.305916,-4.604850769,-8.811843872,2.725269318,0.137569100,-0.072691590,0.971187115
49.344304,-1.843009949,-14.808547974,-0.692699432,0.150874764,-0.057921082,0.958247662
49.358443,-0.462089539,-12.939346313,0.436450958,0.149531990,-0.081968933,0.967158794
49.373708,-0.507865906,-11.100662231,1.283313751,0.143428475,-0.090880066,0.975337505
49.412106,-0.851188660,-6.599319458,0.276233673,0.134151131,-0.090880066,0.992305279
49.462149,0.606025696,-2.860916138,-0.089977264,0.115230225,-0.043394715,1.008296490
49.476355,0.606025696,-0.015151978,-0.517223358,0.110713623,-0.012510926,1.013789654
49.491847,1.506294250,1.770126343,-0.379894257,0.110713623,-0.012266785,1.023555279
49.529991,1.666511536,0.602828979,-2.958629608,0.112666748,-0.058531433,1.062007427
49.568436,-1.598869324,-1.350296021,-5.049083710,0.126338631,-0.055479676,1.059443951
49.582576,-2.018486023,-0.572097778,-4.995677948,0.132686287,-0.031309754,1.047969341
49.598061,-2.460990906,1.411544800,-3.225658417,0.148311287,0.003602356,1.037593365
49.636361,2.124275208,-5.607498169,-1.448009491,0.147700936,0.039979309,0.995112896
49.674705,6.778205872,-19.485366821,-2.020214081,0.139033943,-0.068419129,0.991572857
49.689014,7.098640442,-21.118057251,-2.226207733,0.131953865,-0.061827332,0.994380474
49.704463,6.427253723,-19.851577759,-1.180980682,0.119502686,-0.022398621,1.001216412
49.742831,3.848518372,-12.809646606,0.558521271,0.099116944,0.024354309,0.990962505
49.780985,3.512825012,-2.502334595,-0.135753632,0.103877686,-0.024351746,0.966060162
49.795354,3.772224426,2.990829468,1.054431915,0.115230225,-0.062437683,0.962520123
49.810618,3.489936829,4.547225952,2.214099884,0.122920655,-0.082945496,0.965816021
49.811358,3.489936829,4.547225952,2.214099884,0.122920655,-0.082945496,0.965816021
49.811964,3.489936829,4.547225952,2.214099884,0.122920655,-0.082945496,0.965816021
49.812601,3.489936829,4.547225952,2.214099884,0.122920655,-0.082945496,0.965816021
49.813203,3.131355286,4.417526245,1.794483185,0.124141358,-0.102598816,0.965449810
49.813834,3.131355286,4.417526245,1.794483185,0.124141358,-0.102598816,0.965449810
49.814437,3.131355286,4.417526245,1.794483185,0.124141358,-0.102598816,0.965449810
49.815073,3.131355286,4.417526245,1.794483185,0.124141358,-0.102598816,0.965449810
49.815660,3.131355286,4.417526245,1.794483185,0.124141358,-0.102598816,0.965449810
49.816298,3.131355286,4.417526245,1.794483185,0.124141358,-0.102598816,0.965449810
49.816893,3.131355286,4.417526245,1.794483185,0.124141358,-0.102598816,0.965449810
49.817526,3.131355286,4.417526245,1.794483185,0.124141358,-0.102598816,0.965449810
49.855725,2.109016418,0.900375366,-0.059459686,0.149409920,-0.099913269,0.985591412
49.894138,0.674690247,-2.929580688,3.747608185,0.165279061,-0.064146668,0.996455669
49.908289,-0.790153503,-6.805313110,3.999378204,0.163936287,-0.095274597,1.003291607
49.923548,-1.026664734,-15.266311646,3.129627228,0.160274178,-0.066588074,0.993281841
49.961952,0.461067200,-16.601455688,4.556324005,0.162349373,-0.049864441,0.982905865
50.000343,2.742256165,-10.726821899,8.561756134,0.141597420,-0.056578308,0.962520123
50.014492,3.962959290,-12.077224731,7.081653595,0.136592537,-0.103331238,0.985225201
50.029876,3.955329895,-11.321914673,7.531787872,0.126460701,-0.095152527,0.990596294
50.080088,2.337898254,-3.646743774,8.165027618,0.126460701,-0.048521668,1.005000591
50.118521,1.780952454,-10.574234009,7.806446075,0.142329842,-0.070982605,0.979365826
50.132822,2.894844055,-15.479934692,6.265308380,0.131831795,-0.102476746,0.970454693
50.148277,2.704109192,-16.952407837,6.066944122,0.124019288,-0.080382019,0.966426373
50.148990,2.704109192,-16.952407837,6.066944122,0.124019288,-0.080382019,0.966426373
50.149589,2.704109192,-16.952407837,6.066944122,0.124019288,-0.080382019,0.966426373
50.187888,5.626167297,-18.165481567,6.318714142,0.136958748,0.028138489,0.986445904
50.226157,12.195075989,-8.079421997,8.165027618,0.102656983,0.179871887,0.906001568
50.253699,12.965644836,1.609909058,10.202075958,0.096431397,0.063416809,0.921992779
50.267896,15.895332336,2.349960327,9.210254669,0.098872803,0.077943176,0.912593365
50.306192,23.601020813,4.295455933,3.183032990,0.080684327,0.075501770,1.022700787
50.344564,6.793464661,14.503585815,4.823352814,0.116450928,0.025697082,1.074702740
50.358692,4.092658997,16.800033569,5.441333771,0.116939209,0.058411926,1.037959576
50.374086,4.924263000,13.382064819,3.930713654,0.120479248,0.086243957,0.993648052
50.412372,10.081733704,7.614242554,6.829883575,0.116328858,0.180604309,0.903071880
50.450725,21.457160950,-17.600906372,0.016834259,0.106563233,0.031312317,0.964961529
50.464878,21.617378235,-22.872817993,-0.807140350,0.100825928,0.034852356,0.993525982
50.480288,20.350898743,-29.449356079,-0.456188202,0.092403077,-0.026549011,1.043696880
50.480980,20.350898743,-29.449356079,-0.456188202,0.092403077,-0.026549011,1.043696880
50.519182,10.562385559,-30.746353149,-7.810924530,0.080196045,-0.059996277,1.043941021
50.557523,10.791267395,-1.235855103,-6.796215057,0.126704842,0.001649231,1.039912701
50.571806,3.703559875,22.781478882,0.756885529,0.166865975,-0.007383972,1.110835552
50.599450,-1.713310242,27.732955933,4.541065216,0.162959725,0.020081848,1.132686138
50.637984,-2.018486023,3.189193726,-3.378246307,0.192256600,-0.003477722,1.210811138
50.676279,-7.198844910,-4.859817505,0.009204865,0.164912850,0.084534973,1.188350201
50.690565,-6.664787292,-9.864700317,-0.768993378,0.143794686,0.090638489,1.139400005
50.705778,-4.505668640,-12.176406860,-1.898143768,0.135982186,0.077088684,1.140498638
50.744187,-10.845695496,-10.032546997,-2.157543182,0.137569100,-0.030089051,1.171260357
50.782589,-13.783012390,-4.363906860,-2.088878632,0.107906006,0.055116028,1.065303326
50.796736,-13.180290222,-4.424942017,-4.499767303,0.109004639,0.051453918,1.046382427
50.812121,-12.424980164,-0.251663208,-4.896495819,0.119868897,0.111268371,1.018672466
50.812807,-12.424980164,-0.251663208,-4.896495819,0.119868897,0.111268371,1.018672466
50.851047,-7.084403992,7.721054077,1.649524689,0.136348397,0.147401184,0.938838482
50.889442,-2.796684265,-15.785110474,-2.317760468,0.157710701,-0.029722840,0.985469341
50.903598,-3.490959167,-20.851028442,-2.729747772,0.156001717,-0.001036316,0.972041607
50.918992,-2.934013367,-24.787796021,-1.104686737,0.150874764,0.066102356,0.918818951
50.957339,1.986946106,-21.026504517,-0.242565155,0.133540779,0.035340637,0.893306255
50.995743,4.153694153,-7.125747681,3.190662384,0.145503670,0.053773254,0.877437115
51.010032,5.053962708,-4.104507446,4.151966095,0.141231209,0.045594543,0.890620708
51.025266,7.121528625,-2.708328247,3.518726349,0.141841561,0.034119934,0.919307232
51.063702,1.864875793,-5.821121216,2.587940216,0.173213631,-0.053404480,1.001216412
51.115610,1.735176086,-3.822219849,7.478382111,0.152217537,-0.027525574,0.971553326
51.129967,1.063789368,-5.554092407,7.508899689,0.151729256,-0.022764832,0.986323833
51.145385,-0.393424988,-9.895217896,8.454944611,0.137080818,0.004700989,0.989497662
51.183735,2.948249817,-18.104446411,8.256580353,0.105830811,-0.010069519,0.986690044
51.222062,1.872505188,-24.940383911,5.212451935,0.084834717,-0.045103699,1.033931255
51.236383,0.155891418,-21.675003052,4.693653107,0.076411866,0.005921692,1.030147076
51.251652,-1.171623230,-19.180191040,2.946521759,0.073482178,0.012635559,1.010859966
51.303901,0.178779602,6.691085815,4.350330353,0.108272217,-0.060240418,1.092769146
51.342348,-6.954704285,8.270370483,1.863147736,0.116450928,-0.033507019,1.090083599
51.356628,-7.626091003,5.416976929,0.627185822,0.133296639,0.054383606,1.016597271
51.371867,-5.856071472,4.150497437,0.764514923,0.129634529,0.109803528,0.987178326
51.410298,0.628913879,-1.708877563,-3.019664764,0.108638428,0.096619934,1.011592388
51.448650,4.634346008,4.211532593,2.023365021,0.139644295,0.092835754,0.977900982
51.462930,7.861579895,6.599533081,3.854419708,0.149531990,-0.023985535,1.022944927
51.478314,5.870307922,6.141769409,0.611927032,0.158321053,-0.050474793,1.068110943
51.516635,-6.718193054,8.163558960,2.404834747,0.189815193,0.025208801,1.061397076
51.555031,-7.877861023,14.145004272,4.853870392,0.161494881,0.135682434,0.961665630
51.569186,-7.275138855,11.764633179,4.853870392,0.163448006,0.092957824,0.954341412
51.584625,-4.353080750,2.098190308,3.984119415,0.165767342,0.092469543,0.920650005
51.622983,6.816352844,-16.960037231,2.328540802,0.120235108,0.017152160,0.965571880
51.623690,6.816352844,-16.960037231,2.328540802,0.120235108,0.017152160,0.965571880
51.624312,6.816352844,-16.960037231,2.328540802,0.120235108,0.017152160,0.965571880
51.624950,6.816352844,-16.960037231,2.328540802,0.120235108,0.017152160,0.965571880
51.625558,6.816352844,-16.960037231,2.328540802,0.120235108,0.017152160,0.965571880
51.626188,6.816352844,-16.960037231,2.328540802,0.120235108,0.017152160,0.965571880
51.626802,6.816352844,-16.960037231,2.328540802,0.120235108,0.017152160,0.965571880
51.627438,6.816352844,-16.960037231,2.328540802,0.120235108,0.017152160,0.965571880
51.628043,6.816352844,-16.960037231,2.328540802,0.120235108,0.017152160,0.965571880
51.628681,6.816352844,-16.960037231,2.328540802,0.120235108,0.017152160,0.965571880
51.629299,6.816352844,-16.960037231,2.328540802,0.120235108,0.017152160,0.965571880
51.629935,6.816352844,-16.960037231,2.328540802,0.120235108,0.017152160,0.965571880
51.630544,6.816352844,-16.960037231,2.328540802,0.120235108,0.017152160,0.965571880
51.631287,6.816352844,-16.960037231,2.328540802,0.120235108,0.017152160,0.965571880
51.669452,5.870307922,-28.114212036,0.787403107,0.102290772,0.055360168,0.934077740
51.683762,10.310615540,-29.991043091,-1.966808319,0.090572022,0.015687317,0.940913677
51.699125,9.402717590,-29.975784302,-3.660533905,0.092891358,-0.036802918,0.955440044
51.737517,3.222908020,-17.455947876,-5.270336151,0.104976319,-0.014097840,0.931025982
51.775878,4.558052063,1.190292358,-7.055614471,0.106197022,-0.033507019,0.972529888
51.790157,3.962959290,4.875289917,-7.521007538,0.124019288,-0.035338074,0.989009380
51.805524,0.056709290,10.749923706,-6.841991425,0.176875740,-0.079771668,1.001216412
51.806213,0.056709290,10.749923706,-6.841991425,0.176875740,-0.079771668,1.001216412
51.806803,0.056709290,10.749923706,-6.841991425,0.176875740,-0.079771668,1.001216412
51.807424,0.056709290,10.749923706,-6.841991425,0.176875740,-0.079771668,1.001216412
51.808008,0.056709290,10.749923706,-6.841991425,0.176875740,-0.079771668,1.001216412
51.846339,2.337898254,10.826217651,-4.614208221,0.162715584,0.044129699,0.991939068
51.898723,1.384223938,-15.037429810,-8.245800018,0.170528084,0.052308410,1.054194927
51.912947,4.138435364,-18.195999146,-6.605480194,0.147212654,0.057801574,1.035151958
51.928371,4.687751770,-19.035232544,-7.315013885,0.137691170,0.017274231,1.047603130
51.966744,-2.911125183,-10.856521606,-8.322093964,0.148067147,-0.079649597,1.115718365
52.005131,-4.520927429,6.591903687,-8.795116425,0.124385498,0.077821106,1.010249615
52.019300,-4.154716492,17.494308472,-7.620189667,0.155147225,0.057069153,1.025874615
52.034724,-5.634819031,21.988021851,-5.987499237,0.171382576,0.056458801,1.023433208
52.073121,2.612556458,12.802230835,0.253345490,0.186275154,0.177674621,0.941768169
52.111447,9.211982727,-22.575271606,-1.371715546,0.151851326,0.007386535,1.040400982
52.125732,7.884468079,-32.600296021,-1.768444061,0.148433357,-0.032896668,1.036860943
52.141153,9.356941223,-46.981704712,-4.171703339,0.106319092,0.046449035,1.003413677
52.193805,3.306831360,-26.267898560,-3.393505096,0.080073975,0.064027160,0.950557232
52.232204,7.266487122,4.181015015,-1.844738007,0.073360108,0.106141418,0.916377544
52.246491,8.746589661,7.339584351,-2.935741425,0.084102295,0.025819153,0.958735943
52.261725,4.519905090,9.864913940,-2.691600800,0.111079834,-0.053892761,1.021602154
52.300152,1.117195129,2.517807007,-1.531932831,0.130489022,0.029847473,0.941890240
52.338529,3.581489563,-4.386795044,-3.591869354,0.110835694,-0.031431824,0.991572857
52.352686,1.826728821,-5.233657837,-2.607677460,0.105342530,-0.016295105,0.986323833
52.368054,1.109565735,-10.665786743,-2.165172577,0.095454834,-0.016783386,0.939692974
52.406405,8.441413879,-25.321853638,-10.977123260,0.050044678,-0.028257996,1.012080669
52.444779,0.903572083,-20.835769653,-12.388561249,0.049068116,-0.028135926,1.027339458
52.458920,1.574958801,-16.364944458,-16.790721893,0.048213623,0.065858215,0.989497662
52.474338,3.329719543,-13.397109985,-18.423412323,0.057002686,0.043031067,0.996577740
52.512719,-3.216300964,9.765731812,-19.544933319,0.129512459,-0.016050965,1.081660748
52.551079,-5.657707214,25.261032104,-16.523693085,0.156856209,0.099427551,1.044429302
52.565228,-3.925834656,25.985824585,-18.637035370,0.154170662,0.108949035,1.057490826
52.580680,-1.553092957,28.183090210,-14.456127167,0.166988045,0.247742981,1.063594341
52.619027,-3.437553406,14.961349487,-12.609813690,0.237788826,0.194642395,1.100581646
52.619717,-3.437553406,14.961349487,-12.609813690,0.237788826,0.194642395,1.100581646
52.673747,0.033821106,-20.660293579,-14.021251678,0.208003670,0.041077942,1.026729107
52.688146,-0.889335632,-17.013442993,-8.901927948,0.188838631,0.112489074,1.008296490
52.703397,-1.179252625,-12.588394165,-7.574413300,0.167964607,0.154603332,0.997554302
52.741849,-1.575981140,-7.858169556,-4.957530975,0.135738045,0.099671692,0.954829693
52.780226,5.023445129,-20.728958130,-10.465953827,0.091548584,0.077821106,0.975825787
52.794365,4.275764465,-21.530044556,-9.771678925,0.085811280,0.061341614,0.984736919
52.809598,2.810920715,-21.797073364,-9.878490448,0.087520264,0.038270324,0.972163677
52.848061,6.434883118,-22.895706177,-11.946056366,0.064204834,0.121888489,0.902705669
52.886452,8.769477844,-29.067886353,-19.087169647,0.071040772,0.001893371,0.984614849
52.900591,6.511177063,-29.350173950,-20.407054901,0.072505616,0.001527160,0.988521099
52.915993,4.962409973,-23.582351685,-22.833202362,0.073115967,0.046815246,0.971187115
52.954360,0.438179016,-3.356826782,-23.916576385,0.099483155,0.072327942,1.002192974
52.992732,0.415290833,-5.134475708,-25.236461639,0.133540779,0.121400207,1.021358013
53.006882,1.239265442,-10.101211548,-26.518199921,0.127071053,0.087220520,1.031733990
53.022342,2.208198547,-15.243423462,-29.875133514,0.117549561,0.052552551,1.056392193
53.060680,-4.841362000,-22.910964966,-34.178112030,0.093501709,0.035706848,1.052119732
53.099025,-3.658805847,-12.649429321,-34.208629608,0.087764405,0.058656067,0.995601177
53.113293,-0.858818054,-14.472854614,-35.421703339,0.090327881,0.108460754,1.014155865
53.128739,-1.255546570,-19.531143188,-36.314342499,0.104854248,0.011781067,1.026484966
53.129444,-1.255546570,-19.531143188,-36.314342499,0.104854248,0.011781067,1.026484966
53.130047,-1.255546570,-19.531143188,-36.314342499,0.104854248,0.011781067,1.026484966
53.130679,-1.255546570,-19.531143188,-36.314342499,0.104854248,0.011781067,1.026484966
53.131286,-1.255546570,-19.531143188,-36.314342499,0.104854248,0.011781067,1.026484966
53.131908,-2.506767273,-25.733840942,-38.160655975,0.095088623,0.016908020,1.015132427
53.132509,-2.506767273,-25.733840942,-38.160655975,0.095088623,0.016908020,1.015132427
53.133132,-2.506767273,-25.733840942,-38.160655975,0.095088623,0.016908020,1.015132427
53.133730,-2.506767273,-25.733840942,-38.160655975,0.095088623,0.016908020,1.015132427
53.134355,-2.506767273,-25.733840942,-38.160655975,0.095088623,0.016908020,1.015132427
53.172620,1.452888489,-35.278213501,-46.705577850,0.046870850,0.062562317,0.947627544
53.226785,-4.414115906,-1.426589966,-45.515392303,0.088374756,0.083070129,0.890376568
53.240974,-2.697502136,7.385360718,-45.591686249,0.086421631,0.152772278,0.872554302
53.256243,2.414192200,20.118820190,-44.515941620,0.117793702,0.120545715,0.913081646
53.294701,3.505195618,13.885604858,-47.399852753,0.157344490,0.074769348,1.016963482
53.333138,3.428901672,-3.120315552,-53.907726288,0.131099373,0.088807434,0.912837505
53.347286,4.855598450,-1.457107544,-54.724071503,0.130000740,0.094910949,0.906367779
53.362685,3.177131653,2.090560913,-49.528453827,0.152705818,0.114564270,0.881953716
53.420126,9.410346985,-1.228225708,-60.766551971,0.129024178,0.179993957,0.964229107
53.458564,10.356391907,28.808700562,-50.405834198,0.196162850,0.220765442,0.995234966
53.472878,3.055061340,33.012496948,-45.851085663,0.250117928,0.108582824,1.034541607
53.488118,5.794013977,26.405441284,-43.623302460,0.245723397,0.161195129,1.028316021
53.526567,14.163459778,-11.703384399,-45.355175018,0.249751717,0.179871887,1.167720318
53.564867,4.268135071,-42.182815552,-46.736095428,0.181026131,0.106995910,1.073237896
53.579154,3.985847473,-34.385574341,-47.361705780,0.170528084,0.070985168,1.008174419
53.594377,3.314460754,-23.734939575,-43.569896698,0.171748787,0.113465637,1.004146099
53.632772,-0.111137390,7.583724976,-31.004283905,0.168452889,0.061951965,1.073115826
53.671139,-1.820121765,6.042587280,-38.847301483,0.188106209,0.111878723,1.067378521
53.685273,-1.217399597,8.239852905,-36.283824921,0.207881600,0.136781067,1.049922466
53.700527,-0.889335632,8.819686890,-33.171031952,0.225337654,0.093201965,1.045161724
53.738930,-3.346000671,-0.366104126,-35.299633026,0.211421639,0.005067199,1.114253521
53.777336,-9.312187195,-0.266921997,-32.080028534,0.231441170,-0.011778504,1.096553326
53.791488,-10.967765808,-10.131729126,-32.133434296,0.258662850,-0.018858582,1.088008404
53.806879,-11.242424011,-17.982376099,-33.354137421,0.257320076,-0.019713074,1.085322857
53.845199,-14.301811218,-23.727310181,-35.292003632,0.168452889,0.072083801,0.990474224
53.845888,-14.301811218,-23.727310181,-35.292003632,0.168452889,0.072083801,0.990474224
53.846488,-14.301811218,-23.727310181,-35.292003632,0.168452889,0.072083801,0.990474224
53.847112,-14.301811218,-23.727310181,-35.292003632,0.168452889,0.072083801,0.990474224
53.847730,-12.264762878,-18.844497681,-35.360668182,0.156489998,0.136414856,0.972529888
53.848357,-12.264762878,-18.844497681,-35.360668182,0.156489998,0.136414856,0.972529888
53.848965,-12.264762878,-18.844497681,-35.360668182,0.156489998,0.136414856,0.972529888
53.849584,-12.264762878,-18.844497681,-35.360668182,0.156489998,0.136414856,0.972529888
53.850185,-12.264762878,-18.844497681,-35.360668182,0.156489998,0.136414856,0.972529888
53.850805,-12.264762878,-18.844497681,-35.360668182,0.156489998,0.136414856,0.972529888
53.851409,-12.264762878,-18.844497681,-35.360668182,0.156489998,0.136414856,0.972529888
53.852028,-12.264762878,-18.844497681,-35.360668182,0.156489998,0.136414856,0.972529888
53.852627,-12.264762878,-18.844497681,-35.360668182,0.156489998,0.136414856,0.972529888
53.853254,-12.264762878,-18.844497681,-35.360668182,0.156489998,0.136414856,0.972529888
53.853849,-12.264762878,-18.844497681,-35.360668182,0.156489998,0.136414856,0.972529888
53.854475,-12.264762878,-18.844497681,-35.360668182,0.156489998,0.136414856,0.972529888
53.892674,-9.975944519,-13.069046021,-34.422252655,0.128169686,0.097718567,1.034541607
53.906950,-12.875114441,-18.951309204,-42.539928436,0.103267334,0.078065246,0.983882427
53.922411,-10.197196960,-19.073379517,-45.545909882,0.111323975,0.163148254,0.954951763
53.960709,-4.482780457,-5.302322388,-41.723583221,0.162715584,0.179505676,0.973628521
53.999017,-4.070793152,-18.180740356,-45.599315643,0.121699952,0.065980285,0.969722271
54.013294,-3.941093445,-26.496780396,-47.773693085,0.123408936,0.053651184,0.951655865
54.028736,1.574958801,-42.571914673,-54.510448456,0.126704842,0.143128723,0.949824810
54.067101,2.513374329,-41.862380981,-48.994396210,0.138179451,0.071961731,1.000972271
54.121717,2.032722473,-48.080337524,-54.144237518,0.106929444,0.074036926,1.071773052
54.135921,-0.797782898,-47.096145630,-55.181835175,0.132320076,0.028260559,1.078608990
54.151354,-2.560173035,-42.060745239,-52.564952850,0.152705818,-0.033018738,1.077998638
54.189695,-5.146537781,-36.262405396,-47.453258514,0.098506592,-0.033751160,0.981807232
54.228078,-2.209220886,-43.823135376,-58.119152069,0.067989014,-0.130919129,0.947261333
54.242234,-2.270256042,-39.100540161,-58.302257538,0.074947022,-0.077330261,0.935542583
54.257511,-1.659904480,-25.665176392,-54.731700897,0.094844483,0.039857239,0.952876568
54.319245,-8.053337097,-5.569351196,-56.791637421,0.177852303,-0.002257019,0.913203716
54.357675,-0.446830750,11.551010132,-54.144237518,0.221553475,-0.010924011,0.933589458
54.372025,-1.659904480,13.855087280,-54.388378143,0.243770272,-0.034361511,0.975703716
54.387269,-4.978691101,14.404403687,-54.060314178,0.276118904,-0.017882019,1.003657818
54.425721,-4.795585632,0.961410522,-53.892467499,0.273189217,-0.051207215,1.021358013
54.426412,-4.795585632,0.961410522,-53.892467499,0.273189217,-0.051207215,1.021358013
54.427017,-4.795585632,0.961410522,-53.892467499,0.273189217,-0.051207215,1.021358013
54.427644,-4.795585632,0.961410522,-53.892467499,0.273189217,-0.051207215,1.021358013
54.428249,-4.795585632,0.961410522,-53.892467499,0.273189217,-0.051207215,1.021358013
54.428858,-4.795585632,0.961410522,-53.892467499,0.273189217,-0.051207215,1.021358013
54.429469,-4.795585632,0.961410522,-53.892467499,0.273189217,-0.051207215,1.021358013
54.430091,-4.795585632,0.961410522,-53.892467499,0.273189217,-0.051207215,1.021358013
54.430684,-4.795585632,0.961410522,-53.892467499,0.273189217,-0.051207215,1.021358013
54.431316,-4.795585632,0.961410522,-53.892467499,0.273189217,-0.051207215,1.021358013
54.469559,-11.623893738,-18.081558228,-57.447765350,0.263179451,-0.086363465,1.016597271
54.483698,-13.172660828,-15.014541626,-55.303905487,0.261714607,-0.038756043,1.005122662
54.498977,-14.553581238,-14.343154907,-54.045055389,0.265742928,-0.023375183,1.002681255
54.537399,-12.669120789,-25.092971802,-54.518077850,0.253047615,-0.030577332,1.014522076
54.575776,-14.385734558,-22.643936157,-52.030895233,0.219356209,-0.051451355,1.012691021
54.589915,-13.859306335,-23.376358032,-52.450511932,0.211055428,-0.008970886,1.010737896
54.605304,-11.936698914,-27.145278931,-53.976390839,0.187617928,0.014832824,0.996699810
54.643644,-7.336174011,-29.266250610,-58.142040253,0.169307381,-0.004088074,0.951167583
54.681987,-2.102409363,-21.034133911,-60.636852264,0.177486092,0.150575012,1.066890240
54.696254,-5.154167175,-15.365493774,-58.874462128,0.176875740,0.161317199,1.078853130
54.711488,-7.587944031,-8.857620239,-57.241771698,0.167110115,0.194032043,1.070552349
54.749881,-8.198295593,-0.572097778,-55.059764862,0.145869881,0.072938293,0.993770123
54.750564,-8.198295593,-0.572097778,-55.059764862,0.145869881,0.072938293,0.993770123
54.751176,-8.198295593,-0.572097778,-55.059764862,0.145869881,0.072938293,0.993770123
54.751815,-7.671867371,-2.403152466,-57.142589569,0.148799568,0.032655090,0.984004498
54.752427,-7.671867371,-2.403152466,-57.142589569,0.148799568,0.032655090,0.984004498
54.753043,-7.671867371,-2.403152466,-57.142589569,0.148799568,0.032655090,0.984004498
54.753651,-7.671867371,-2.403152466,-57.142589569,0.148799568,0.032655090,0.984004498
54.754287,-7.671867371,-2.403152466,-57.142589569,0.148799568,0.032655090,0.984004498
54.754884,-7.671867371,-2.403152466,-57.142589569,0.148799568,0.032655090,0.984004498
54.755522,-7.671867371,-2.403152466,-57.142589569,0.148799568,0.032655090,0.984004498
54.756130,-7.671867371,-2.403152466,-57.142589569,0.148799568,0.032655090,0.984004498
54.756750,-7.671867371,-2.403152466,-57.142589569,0.148799568,0.032655090,0.984004498
54.757376,-7.671867371,-2.403152466,-57.142589569,0.148799568,0.032655090,0.984004498
54.758012,-7.671867371,-2.403152466,-57.142589569,0.148799568,0.032655090,0.984004498
54.758613,-7.671867371,-2.403152466,-57.142589569,0.148799568,0.032655090,0.984004498
54.759256,-7.671867371,-2.403152466,-57.142589569,0.148799568,0.032655090,0.984004498
54.809667,-8.526359558,1.594650269,-56.524608612,0.251094490,0.115418762,0.997676373
54.824074,-7.580314636,-2.311599731,-55.593822479,0.264278084,0.120179504,1.027339458
54.839476,-9.541069031,-4.493606567,-56.104991913,0.257564217,0.081361145,1.039058208
54.877761,-16.109977722,5.409347534,-53.320262909,0.222163826,0.100159973,0.901851177
54.916120,-4.391227722,9.727584839,-53.381298065,0.191890389,0.049012512,0.906123638
54.930238,-3.941093445,13.153182983,-55.006359100,0.183711678,0.036317199,0.948115826
54.945613,-5.535636902,14.824020386,-54.952953339,0.185664803,0.015076965,0.950557232
54.983968,-2.010856628,14.648544312,-57.012889862,0.188716561,0.069764465,0.921748638
55.022339,-3.468070984,5.508529663,-61.483715057,0.253780037,0.038270324,0.993159771
55.036625,-3.742729187,3.753768921,-60.125682831,0.275264412,0.069520324,0.996577740
55.051864,-4.345451355,-4.539382935,-57.112071991,0.277461678,0.090394348,1.008174419
55.090231,-6.214653015,-21.247756958,-62.216136932,0.191890389,0.051453918,1.006831646
55.128616,-10.143791199,-11.192214966,-59.118602753,0.220332772,0.127869934,0.987056255
55.142877,-10.166679382,-5.828750610,-53.961132050,0.206294686,0.169740051,1.000850201
55.158110,-10.250602722,-6.790054321,-53.045604706,0.183101326,0.152650207,1.008418560
55.196505,-9.022270203,-23.857009888,-57.882640839,0.144527107,0.086366028,0.997310162
55.234838,-3.201042175,-32.997024536,-60.156200409,0.150142342,0.034974426,0.985103130
55.249110,-3.422294617,-28.526199341,-61.811779022,0.159297615,-0.020079285,0.990230083
55.264507,-3.841911316,-23.322952271,-61.361644745,0.168330818,-0.024840027,0.981074810
55.302810,-4.330192566,-0.709426880,-56.913707733,0.175532967,-0.075621277,0.921382427
55.353397,9.059394836,2.311813354,-59.759471893,0.160152107,-0.108214051,0.905269146
55.367759,11.058296204,2.472030640,-59.599254608,0.179439217,-0.043150574,0.958980083
55.383161,9.715522766,3.051864624,-57.981822968,0.187739998,-0.035338074,0.976191998
55.421517,12.958015442,-0.518692017,-53.579662323,0.159785897,0.137269348,0.936030865
55.459895,16.810859680,-10.871780396,-55.181835175,0.169673592,0.012025207,1.013301373
55.474184,15.117134094,-10.749710083,-55.242870331,0.175288826,-0.021666199,1.020381451
55.489596,11.714424133,-5.950820923,-53.785655975,0.193233162,-0.056456238,1.040156841
55.527928,5.298103333,-2.929580688,-51.946971893,0.224849373,-0.030943543,1.085933208
55.566294,-0.042472839,-10.215652466,-50.428722382,0.252681404,-0.002989441,1.120234966
55.580572,-1.614128113,-10.963333130,-49.620006561,0.251094490,-0.006895691,1.123164654
55.595976,-3.918205261,-12.702835083,-48.712108612,0.244380623,-0.001768738,1.116206646
55.634297,-6.298576355,-8.094680786,-47.170970917,0.214229256,-0.008848816,1.088496685
55.672662,-6.008659363,-3.959548950,-43.821666718,0.214351326,-0.028746277,1.099605083
55.686804,-6.779228210,-1.441848755,-44.081066132,0.194453865,0.046082824,1.094111919
55.702194,-7.198844910,0.908004761,-43.531749725,0.195552498,0.097474426,1.095088482
55.702870,-7.198844910,0.908004761,-43.531749725,0.195552498,0.097474426,1.095088482
55.703476,-7.198844910,0.908004761,-43.531749725,0.195552498,0.097474426,1.095088482
55.704099,-7.198844910,0.908004761,-43.531749725,0.195552498,0.097474426,1.095088482
55.742324,-7.870231628,-3.944290161,-39.900157928,0.279292732,0.190614074,1.108272076
55.743018,-7.870231628,-3.944290161,-39.900157928,0.279292732,0.190614074,1.108272076
55.743632,-7.870231628,-3.944290161,-39.900157928,0.279292732,0.190614074,1.108272076
55.744266,-7.870231628,-3.944290161,-39.900157928,0.279292732,0.190614074,1.108272076
55.744877,-7.870231628,-3.944290161,-39.900157928,0.279292732,0.190614074,1.108272076
55.745496,-7.259880066,-8.422744751,-36.840770721,0.283931404,0.190369934,1.098384380
55.746101,-7.259880066,-8.422744751,-36.840770721,0.283931404,0.190369934,1.098384380
55.746727,-7.259880066,-8.422744751,-36.840770721,0.283931404,0.190369934,1.098384380
55.747336,-7.259880066,-8.422744751,-36.840770721,0.283931404,0.190369934,1.098384380
55.799195,-0.118766785,-37.788284302,-40.861461639,0.128291756,-0.003843933,1.013179302
55.813570,0.400032043,-37.078750610,-43.569896698,0.125362068,-0.001036316,1.001582623
55.828821,-2.445732117,-22.041213989,-39.099071503,0.136348397,0.012269348,0.968623638
55.867202,-1.575981140,8.461105347,-27.914379120,0.097652100,0.061585754,0.969844341
55.905478,-0.034843445,-10.978591919,-40.891979218,0.063960694,-0.076109558,0.968989849
55.919795,-0.729118347,-11.611831665,-42.784069061,0.073970459,-0.066588074,0.942622662
55.935216,-0.286613464,-3.707778931,-40.342662811,0.086543702,-0.004942566,0.920894146
55.973575,-1.247917175,7.125961304,-38.473461151,0.103145264,0.061463684,0.962031841
56.011949,1.162971497,-1.579177856,-42.921398163,0.110103272,-0.005430847,0.944453716
56.026088,-0.683341980,-5.737197876,-44.256542206,0.125117928,-0.042540222,0.983150005
56.041486,-2.209220886,-5.737197876,-44.531200409,0.136958748,-0.006651551,0.976558208
56.079805,-6.626640320,0.373947144,-42.677257538,0.176997811,0.008118957,0.949336529
56.118168,-5.100761414,-6.690872192,-43.119762421,0.221187264,0.066956848,0.954097271
56.132286,-3.071342468,-10.543716431,-42.692516327,0.241695076,0.049500793,0.962642193
56.147697,-4.734550476,-15.891921997,-40.800426483,0.268184334,0.012757629,0.987788677
56.186060,0.689949036,-34.583938599,-30.966136932,0.254146248,0.040223449,0.992793560
56.224396,5.771125793,-47.065628052,-34.674022675,0.157466561,-0.026793152,1.031978130
56.238655,3.993476868,-42.968643188,-35.765026093,0.148921639,-0.035216004,1.044917583
56.253916,1.574958801,-30.151260376,-31.599376678,0.145869881,0.022157043,1.047725201
56.306114,-0.034843445,-10.291946411,-27.906749725,0.169307381,0.053773254,0.959834576
56.344476,2.658332825,-4.402053833,-25.137279510,0.192622811,-0.088682801,0.952388287
56.358792,6.000007629,-2.441299438,-24.923656464,0.170039803,0.049378723,0.922236919
56.374039,11.287178040,3.563034058,-23.420665741,0.174556404,0.023133606,0.917476177
56.412448,10.295356750,4.074203491,-15.470836639,0.218257576,-0.019957215,1.029536724
56.450791,14.682258606,-16.555679321,-21.452281952,0.173579842,-0.036802918,1.012324810
56.465068,15.597785950,-13.976943970,-23.992870331,0.179683357,-0.030699402,1.052730083
56.480466,5.107368469,0.442611694,-13.799999237,0.244136482,-0.119444519,1.104976177
56.518771,0.857795715,2.273666382,-10.412548065,0.244136482,-0.070250183,1.090449810
56.557150,-4.253898621,-13.580215454,-7.704113007,0.227656990,-0.022886902,1.092036724
56.571300,-1.316581726,-22.872817993,-7.391307831,0.194453865,-0.007872254,1.064082623
56.586671,-0.507865906,-26.740921021,-9.962413788,0.175899178,-0.042296082,1.061275005
56.624987,-6.695304871,-10.253799438,-5.834911346,0.144649178,0.055116028,1.063106060
56.663349,-5.795036316,-5.515945435,-5.361888885,0.094600342,-0.038756043,1.057002544
56.677632,-3.796134949,-9.727371216,-10.069225311,0.070064209,-0.001402527,1.056270123
56.692870,-1.621757507,-10.246170044,-15.730236053,0.088985108,-0.010557801,1.085933208
56.693617,-1.621757507,-10.246170044,-15.730236053,0.088985108,-0.010557801,1.085933208
56.694264,-1.621757507,-10.246170044,-15.730236053,0.088985108,-0.010557801,1.085933208
56.694923,-1.621757507,-10.246170044,-15.730236053,0.088985108,-0.010557801,1.085933208
56.695522,-1.621757507,-10.246170044,-15.730236053,0.088985108,-0.010557801,1.085933208
56.696269,-1.621757507,-10.246170044,-15.730236053,0.088985108,-0.010557801,1.085933208
56.696908,-1.621757507,-10.246170044,-15.730236053,0.088985108,-0.010557801,1.085933208
56.697538,-1.621757507,-10.246170044,-15.730236053,0.088985108,-0.010557801,1.085933208
56.698179,-1.621757507,-10.246170044,-15.730236053,0.088985108,-0.010557801,1.085933208
56.698794,-3.941093445,-5.203140259,-12.289379120,0.095576905,-0.017759949,1.099727154
56.699431,-3.941093445,-5.203140259,-12.289379120,0.095576905,-0.017759949,1.099727154
56.737670,-9.350334167,10.887252808,-7.627819061,0.110225342,0.026551574,1.055903912
56.775989,-6.397758484,3.540145874,-15.081737518,0.141963631,-0.066099793,1.088252544
56.805555,-12.226615906,2.960311890,-13.464305878,0.225948006,-0.076719910,1.128291607
56.819752,-15.324150085,7.354843140,-9.916637421,0.251582772,-0.050841004,1.082881451
56.858096,-14.820610046,-2.357376099,-3.057811737,0.252559334,0.096253723,0.991206646
56.896440,-4.864250183,-16.609085083,-3.027294159,0.167232186,0.080262512,0.940791607
56.910703,-2.697502136,-15.441787720,-4.553173065,0.163203865,0.013856262,0.955562115
56.926096,-2.224479675,-9.925735474,-3.401134491,0.158321053,0.051575989,0.979609966
56.964411,-8.007560730,10.139572144,1.161243439,0.172969490,0.040345520,0.982905865
57.002758,-6.748710632,2.456771851,-2.493236542,0.188228279,0.019837707,0.901851177
57.016895,-2.949272156,3.433334351,-0.944469452,0.185786873,0.008363098,0.850581646
57.032292,-1.469169617,5.897628784,1.527454376,0.193965584,0.023988098,0.839473248
57.070657,6.747688293,-7.583511353,7.287647247,0.174434334,-0.033873230,0.896235943
57.108983,13.400520325,-39.146316528,-4.034374237,0.071284913,-0.086607605,0.979609966
57.123259,13.575996399,-40.748489380,-5.216930389,0.069820069,-0.072447449,0.994746685
57.138657,10.249580383,-35.491836548,-6.681774139,0.080806397,-0.075743347,1.007808208
57.176988,2.749885559,0.038253784,-5.361888885,0.101192139,-0.040465027,1.012691021
57.244839,-8.999382019,27.084457397,-5.133007050,0.175044686,0.016663879,1.029414654
57.260413,-6.275688171,23.620712280,-6.582592010,0.182857186,0.000550598,1.059810162
57.274648,-6.619010925,21.286117554,-7.185314178,0.192622811,0.004090637,1.083858013
57.312947,-12.112174988,5.661117554,-6.872509003,0.248775154,0.027528137,1.099849224
57.351339,-6.145988464,-9.841812134,-5.331371307,0.142940193,-0.068297058,0.991206646
57.365495,-0.416313171,-14.694107056,-10.694835663,0.127681404,-0.107603699,1.111690044
57.380931,-6.756340027,-14.121902466,-13.845775604,0.145625740,-0.093687683,1.130122662
57.419319,-16.575370789,20.164596558,-2.058361053,0.187984139,0.181092590,0.952876568
57.457687,-0.034843445,10.574447632,0.589038849,0.215694100,0.024720520,0.995112896
57.471952,0.606025696,-0.335586548,-0.730846405,0.211299568,-0.055967957,1.055537701
57.487365,-4.932914734,-17.532241821,-0.784252167,0.189082772,-0.104185730,1.089961529
57.525743,-5.711112976,-25.108230591,-2.905223846,0.112178467,0.140199035,0.897090435
57.564092,-3.162895203,-3.677261353,2.374317169,0.142696053,0.016053528,0.956050396
57.578363,-5.917106628,0.564682007,4.129077911,0.150142342,-0.026060730,0.956172466
57.593591,-8.221183777,2.830612183,6.845142365,0.142329842,-0.028990418,0.898677349
57.632013,0.209297180,-8.163345337,4.388477325,0.089717530,-0.058653504,0.848384380
57.632717,2.849067688,-12.748611450,2.687122345,0.080440186,-0.070982605,0.859858990
57.633327,2.849067688,-12.748611450,2.687122345,0.080440186,-0.070982605,0.859858990
57.633959,2.849067688,-12.748611450,2.687122345,0.080440186,-0.070982605,0.859858990
57.634557,2.849067688,-12.748611450,2.687122345,0.080440186,-0.070982605,0.859858990
57.635171,2.849067688,-12.748611450,2.687122345,0.080440186,-0.070982605,0.859858990
57.635771,2.849067688,-12.748611450,2.687122345,0.080440186,-0.070982605,0.859858990
57.636396,2.849067688,-12.748611450,2.687122345,0.080440186,-0.070982605,0.859858990
57.636985,2.849067688,-12.748611450,2.687122345,0.080440186,-0.070982605,0.859858990
57.637603,2.849067688,-12.748611450,2.687122345,0.080440186,-0.070982605,0.859858990
57.638209,2.849067688,-12.748611450,2.687122345,0.080440186,-0.070982605,0.859858990
57.638817,2.849067688,-12.748611450,2.687122345,0.080440186,-0.070982605,0.859858990
57.639427,2.849067688,-12.748611450,2.687122345,0.080440186,-0.070982605,0.859858990
57.640047,2.849067688,-12.748611450,2.687122345,0.080440186,-0.070982605,0.859858990
57.640634,2.849067688,-12.748611450,2.687122345,0.080440186,-0.070982605,0.859858990
57.641254,2.849067688,-12.748611450,2.687122345,0.080440186,-0.070982605,0.859858990
57.641858,2.849067688,-12.748611450,2.687122345,0.080440186,-0.070982605,0.859858990
57.642478,2.849067688,-12.748611450,2.687122345,0.080440186,-0.070982605,0.859858990
57.696568,10.356391907,-29.411209106,-2.241466522,0.074702881,-0.095030457,0.865474224
57.710922,10.661567688,-28.190505981,-2.081249237,0.076900147,-0.117491394,0.878047466
57.726369,9.768928528,-22.178543091,-0.974987030,0.077266358,-0.120909363,0.907100201
57.764744,9.562934875,-7.736099243,-2.600048065,0.077266358,-0.072203308,0.906856060
57.803065,10.486091614,11.879074097,-3.271434784,0.075679444,0.002992004,0.977534771
57.817335,10.608161926,16.677963257,-2.378795624,0.105342530,-0.067320496,1.021724224
57.832738,4.420722961,22.911178589,-4.637096405,0.152705818,-0.019835144,1.038081646
57.871142,4.565681458,31.707870483,0.917102814,0.202510506,0.009705871,1.061275005
57.909427,2.063240051,18.386947632,2.656604767,0.238765389,-0.094542176,1.202022076
57.939632,-3.277336121,-6.812942505,0.787403107,0.237056404,0.007142395,1.163569927
57.955211,-2.804313660,-5.676162720,5.685474396,0.188960701,0.098206848,1.085689068
57.993522,0.064338684,-0.900161743,13.452198029,0.163814217,0.101624817,1.025020123
58.031900,12.690986633,-28.434646606,8.439685822,0.105708741,0.027650207,1.066401958
58.046187,12.599433899,-32.707107544,5.189563751,0.097530030,0.009217590,1.103633404
58.077865,2.383674622,-26.512039185,4.892017365,0.099116944,-0.004332215,1.096309185
58.116378,1.529182434,-2.326858521,6.425525665,0.060908936,0.070374817,0.950435162
58.154658,4.962409973,1.236068726,4.609729767,0.077876709,-0.014708191,0.942988873
58.168956,6.480659485,0.450241089,4.884387970,0.073238038,-0.011778504,0.945552349
58.184210,7.907356262,-2.372634888,4.075672150,0.070186280,-0.088316590,0.991328716
58.184946,7.907356262,-2.372634888,4.075672150,0.070186280,-0.088316590,0.991328716
58.185558,7.907356262,-2.372634888,4.075672150,0.070186280,-0.088316590,0.991328716
58.186204,7.907356262,-2.372634888,4.075672150,0.070186280,-0.088316590,0.991328716
58.186803,7.907356262,-2.372634888,4.075672150,0.070186280,-0.088316590,0.991328716
58.187444,7.907356262,-2.372634888,4.075672150,0.070186280,-0.088316590,0.991328716
58.188038,7.907356262,-2.372634888,4.075672150,0.070186280,-0.088316590,0.991328716
58.188684,7.907356262,-2.372634888,4.075672150,0.070186280,-0.088316590,0.991328716
58.189293,6.892646790,-4.470718384,3.121997833,0.066157959,-0.096007019,1.018428326
58.189939,6.892646790,-4.470718384,3.121997833,0.066157959,-0.096007019,1.018428326
58.190537,6.892646790,-4.470718384,3.121997833,0.066157959,-0.096007019,1.018428326
58.191176,6.892646790,-4.470718384,3.121997833,0.066157959,-0.096007019,1.018428326
58.191770,6.892646790,-4.470718384,3.121997833,0.066157959,-0.096007019,1.018428326
58.192412,6.892646790,-4.470718384,3.121997833,0.066157959,-0.096007019,1.018428326
58.230653,-1.133476257,-11.733901978,-3.416393280,0.069942139,-0.095884949,1.031367779
58.269033,-5.909477234,3.952133179,-4.530284882,0.084346436,-0.020933777,0.962275982
58.283168,-6.603752136,9.529220581,-4.225109100,0.094600342,-0.027525574,0.954951763
58.298535,-7.160697937,17.280685425,-3.858898163,0.116695069,-0.035093933,0.946773052
58.336918,-5.032096863,17.967330933,-3.324840546,0.139278084,-0.026549011,0.970942974
58.375326,-3.994499207,0.618087769,-5.819652557,0.165523201,-0.021788269,1.067012310
58.389486,-4.910026550,-5.767715454,-5.262706757,0.180537850,0.013245910,1.079219341
58.404867,-5.016838074,-6.774795532,-4.865978241,0.170528084,0.049012512,1.074946880
58.443241,-1.202140808,-0.053298950,-0.494335175,0.133418709,-0.032896668,1.078853130
58.481565,-6.756340027,-9.582412720,-2.760265350,0.128047615,-0.011290222,1.056392193
58.495843,-5.291496277,-12.679946899,-4.690502167,0.108760498,0.042420715,1.019404888
58.511296,-0.942741394,-14.160049438,-5.865428925,0.093501709,0.078431457,1.003901958
58.549677,1.712287903,-3.211868286,1.100208282,0.111079834,0.054627746,1.004024029
58.587978,8.975471497,-21.552932739,-2.432201385,0.096431397,-0.089171082,1.047969341
58.602301,8.487190247,-26.489151001,-4.232738495,0.095088623,-0.099913269,1.067988873
58.617701,3.238166809,-27.824295044,-5.041454315,0.094600342,-0.067320496,1.042354107
58.656101,3.619636536,-5.432022095,1.245166779,0.080196045,0.111878723,0.942012310
58.706080,3.131355286,-12.245071411,-1.608226776,0.092769288,-0.049009949,0.988887310
58.720295,3.123725891,-16.601455688,-2.302501678,0.090816163,-0.046812683,0.976069927
58.735542,4.954780579,-21.812332153,-4.385326385,0.072993897,-0.019591004,0.960933208
58.773993,1.712287903,-14.045608521,-5.743358612,0.083614014,-0.066466004,0.998042583
58.812373,-5.314384460,8.987533569,-0.067089081,0.096919678,0.009705871,0.934199810
58.826521,-3.689323425,10.803329468,-0.624034882,0.099361084,-0.050718933,0.933711529
58.853898,-2.766166687,5.470382690,-3.126476288,0.102656983,-0.075010926,0.972163677
58.892306,-4.505668640,-5.592239380,-3.408763885,0.128902107,-0.065245301,0.972407818
58.930630,-4.856620789,-1.708877563,-1.257274628,0.137935311,-0.001646668,0.956172466
58.944956,-3.826652527,-1.090896606,-0.234935760,0.142818123,-0.001036316,0.956782818
58.960375,-1.926933289,-2.227676392,-0.143383026,0.133418709,0.044251770,0.960078716
58.998756,3.695930481,-13.389480591,-2.111766815,0.137935311,-0.093809754,1.035396099
59.037049,0.522102356,-3.372085571,-2.554271698,0.141353279,0.100282043,0.986934185
59.051389,2.246345520,5.066024780,0.688220978,0.141475350,0.135316223,0.977168560
59.066659,3.917182922,17.593490601,3.778125763,0.141597420,0.075867981,1.009273052
59.105154,8.151496887,3.074752808,3.465320587,0.141963631,0.032166809,1.090327740
59.143482,8.655036926,-11.726272583,-1.707408905,0.173701912,0.074647278,1.116084576
59.157760,6.785835266,-5.645645142,0.390674591,0.179439217,0.092469543,1.112666607
59.173014,3.055061340,10.292160034,5.746509552,0.199458748,0.118836731,1.104365826
59.211486,1.895393372,13.046371460,10.141040802,0.183711678,0.061829895,1.088740826
59.249904,3.467048645,-19.828689575,5.670215607,0.161861092,-0.021055847,1.064570904
59.264043,3.184761047,-30.616653442,6.395008087,0.142940193,0.012391418,1.021602154
59.279285,3.566230774,-32.928359985,7.829334259,0.124019288,0.035584778,0.997920513
59.317756,4.519905090,-34.713638306,7.409717560,0.076045655,-0.010069519,0.990596294
59.356141,2.032722473,-29.418838501,5.654956818,0.052730225,-0.020201355,0.900996685
59.370288,2.299751282,-26.107681274,4.411365509,0.043452881,-0.014097840,0.876826763
59.385730,6.411994934,-17.738235474,2.717639923,0.048946045,-0.015684754,0.882686138
59.424074,0.552619934,-1.251113892,1.336719513,0.080196045,-0.007994324,0.948359966
59.462401,1.277412415,6.385910034,-2.333019257,0.090205811,-0.003233582,1.005733013
59.476537,-0.057731628,6.301986694,-3.942821503,0.112788819,-0.053526551,1.032344341
59.491960,-3.490959167,10.505783081,-4.354808807,0.123897217,0.036927551,1.045405865
59.530275,-6.725822449,17.662155151,-1.402233124,0.136226326,-0.006529480,1.055171490
59.530958,-7.069145203,16.761886597,-2.027843475,0.138057381,-0.007139832,1.060298443
59.531550,-7.069145203,16.761886597,-2.027843475,0.138057381,-0.007139832,1.060298443
59.532174,-7.069145203,16.761886597,-2.027843475,0.138057381,-0.007139832,1.060298443
59.532885,-7.069145203,16.761886597,-2.027843475,0.138057381,-0.007139832,1.060298443
59.533477,-7.069145203,16.761886597,-2.027843475,0.138057381,-0.007139832,1.060298443
59.534084,-7.069145203,16.761886597,-2.027843475,0.138057381,-0.007139832,1.060298443
59.534709,-7.069145203,16.761886597,-2.027843475,0.138057381,-0.007139832,1.060298443
59.535313,-7.069145203,16.761886597,-2.027843475,0.138057381,-0.007139832,1.060298443
59.536071,-7.069145203,16.761886597,-2.027843475,0.138057381,-0.007139832,1.060298443
59.536657,-7.069145203,16.761886597,-2.027843475,0.138057381,-0.007139832,1.060298443
59.537277,-7.069145203,16.761886597,-2.027843475,0.138057381,-0.007139832,1.060298443
59.575422,-8.259330750,-1.243484497,-8.177135468,0.149654061,0.030579895,1.046382427
59.589717,-7.565055847,-4.447830200,-9.031627655,0.139522225,0.066590637,1.026851177
59.605098,-6.290946960,-7.400405884,-9.184215546,0.120601319,0.127381653,0.986445904
59.657564,6.083930969,-9.757888794,-3.065441132,0.102290772,0.096497864,0.952754498
59.695995,5.267585754,-29.136550903,-9.847972870,0.061885498,-0.051573426,1.053218365
59.723559,-0.546012878,-22.033584595,-12.678478241,0.034297608,0.017030090,0.967036724
59.737994,-0.317131042,-13.015640259,-14.013622284,0.030635498,0.116029114,0.925899029
59.776244,1.086677551,17.341720581,-10.305736542,0.075679444,0.052796692,0.974116802
59.814581,-2.674613953,9.231674194,-13.731334686,0.096797608,0.014466614,1.016719341
59.828869,-2.003227234,0.320541382,-15.821788788,0.084468506,-0.039610535,0.984981060
59.844305,-0.889335632,-4.447830200,-16.393993378,0.066890381,0.047425598,0.965327740
59.845018,-0.889335632,-4.447830200,-16.393993378,0.066890381,0.047425598,0.965327740
59.845617,-0.889335632,-4.447830200,-16.393993378,0.066890381,0.047425598,0.965327740
59.846250,-0.889335632,-4.447830200,-16.393993378,0.066890381,0.047425598,0.965327740
59.846845,-0.889335632,-4.447830200,-16.393993378,0.066890381,0.047425598,0.965327740
59.847476,-0.889335632,-4.447830200,-16.393993378,0.066890381,0.047425598,0.965327740
59.848063,-0.889335632,-4.447830200,-16.393993378,0.066890381,0.047425598,0.965327740
59.848699,2.742256165,-8.689773560,-19.857738495,0.071529053,0.013490051,0.978633404
59.849292,2.742256165,-8.689773560,-19.857738495,0.071529053,0.013490051,0.978633404
59.849924,2.742256165,-8.689773560,-19.857738495,0.071529053,0.013490051,0.978633404
59.888081,1.788581848,-10.978591919,-20.162914276,0.067012452,0.135194153,0.941157818
59.926388,-3.574882507,3.387557983,-17.217967987,0.131099373,0.018739074,1.017085552
59.940651,-3.002677917,11.161911011,-17.736766815,0.148921639,0.109315246,1.004390240
59.956048,-2.850090027,18.432723999,-14.990184784,0.170039803,0.025575012,1.039180279
59.994436,-10.128532410,27.427780151,-9.168956757,0.185054451,0.129334778,0.941646099
60.032703,-3.361259460,-5.905044556,-12.983654022,0.276729256,0.108460754,1.131587505
60.046975,-3.651176453,-11.505020142,-8.184764862,0.250239998,0.121156067,1.116816998
60.062206,-4.635368347,-16.136062622,-7.894847870,0.208003670,0.101868957,1.075679302
60.100612,-4.658256531,-25.840652466,-2.775524139,0.248408943,0.111390442,1.088008404
60.138932,-2.888237000,-28.350723267,3.320362091,0.178096443,0.114808410,1.008540630
60.153193,-2.331291199,-24.391067505,3.747608185,0.171626717,0.110902160,0.993159771
60.168454,1.544441223,-13.755691528,7.035877228,0.162593514,0.161927551,0.988154888
60.206859,3.528083801,2.166854858,6.387378693,0.147823006,0.112122864,0.984248638
60.245199,3.772224426,17.379867554,7.348682404,0.143062264,0.097352356,0.981929302
60.259323,1.170600891,21.598922729,9.156848907,0.155757576,0.102723449,1.007564068
60.274703,0.133003235,20.378219604,9.217884064,0.167354256,0.073304504,1.022822857
60.313018,-3.658805847,0.343429565,11.010791779,0.164302498,0.088807434,0.994258404
60.351368,0.575508118,-29.426467896,10.331775665,0.145381600,0.066590637,1.012568951
60.365643,1.742805481,-40.244949341,8.851673126,0.120235108,0.030824035,1.022944927
60.380902,1.605476379,-41.862380981,7.234241486,0.092403077,0.041322082,1.014277935
60.419332,0.491584778,-27.374160767,6.524707794,0.085567139,-0.007017761,0.994868755
60.471329,-2.178703308,-8.628738403,5.693103790,0.083125733,-0.024229676,0.987422466
60.485691,-2.575431824,-1.472366333,5.517627716,0.084224366,-0.019102722,0.979243755
60.501087,-2.705131531,2.166854858,5.448963165,0.088008545,-0.007017761,0.977778912
60.539438,-3.651176453,2.777206421,4.159595490,0.138911873,0.027161926,1.009395123
60.577720,-1.614128113,-0.121963501,2.694751740,0.114375733,0.006776184,1.011470318
60.592035,-1.179252625,-0.732315063,2.710010529,0.115840577,0.010926574,1.034541607
60.607259,-4.841362000,-7.461441040,2.107288361,0.132930428,-0.065367371,1.075068951
60.645642,-8.747612000,-19.950759888,-4.766796112,0.127925545,-0.072935730,1.038814068
