time,type,distance
44.063035,L,75.31
44.113019,R,406.36
44.089120,U,134.42
44.112559,L,75.51
44.161997,R,406.32
44.138843,U,134.42
44.162113,L,75.38
44.162001,R,406.46
44.211711,L,77.95
44.188569,U,134.30
44.259963,R,406.48
44.238289,U,134.42
44.261240,L,77.86
44.259962,R,406.45
44.310761,L,77.97
44.308944,R,406.34
44.288017,U,134.42
44.360282,L,77.99
44.337737,U,134.32
44.357929,R,406.43
44.387534,U,136.88
44.409810,L,77.93
44.406909,R,406.27
44.459335,L,77.99
44.455891,R,406.34
44.487051,U,139.55
44.508935,L,80.42
44.504876,R,406.24
44.536769,U,139.43
44.558460,L,80.54
44.602908,R,408.86
44.586490,U,139.49
44.607982,L,80.44
44.602911,R,408.97
44.657508,L,80.49
44.651898,R,408.88
44.636285,U,141.97
44.686005,U,141.96
44.707104,L,83.00
44.700886,R,408.90
44.735798,U,144.62
44.756629,L,82.96
44.749949,R,411.34
44.806154,L,83.07
44.795879,R,305.86
44.785520,U,144.72
44.835313,U,147.05
44.855759,L,85.64
44.896993,R,411.35
44.885026,U,147.16
44.905284,L,85.52
44.894450,R,323.47
44.934817,U,149.73
44.954806,L,85.54
44.943876,R,325.82
44.984540,U,149.61
45.004436,L,87.97
45.044589,R,416.45
45.034261,U,149.78
45.053960,L,88.16
45.042482,R,343.63
45.085426,R,122.36
45.084053,U,152.17
45.103487,L,88.15
45.133773,U,152.20
45.153013,L,88.09
45.141180,R,356.19
45.202610,L,90.69
45.190381,R,363.63
45.183520,U,152.20
45.239658,R,373.68
45.233243,U,152.20
45.252136,L,90.72
45.301731,L,93.19
45.288863,R,381.15
45.282988,U,152.32
45.352503,L,136.44
45.338138,R,391.17
45.332704,U,152.24
45.382425,U,152.24
45.381598,R,200.19
45.409163,L,382.89
45.432071,U,149.68
45.458683,L,382.82
45.485601,R,408.95
45.481795,U,149.84
45.485891,R,418.97
45.557797,L,385.40
45.531513,U,149.68
45.557872,L,387.97
45.584082,R,426.59
45.581233,U,149.78
45.578918,R,248.13
45.657067,L,393.17
45.628267,R,260.64
45.630877,U,147.14
45.656918,L,388.01
45.680596,U,147.14
45.682930,R,456.78
45.706514,L,390.55
45.727111,R,283.27
45.730322,U,147.05
45.805544,L,390.44
45.776553,R,290.76
45.780116,U,149.71
45.805622,L,393.12
45.830991,R,469.26
45.829839,U,149.75
45.904811,L,398.15
45.875472,R,313.32
45.879556,U,149.68
45.904810,L,398.12
45.929278,U,149.65
45.954259,L,395.44
45.974037,R,320.93
45.974329,R,331.04
45.979001,U,149.65
46.053515,L,403.23
46.023768,R,340.97
46.028794,U,152.27
46.102367,L,380.32
46.073122,R,353.53
46.078512,U,152.24
46.102074,L,370.17
46.122477,R,366.13
46.128160,U,149.68
46.151371,L,362.47
46.171827,R,378.62
46.177880,U,149.61
46.201992,L,400.66
46.221177,R,391.29
46.227629,U,149.68
46.249894,L,344.76
46.270529,R,403.80
46.277352,U,149.63
46.350841,L,408.35
46.368861,R,416.40
46.327144,U,152.24
46.350694,L,403.27
46.369227,R,429.03
46.376865,U,152.22
46.399915,L,393.05
46.449364,L,390.48
46.467633,R,444.10
46.426581,U,152.31
46.467925,R,454.19
46.476302,U,152.10
46.499179,L,400.60
46.517351,R,469.14
46.526016,U,152.24
46.548330,L,387.92
46.566697,R,481.84
46.575761,U,152.32
46.647227,L,382.93
46.615973,R,491.83
46.625478,U,152.22
46.647151,L,380.32
46.665401,R,506.86
46.675125,U,149.68
46.696674,L,380.25
46.763665,R,516.93
46.724844,U,149.61
46.795198,L,362.62
46.764104,R,532.09
46.774559,U,149.68
46.795126,L,360.13
46.844646,L,360.03
46.862085,R,532.21
46.824279,U,149.65
46.911001,R,529.62
46.873997,U,149.61
46.894096,L,357.56
46.911000,R,529.57
46.923715,U,149.63
46.943615,L,357.37
46.986596,L,131.19
47.008974,R,529.58
46.973436,U,149.63
47.008978,R,529.70
47.023158,U,149.63
47.035975,L,126.30
47.085426,L,123.69
47.106880,R,527.04
47.122598,U,149.73
47.134731,L,115.98
47.184178,L,113.55
47.204858,R,527.11
47.172320,U,149.52
47.204855,R,527.01
47.222036,U,149.70
47.233704,L,113.65
47.283153,L,111.01
47.301514,R,476.91
47.271751,U,149.71
47.332530,L,105.91
47.350428,R,474.32
47.321470,U,149.71
47.350502,R,476.88
47.381980,L,103.37
47.371193,U,149.82
47.399484,R,476.88
47.420983,U,152.27
47.431507,L,103.42
47.449925,R,527.06
47.480959,L,100.81
47.470707,U,152.38
47.530483,L,100.79
47.548064,R,527.08
47.520499,U,154.83
47.548065,R,527.13
47.570217,U,154.83
47.580011,L,100.86
47.629613,L,103.39
47.646032,R,526.99
47.619942,U,154.83
47.679139,L,103.35
47.695024,R,527.13
47.669736,U,157.37
47.695026,R,527.18
47.728740,L,105.91
47.743936,R,524.54
47.719460,U,157.42
47.778336,L,108.47
47.769179,U,157.30
47.793001,R,527.13
47.818903,U,157.30
47.827940,L,111.06
47.841913,R,524.54
47.877542,L,113.60
47.868625,U,157.46
47.890904,R,524.56
47.927144,L,116.07
47.918350,U,157.44
47.988881,R,524.56
47.968068,U,157.39
48.026274,L,118.70
48.037870,R,524.56
48.017790,U,157.39
48.026423,L,123.83
48.037799,R,522.10
48.075947,L,123.73
48.067540,U,157.28
48.125473,L,123.73
48.135776,R,522.12
48.117259,U,157.37
48.135777,R,522.15
48.175003,L,123.69
48.184768,R,521.95
48.216734,U,157.35
48.224530,L,123.67
48.220226,R,54.40
48.216661,U,154.85
48.274131,L,126.23
48.266389,U,154.76
48.332245,R,522.05
48.323658,L,126.18
48.332245,R,522.03
48.316141,U,154.90
48.365866,U,154.71
48.373181,L,126.28
48.381384,R,522.08
48.422700,L,126.27
48.415588,U,154.76
48.479356,R,522.14
48.465312,U,154.83
48.472228,L,126.39
48.479282,R,519.58
48.521747,L,126.27
48.515040,U,154.71
48.571271,L,126.27
48.577321,R,522.05
48.564758,U,154.85
48.577251,R,519.63
48.620871,L,128.79
48.616419,R,180.08
48.614412,U,152.27
48.667904,L,42.44
48.665333,R,177.67
48.664128,U,152.19
48.719933,L,128.77
48.714034,R,167.57
48.713848,U,152.34
48.769458,L,128.81
48.763170,R,172.58
48.763568,U,152.24
48.818988,L,128.75
48.812158,R,172.63
48.813290,U,152.22
48.868516,L,128.77
48.862940,U,149.70
48.918670,R,456.71
48.918120,L,131.33
48.910307,R,167.69
48.912664,U,149.73
48.967645,L,131.35
48.959224,R,165.01
48.962391,U,149.65
49.017174,L,131.31
49.008212,R,164.99
49.012112,U,149.70
49.057125,R,162.57
49.066556,L,126.23
49.061837,U,149.78
49.114389,L,67.82
49.106037,R,160.05
49.111559,U,149.63
49.163552,L,55.07
49.155033,R,159.96
49.161208,U,147.09
49.204022,R,160.00
49.213155,L,57.58
49.210930,U,147.17
49.252938,R,157.47
49.262828,L,62.69
49.260655,U,147.24
49.312789,L,77.99
49.301927,R,157.47
49.310301,U,144.60
49.362022,L,67.81
49.350925,R,157.63
49.360021,U,144.62
49.411253,L,57.70
49.399908,R,157.49
49.409745,U,144.63
49.461366,L,77.99
49.448897,R,157.47
49.459472,U,144.63
49.510969,L,80.49
49.497892,R,157.56
49.509196,U,144.62
49.560566,L,83.07
49.546981,R,160.03
49.558923,U,144.70
49.595975,R,160.01
49.610240,L,88.08
49.608649,U,144.67
49.659841,L,90.69
49.651685,R,391.36
49.657857,U,126.65
49.698565,R,318.33
49.707581,U,126.68
49.759114,L,98.31
49.747883,R,323.41
49.757308,U,126.65
49.808787,L,103.37
49.792362,R,167.50
49.807032,U,126.78
49.841351,R,167.55
49.858390,L,105.91
49.856714,U,124.14
49.907993,L,108.47
49.895650,R,351.08
49.906514,U,126.68
49.957667,L,113.46
49.993838,R,358.51
49.956608,U,139.43
50.007262,L,116.05
49.994137,R,368.83
50.006339,U,139.40
50.043416,R,378.59
50.056861,L,118.61
50.056066,U,139.52
50.106534,L,123.71
50.141607,R,386.25
50.105717,U,136.88
50.156503,L,138.93
50.141900,R,396.37
50.155439,U,136.89
50.191174,R,406.32
50.205806,L,131.40
50.205162,U,137.01
50.255401,L,133.85
50.240377,R,413.88
50.254815,U,134.32
50.304931,L,133.82
50.289655,R,423.95
50.304539,U,134.30
50.338861,R,431.45
50.354533,L,136.48
50.354189,U,131.97
50.404059,L,136.43
50.437191,R,444.05
50.403832,U,129.24
50.453689,L,138.90
50.437411,R,451.65
50.453556,U,129.29
50.503140,L,136.36
50.535670,R,461.60
50.503203,U,126.73
50.602184,L,136.36
50.585170,R,479.30
50.602570,U,124.21
50.651714,L,136.34
50.683435,R,489.23
50.652144,U,119.11
50.701046,L,128.77
50.683731,R,499.46
50.701796,U,116.57
50.750718,L,133.78
50.781918,R,506.88
50.751817,U,126.77
50.799948,L,123.69
50.831055,R,512.01
50.801024,U,108.92
50.849475,L,123.67
50.831056,R,512.06
50.850598,U,103.78
50.898924,L,121.19
50.929103,R,514.60
50.900096,U,96.15
50.929104,R,514.65
50.949668,U,91.07
50.948527,L,123.79
50.997978,L,121.15
51.027083,R,514.58
50.999315,U,88.49
51.047504,L,121.19
51.022063,R,341.07
51.048965,U,85.95
51.071418,R,348.56
51.097034,L,121.12
51.098542,U,80.80
51.146561,L,121.17
51.169987,R,348.63
51.148191,U,78.28
51.173044,R,454.26
51.196086,L,121.12
51.197838,U,75.70
51.245636,L,121.19
51.269230,R,381.34
51.247413,U,70.64
51.273086,R,514.60
51.295166,L,121.22
51.297062,U,68.20
51.322355,R,514.41
51.394218,L,121.12
51.367587,R,383.84
51.346635,U,62.95
51.394220,L,121.19
51.397912,U,116.43
51.443749,L,121.13
51.469922,R,517.11
51.445862,U,55.35
51.493275,L,121.17
51.466722,R,406.50
51.495435,U,50.23
51.515718,R,401.38
51.542802,L,121.08
51.545012,U,45.10
51.592324,L,121.12
51.614183,R,403.99
51.594660,U,42.58
51.615493,R,449.25
51.641874,L,121.10
51.662076,R,366.18
51.646384,U,111.58
51.691399,L,121.19
51.711114,R,353.62
51.696112,U,111.47
51.740929,L,121.06
51.745838,U,111.61
51.790476,L,121.19
51.809428,R,361.29
51.795558,U,111.46
51.809718,R,371.33
51.840003,L,121.22
51.845314,U,111.28
51.858997,R,381.32
51.889530,L,121.12
51.895033,U,111.40
51.939058,L,121.19
51.957197,R,388.89
51.944756,U,111.46
51.957490,R,399.02
51.988589,L,121.10
51.996582,R,57.02
51.994482,U,111.37
52.038117,L,121.19
52.045941,R,69.55
52.044204,U,111.39
52.087647,L,121.10
52.095295,R,82.17
52.093930,U,111.34
52.137245,L,123.64
52.144655,R,94.71
52.143647,U,111.44
52.186767,L,123.60
52.194012,R,107.33
52.193373,U,111.54
52.236293,L,123.60
52.243368,R,119.87
52.243088,U,111.42
52.285818,L,123.69
52.292725,R,132.43
52.292835,U,111.42
52.335421,L,126.14
52.342077,R,144.96
52.342111,U,96.20
52.384943,L,126.21
52.391435,R,157.54
52.392268,U,111.42
52.434469,L,126.16
52.440793,R,170.00
52.440803,U,70.61
52.483994,L,126.30
52.490073,R,180.18
52.491630,U,108.86
52.533590,L,128.70
52.539430,R,192.74
52.541354,U,108.78
52.583114,L,128.74
52.588790,R,205.37
52.591005,U,106.45
52.632670,L,128.86
52.638077,R,215.36
52.640725,U,106.39
52.682197,L,128.74
52.687433,R,227.94
52.690445,U,106.34
52.731721,L,128.74
52.736794,R,240.54
52.740164,U,106.29
52.781250,L,128.70
52.786077,R,250.56
52.789882,U,106.31
52.830772,L,128.74
52.835436,R,263.16
52.839604,U,106.41
52.929888,L,131.31
52.933785,R,275.76
52.938970,U,103.70
52.934148,R,288.30
52.938976,U,103.91
52.979418,L,131.23
52.983506,R,300.86
52.988697,U,103.91
53.028942,L,131.33
53.032868,R,313.34
53.038417,U,103.77
53.078466,L,131.45
53.082226,R,325.89
53.088138,U,103.77
53.127986,L,131.33
53.131580,R,338.48
53.137861,U,103.78
53.177508,L,131.35
53.180934,R,351.13
53.187587,U,103.87
53.227035,L,131.31
53.230216,R,361.07
53.237309,U,103.78
53.276583,L,131.33
53.279571,R,373.63
53.287034,U,103.78
53.326109,L,131.31
53.377911,R,386.25
53.336759,U,103.73
53.375633,L,131.31
53.378277,R,398.89
53.386485,U,103.75
53.425162,L,131.28
53.474687,L,131.38
53.476614,R,411.40
53.485936,U,103.84
53.526042,R,426.59
53.485938,U,103.89
53.524216,L,131.42
53.526331,R,436.58
53.535655,U,103.78
53.573741,L,131.31
53.575320,R,436.55
53.585404,U,103.77
53.623342,L,133.89
53.624316,R,436.58
53.635203,U,106.32
53.672872,L,133.77
53.722289,R,436.58
53.684925,U,106.32
53.722397,L,133.77
53.722288,R,436.55
53.734648,U,106.36
53.771922,L,133.83
53.820190,R,434.06
53.784371,U,106.32
53.821447,L,133.96
53.869252,R,436.60
53.834093,U,106.32
53.871047,L,136.37
53.869251,R,436.58
53.883816,U,106.34
53.920568,L,136.39
53.921294,R,542.04
53.933539,U,106.31
53.970093,L,136.41
53.970733,R,554.66
53.983292,U,106.41
54.026047,L,357.49
54.020195,R,559.70
54.033009,U,106.32
54.075711,L,362.57
54.069545,R,572.23
54.082660,U,103.77
54.125306,L,365.06
54.167877,R,584.81
54.132382,U,103.70
54.174901,L,367.57
54.168245,R,597.51
54.182102,U,103.77
54.224498,L,370.05
54.266507,R,607.45
54.231831,U,103.66
54.274086,L,372.59
54.315862,R,620.15
54.281480,U,101.23
54.305460,R,260.67
54.373186,L,375.06
54.354457,R,258.11
54.331210,U,101.28
54.373266,L,377.81
54.380931,U,101.16
54.403827,R,258.23
54.422867,L,380.34
54.430656,U,101.16
54.453117,R,257.99
54.522064,L,385.47
54.502181,R,255.59
54.480379,U,101.14
54.522136,L,387.96
54.530033,U,98.70
54.571733,L,390.34
54.600494,R,255.59
54.579747,U,98.70
54.621322,L,393.04
54.649890,R,255.69
54.629471,U,98.70
54.649892,R,255.75
54.720507,L,398.10
54.698881,R,255.62
54.679201,U,98.70
54.720581,L,400.67
54.747872,R,255.61
54.728918,U,98.58
54.770179,L,403.13
54.778637,U,98.57
54.793154,R,127.34
54.869361,L,408.35
54.842072,R,124.90
54.828356,U,98.82
54.869433,L,410.83
54.878076,U,98.58
54.890994,R,122.29
54.919030,L,413.29
54.927795,U,98.67
54.939910,R,119.77
54.968690,L,418.47
54.977518,U,98.60
54.988899,R,119.92
55.067804,L,420.96
55.037813,R,117.37
55.027240,U,98.62
55.067954,L,426.13
55.086800,R,117.38
55.077037,U,101.11
55.167144,L,431.12
55.135716,R,114.76
55.126761,U,101.28
55.167219,L,433.71
55.184702,R,114.84
55.176481,U,101.14
55.216887,L,438.66
55.226205,U,101.16
55.233621,R,112.41
55.315992,L,441.32
55.282615,R,112.39
55.275932,U,101.14
55.316140,L,446.41
55.331534,R,109.73
55.325736,U,103.66
55.414949,L,438.71
55.380452,R,107.21
55.375450,U,103.82
55.414731,L,431.17
55.425174,U,103.70
55.429367,R,104.82
55.463957,L,420.94
55.476902,R,54.50
55.474894,U,103.77
55.513251,L,413.31
55.527273,R,102.25
55.524618,U,103.78
55.611990,L,403.14
55.575539,R,77.12
55.574365,U,103.72
55.661290,L,395.56
55.625114,R,97.25
55.624085,U,103.70
55.661070,L,387.96
55.674032,R,94.71
55.673733,U,101.18
55.759737,L,375.17
55.723023,R,94.64
55.723451,U,101.21
55.759520,L,367.65
55.771939,R,92.17
55.773247,U,103.77
55.808814,L,359.89
55.820852,R,89.67
55.822896,U,101.31
55.861933,L,484.52
55.869772,R,87.09
55.872616,U,101.23
55.911739,L,481.86
55.918761,R,87.16
55.922341,U,101.21
55.961401,L,486.94
55.967681,R,84.76
55.972065,U,101.23
56.010987,L,489.46
56.016598,R,82.10
56.021793,U,101.07
56.060574,L,492.07
56.065585,R,82.10
56.071515,U,101.26
56.114430,R,77.05
56.159673,L,494.57
56.121241,U,101.18
56.156000,L,367.62
56.163346,R,74.55
56.170964,U,101.26
56.212339,R,74.51
56.259020,L,499.71
56.220615,U,98.76
56.308611,L,502.30
56.261258,R,72.21
56.270336,U,98.70
56.310179,R,69.50
56.308684,L,504.84
56.320058,U,98.58
56.358271,L,507.29
56.359172,R,69.57
56.369774,U,98.69
56.408091,R,67.05
56.407936,L,512.32
56.419495,U,98.77
56.457524,L,514.91
56.457087,R,66.98
56.469134,U,96.13
56.507112,L,517.45
56.506077,R,67.06
56.518850,U,96.13
56.606213,L,519.98
56.555071,R,67.12
56.568565,U,96.15
56.599085,L,273.63
56.604061,R,67.01
56.618283,U,96.15
56.648402,L,260.81
56.653051,R,67.01
56.668001,U,96.04
56.705689,L,525.09
56.702042,R,66.98
56.717718,U,96.16
56.751037,R,67.15
56.804859,L,525.02
56.800026,R,67.12
56.767435,U,96.22
56.854448,L,527.68
56.817152,U,96.08
56.849019,R,66.98
56.854596,L,532.80
56.866872,U,96.03
56.901542,L,443.77
56.898009,R,67.05
56.946277,R,41.90
56.916593,U,96.27
56.946219,L,271.14
56.966309,U,96.22
56.990288,L,80.44
56.995491,R,49.49
57.016021,U,96.15
57.039738,L,77.90
57.044705,R,57.02
57.065740,U,96.04
57.089260,L,77.93
57.093911,R,64.58
57.115554,U,98.69
57.138776,L,77.90
57.142836,R,62.17
57.165270,U,98.69
57.188295,L,77.88
57.191829,R,62.00
57.237888,L,80.51
57.240823,R,62.02
57.215020,U,98.58
57.287487,L,83.00
57.289740,R,59.48
57.264736,U,98.58
57.314455,U,98.67
57.337081,L,85.50
57.338731,R,59.53
57.386668,L,88.11
57.387718,R,59.51
57.364168,U,98.74
57.413886,U,98.58
57.437372,L,128.72
57.436708,R,59.53
57.463629,U,98.69
57.487039,L,133.82
57.485698,R,59.63
57.513348,U,98.77
57.536636,L,136.32
57.534612,R,56.99
57.563062,U,98.62
57.586155,L,136.41
57.583603,R,56.92
57.612851,U,101.23
57.635970,L,146.60
57.632595,R,57.04
57.681583,R,56.99
57.662569,U,101.14
57.685493,L,146.64
57.712311,U,101.21
57.730646,R,59.44
57.735456,L,161.98
57.762034,U,101.24
57.784967,L,161.81
57.779633,R,59.46
57.834490,L,161.85
57.828619,R,59.50
57.811753,U,101.11
57.861473,U,101.14
57.884012,L,161.85
57.877616,R,59.34
57.933532,L,161.81
57.926603,R,59.44
57.960912,U,101.31
57.960914,U,101.38
57.982864,L,154.12
57.975593,R,59.62
58.024581,R,59.50
58.010633,U,101.14
58.082127,L,161.88
58.073570,R,59.53
58.060426,U,103.77
58.081391,L,136.44
58.130613,L,126.25
58.122558,R,59.51
58.110148,U,103.85
58.179835,L,116.09
58.171549,R,59.51
58.159861,U,103.70
58.209653,U,106.22
58.229131,L,108.43
58.220541,R,59.58
58.269530,R,59.51
58.259370,U,106.27
58.278507,L,103.34
58.318447,R,57.02
58.309119,U,106.45
58.327662,L,90.57
58.377033,L,85.67
58.367439,R,57.02
58.358835,U,106.27
58.416428,R,56.99
58.408554,U,106.24
58.428758,L,161.76
58.478277,L,161.79
58.465420,R,56.99
58.458271,U,106.24
58.524787,L,57.65
58.514408,R,57.02
58.507988,U,106.24
58.577325,L,161.79
58.563397,R,56.99
58.557708,U,106.34
58.623391,L,42.41
58.612387,R,57.04
58.607422,U,106.26
58.661380,R,56.97
58.657140,U,106.24
58.676397,L,161.72
58.725914,L,161.83
58.710371,R,56.94
58.706935,U,108.83
58.759365,R,56.90
58.756656,U,108.80
58.775441,L,161.85
58.808353,R,57.08
58.806404,U,108.88
58.824961,L,161.76
58.857342,R,57.01
58.856127,U,108.80
58.874482,L,161.76
58.923930,L,159.25
58.906408,R,59.50
58.905625,U,101.16
58.973448,L,159.24
58.955033,R,46.95
58.955047,U,90.89
59.004388,R,59.51
59.004392,U,78.18
59.022970,L,159.18
59.072483,L,159.25
59.053376,R,59.63
59.053740,U,65.53
59.102369,R,59.43
59.103092,U,52.74
59.122005,L,159.27
59.151357,R,59.55
59.152517,U,42.54
59.171521,L,159.22
59.200351,R,59.58
59.204231,U,111.34
59.221041,L,159.18
59.249347,R,59.41
59.253953,U,111.42
59.270562,L,159.32
59.298333,R,59.53
59.303676,U,111.56
59.320081,L,159.31
59.369599,L,159.27
59.347324,R,59.46
59.353494,U,114.01
59.396313,R,59.46
59.403217,U,114.00
59.419120,L,159.41
59.468635,L,159.29
59.445306,R,59.56
59.452941,U,114.01
59.518184,L,159.29
59.494296,R,59.50
59.502664,U,113.93
59.543363,R,61.95
59.567632,L,156.73
59.552388,U,114.12
59.617149,L,156.75
59.592355,R,62.12
59.602108,U,114.01
59.641348,R,61.95
59.666673,L,156.71
59.651833,U,113.91
59.690340,R,62.04
59.701627,U,116.57
59.716196,L,156.83
59.739326,R,62.05
59.751351,U,116.69
59.765643,L,154.31
59.815161,L,154.21
59.788319,R,61.98
59.801074,U,116.55
59.837384,R,64.49
59.850898,U,119.11
59.864682,L,154.12
59.914127,L,151.60
59.886597,R,72.18
59.900624,U,119.09
59.935511,R,69.50
59.950419,U,121.65
59.963646,L,151.75
59.984650,R,74.55
60.013094,L,149.14
60.033638,R,74.63
60.049849,U,121.58
60.061139,L,98.31
60.082702,R,77.14
60.049854,U,121.76
60.112131,L,149.09
60.099579,U,121.74
60.131696,R,77.10
60.149294,U,121.65
60.161579,L,146.55
60.180683,R,77.14
60.199092,U,124.11
60.211101,L,146.62
60.229746,R,79.57
60.248805,U,124.21
60.259001,L,90.72
60.278739,R,79.59
60.298526,U,124.21
60.308232,L,80.61
60.327731,R,79.56
60.357681,L,77.99
60.348245,U,124.12
60.407131,L,75.43
60.376725,R,79.78
60.397965,U,124.21
60.425789,R,82.06
60.456655,L,75.39
60.447691,U,124.31
60.474778,R,82.10
60.496666,U,98.70
60.506102,L,72.84
60.523768,R,82.17
60.546387,U,98.60
60.555629,L,72.78
60.572764,R,82.08
60.596030,U,96.15
60.605146,L,72.94
60.621754,R,82.17
60.654669,L,72.85
60.645751,U,96.23
60.670749,R,82.10
60.704191,L,72.90
60.695474,U,96.06
60.719815,R,84.59
60.745191,U,96.15
60.753713,L,72.92
60.768805,R,84.62
60.803226,L,72.89
60.794919,U,96.06
60.852674,L,70.36
60.817793,R,84.79
60.844636,U,96.11
60.866853,R,87.11
60.902197,L,70.30
60.915840,R,87.20
60.894290,U,93.52
60.951719,L,70.31
60.964902,R,89.70
60.944010,U,93.50
61.001238,L,70.31
60.993735,U,93.43
61.013893,R,89.65
61.049952,L,42.30
61.062878,R,89.70
61.043457,U,93.69
61.093179,U,93.50
61.100357,L,72.82
61.110417,R,39.45
61.142906,U,93.64
61.149880,L,72.96
61.159627,R,46.98
61.199402,L,72.87
61.192623,U,93.50
61.208910,R,56.97
61.248996,L,75.43
61.258188,R,67.08
61.242345,U,93.50
61.298513,L,75.39
61.292090,U,93.50
61.307399,R,74.72
61.348031,L,75.39
61.356678,R,84.67
61.341810,U,93.50
61.397550,L,75.43
61.407341,R,142.46
61.391528,U,93.49
61.447070,L,75.39
61.455166,R,102.26
61.441252,U,93.57
61.496661,L,77.95
61.504446,R,112.34
61.490899,U,90.95
61.546182,L,77.93
61.540549,U,88.30
61.553731,R,122.29
61.595697,L,77.99
61.602934,R,129.91
61.590196,U,85.93
61.645217,L,77.90
61.652215,R,139.99
61.639920,U,85.92
61.694737,L,77.99
61.689567,U,83.27
61.701287,R,142.68
61.744259,L,77.92
61.739213,U,80.92
61.750274,R,142.54
61.793777,L,77.97
61.799193,R,139.95
61.788938,U,80.75
61.843297,L,77.95
61.848188,R,139.95
61.838586,U,78.18
61.892820,L,77.99
61.897178,R,139.93
61.888307,U,78.21
61.942338,L,77.97
61.946174,R,140.11
61.938027,U,78.19
61.987753,U,78.16
61.991932,L,80.54
61.995236,R,142.42
62.041450,L,80.58
62.044155,R,139.95
62.037473,U,78.18
62.090969,L,80.49
62.087195,U,78.21
62.093147,R,140.11
62.140569,L,83.05
62.142160,R,139.95
62.136912,U,78.21
62.190088,L,83.05
62.188315,R,41.90
62.186633,U,78.16
62.236358,U,78.30
62.237671,R,54.50
62.239688,L,85.57
62.287882,L,39.85
62.287025,R,67.05
62.286078,U,78.18
62.337478,L,42.37
62.336381,R,79.63
62.335801,U,78.21
62.387069,L,44.95
62.385734,R,92.15
62.385525,U,78.35
62.435087,R,104.70
62.435094,U,73.18
62.440561,L,182.18
62.486331,L,52.55
62.484511,R,119.77
62.484518,U,62.95
62.536001,L,57.54
62.533862,R,132.35
62.533873,U,50.22
62.585596,L,60.15
62.583070,R,139.88
62.584484,U,80.80
62.635264,L,65.27
62.632058,R,139.87
62.634280,U,83.36
62.684859,L,67.79
62.680972,R,137.38
62.684002,U,83.41
62.734531,L,72.97
62.729962,R,137.45
62.733724,U,83.29
62.784125,L,75.31
62.778881,R,134.84
62.783448,U,83.36
62.827870,R,134.84
62.833787,L,80.53
62.833175,U,83.51
62.883379,L,83.01
62.876789,R,132.49
62.882896,U,83.27
62.933044,L,88.08
62.925786,R,132.33
62.932614,U,83.41
62.974806,R,132.35
62.982639,L,90.65
62.982342,U,83.51
63.032230,L,93.17
63.023803,R,132.31
63.032060,U,83.39
63.081819,L,95.75
63.072714,R,129.86
63.081781,U,83.41
63.121703,R,129.83
63.131486,L,100.79
63.131460,U,80.92
63.181080,L,103.39
63.170695,R,130.02
63.181108,U,78.28
63.230671,L,105.89
63.219690,R,129.93
63.230684,U,73.18
63.268682,R,129.83
63.280339,L,110.94
63.280331,U,70.61
63.317696,R,129.98
63.329931,L,113.55
63.329980,U,68.19
63.366612,R,127.32
63.379555,U,62.97
63.379523,L,116.14
63.415600,R,127.41
63.429191,L,121.12
63.429202,U,60.41
63.478784,L,123.69
63.464665,R,129.83
63.478778,U,55.33
63.513653,R,129.86
63.528375,L,126.27
63.528432,U,52.86
63.562647,R,129.86
63.578046,L,131.21
63.578078,U,50.20
63.627639,L,133.80
63.611640,R,130.02
63.627652,U,45.14
63.660633,R,129.89
63.677229,L,136.39
63.709617,R,129.93
63.677306,U,42.70
63.726900,L,141.44
63.726952,U,39.99
63.758614,R,129.98
63.776499,L,143.94
63.777858,U,80.82
63.807628,R,129.83
63.826089,L,146.59
63.856691,R,132.43
63.827584,U,80.73
63.875761,L,151.55
63.877307,U,80.92
63.925352,L,154.16
63.905688,R,132.37
63.925374,U,23.85
63.975161,L,164.40
63.963336,R,431.52
63.977112,U,80.84
64.024824,L,169.36
64.059473,R,361.07
64.026837,U,80.84
64.074418,L,171.92
64.108681,R,368.71
64.076557,U,80.85
64.124088,L,176.90
64.108972,R,378.76
64.126351,U,83.39
64.173676,L,179.61
64.158176,R,386.19
64.176076,U,83.39
64.207455,R,396.27
64.223272,L,182.18
64.225804,U,83.29
64.272941,L,187.14
64.256661,R,403.87
64.275528,U,83.43
64.322530,L,189.79
64.305867,R,411.25
64.325252,U,83.41
64.372198,L,194.76
64.403905,R,413.84
64.374980,U,83.39
64.421787,L,197.39
64.403910,R,414.01
64.424707,U,83.39
64.471383,L,199.90
64.501878,R,413.86
64.474430,U,83.39
64.521046,L,205.01
64.550871,R,414.05
64.524178,U,83.39
64.550798,R,411.53
64.570638,L,207.52
64.573904,U,83.29
64.620303,L,212.61
64.648766,R,411.53
64.623580,U,80.78
64.648767,R,411.54
64.669899,L,215.07
64.673305,U,80.82
64.697680,R,408.86
64.769084,L,220.27
64.746735,R,411.40
64.772753,U,80.73
64.769157,L,222.79
64.772833,U,83.51
64.818748,L,225.33
64.845142,R,426.63
64.822551,U,83.39
64.868410,L,230.41
64.838741,R,205.41
64.872277,U,83.39
64.887661,R,202.78
64.915063,L,131.23
64.936576,R,200.31
64.922005,U,83.32
64.964577,L,131.28
64.971728,U,83.36
64.982588,R,97.37
65.014099,L,131.29
65.031499,R,94.75
65.021454,U,83.36
65.063615,L,131.23
65.080413,R,92.22
65.071250,U,85.90
65.113204,L,133.73
65.162717,L,133.85
65.129331,R,89.70
65.170695,U,85.92
65.178251,R,87.09
65.212235,L,133.92
65.220418,U,85.92
65.227242,R,87.25
65.261778,L,133.80
65.276229,R,87.20
65.270140,U,85.90
65.311367,L,136.36
65.325143,R,84.64
65.319939,U,88.58
65.360887,L,136.31
65.374134,R,84.69
65.369660,U,88.39
65.410406,L,136.36
65.423128,R,84.71
65.419381,U,88.46
65.459928,L,136.34
65.472116,R,84.67
65.469102,U,88.46
65.509450,L,136.43
65.521106,R,84.59
65.518823,U,88.47
65.558970,L,136.37
65.570096,R,84.69
65.568546,U,88.56
65.608488,L,136.44
65.618866,R,77.12
65.618268,U,88.51
65.658003,L,136.31
65.668000,R,82.17
65.667992,U,88.34
65.707517,L,136.36
65.715752,R,39.45
65.717565,U,83.45
65.757039,L,136.51
65.764960,R,46.97
65.766915,U,70.61
65.806486,L,133.87
65.814242,R,57.02
65.816265,U,57.85
65.855999,L,133.80
65.863451,R,64.61
65.865618,U,45.03
65.905517,L,133.77
65.912737,R,74.62
65.916591,U,88.46
65.955065,L,133.87
65.962017,R,84.69
65.966312,U,88.51
66.004582,L,133.77
66.054098,L,133.83
66.060004,R,84.78
66.016029,U,88.49
66.060004,R,84.78
66.065776,U,88.49
66.103615,L,133.80
66.108985,R,84.60
66.115504,U,88.58
66.153129,L,133.82
66.157977,R,84.66
66.165225,U,88.51
66.202650,L,133.90
66.206966,R,84.69
66.214949,U,88.49
66.252165,L,133.83
66.255955,R,84.57
66.264600,U,85.95
66.301685,L,133.83
66.304940,R,84.66
66.314324,U,86.04
66.349585,L,77.88
66.353928,R,84.66
66.363970,U,83.39
66.399025,L,75.39
66.402916,R,84.67
66.413694,U,83.39
66.448545,L,75.34
66.451905,R,84.60
66.463420,U,83.41
66.498059,L,75.39
66.500893,R,84.67
66.513069,U,80.85
66.547529,L,72.78
66.549884,R,84.59
66.562794,U,80.77
66.597045,L,72.84
66.598877,R,84.64
66.612513,U,80.85
66.646490,L,70.28
66.647867,R,84.64
66.696007,L,70.36
66.696855,R,84.69
66.662239,U,80.91
66.711963,U,80.75
66.745527,L,70.30
66.745843,R,84.60
66.761692,U,80.72
66.795046,L,70.36
66.794831,R,84.62
66.811488,U,83.32
66.844562,L,70.38
66.843820,R,84.74
66.861209,U,83.39
66.943525,L,67.77
66.941943,R,89.68
66.911737,U,111.46
66.961465,U,111.34
66.993042,L,67.79
66.991082,R,94.61
67.042486,L,65.25
67.040072,R,94.64
67.011186,U,111.37
67.060906,U,111.34
67.092001,L,65.20
67.089208,R,99.84
67.110553,U,108.80
67.141515,L,65.27
67.139945,R,159.98
67.191036,L,65.27
67.188936,R,160.05
67.160204,U,106.46
67.209933,U,106.34
67.240555,L,65.22
67.237935,R,159.91
67.259575,U,103.77
67.290071,L,65.27
67.286924,R,160.03
67.309300,U,103.70
67.339519,L,62.61
67.335918,R,160.00
67.359043,U,103.80
67.389031,L,62.74
67.384840,R,157.49
67.408770,U,103.92
67.433834,R,157.47
67.438548,L,62.80
67.458416,U,101.23
67.488066,L,62.69
67.482751,R,154.99
67.508138,U,101.19
67.537588,L,62.61
67.531742,R,154.95
67.580660,R,152.51
67.557886,U,101.14
67.587178,L,65.34
67.607606,U,101.21
67.636692,L,65.22
67.629660,R,152.65
67.685989,L,57.70
67.678648,R,152.51
67.707046,U,101.23
67.735798,L,67.77
67.727565,R,150.01
67.707048,U,101.31
67.756695,U,98.60
67.785316,L,67.79
67.776563,R,150.04
67.806410,U,98.69
67.834863,L,67.86
67.825555,R,149.99
67.856134,U,98.60
67.874549,R,149.92
67.884378,L,67.70
67.905854,U,98.67
67.933890,L,67.81
67.923539,R,150.06
67.955576,U,98.74
67.983407,L,67.79
67.972534,R,150.03
68.021597,R,152.51
68.005298,U,98.62
68.032927,L,67.76
68.055019,U,98.67
68.070592,R,152.46
68.082402,L,65.20
68.104743,U,98.60
68.131917,L,65.23
68.119585,R,152.46
68.181437,L,65.27
68.168603,R,152.53
68.154463,U,98.60
68.204114,U,96.09
68.230885,L,62.69
68.217671,R,155.09
68.280399,L,62.73
68.266659,R,155.09
68.253835,U,96.25
68.315651,R,155.00
68.303561,U,96.16
68.329919,L,62.62
68.353376,U,98.65
68.379436,L,62.73
68.364717,R,157.51
68.403025,U,96.04
68.413711,R,157.66
68.428957,L,62.74
68.452744,U,96.11
68.478473,L,62.73
68.511687,R,157.58
68.502462,U,96.18
68.527925,L,60.07
68.577445,L,60.12
68.560682,R,157.56
68.552186,U,96.06
68.609671,R,157.56
68.601904,U,96.04
68.626965,L,60.29
68.651624,U,96.04
68.676509,L,60.19
68.658666,R,157.66
68.726103,L,62.73
68.707653,R,157.54
68.701415,U,98.60
68.753297,R,41.85
68.751137,U,98.60
68.775630,L,62.61
68.825073,L,60.19
68.805974,R,157.44
68.800858,U,98.62
68.852200,R,62.07
68.850576,U,98.63
68.874600,L,60.15
68.901551,R,74.62
68.900288,U,98.65
68.924119,L,60.12
68.950830,R,84.69
68.949937,U,96.23
68.973641,L,60.08
69.000183,R,97.22
68.999654,U,96.03
69.023161,L,60.12
69.049533,R,109.80
69.049372,U,96.11
69.072686,L,60.24
69.122200,L,60.20
69.098817,R,119.79
69.098866,U,88.46
69.148171,R,132.33
69.148218,U,75.70
69.171726,L,60.05
69.197523,R,144.98
69.197567,U,62.92
69.221243,L,60.10
69.246873,R,157.58
69.246916,U,50.27
69.270760,L,60.05
69.295938,R,160.05
69.297889,U,93.55
69.320276,L,60.10
69.369790,L,60.19
69.344929,R,160.13
69.347605,U,93.54
69.419308,L,60.19
69.393918,R,160.01
69.397322,U,93.54
69.442909,R,160.01
69.447040,U,93.47
69.468832,L,60.08
69.491899,R,160.12
69.496762,U,93.62
69.518350,L,60.15
69.540959,R,162.66
69.546579,U,96.04
69.567872,L,60.12
69.589586,R,149.94
69.596297,U,96.11
69.617392,L,60.15
69.638502,R,147.52
69.646021,U,96.20
69.666914,L,60.13
69.687350,R,142.46
69.695735,U,96.18
69.716434,L,60.22
69.736267,R,139.99
69.745523,U,98.69
69.765952,L,60.08
69.815468,L,60.19
69.785119,R,135.03
69.795243,U,98.70
69.864986,L,60.15
69.882874,R,127.30
69.844964,U,98.74
69.883026,R,132.54
69.894686,U,98.74
69.914507,L,60.07
69.930634,R,84.67
69.944400,U,98.69
69.964093,L,62.66
69.979555,R,82.17
69.994122,U,98.58
70.013612,L,62.62
70.028480,R,79.59
70.043838,U,98.70
70.063132,L,62.67
70.077397,R,77.14
70.093560,U,98.79
70.112678,L,62.62
70.126394,R,77.10
70.143278,U,98.70
70.211744,L,62.78
70.175382,R,77.14
70.193069,U,101.24
70.211817,L,65.28
70.224446,R,79.66
70.261332,L,65.27
70.273440,R,79.64
70.242793,U,101.26
70.310849,L,65.27
70.292509,U,101.14
70.332840,R,439.04
70.342233,U,101.12
70.360375,L,65.15
70.409893,L,65.27
70.431408,R,446.74
70.391955,U,101.12
70.431770,R,459.24
70.441682,U,101.26
70.459416,L,65.18
70.509034,L,67.82
70.530111,R,471.82
70.491478,U,103.94
70.530474,R,484.38
70.541127,U,101.14
70.558558,L,67.69
70.579831,R,496.79
70.590850,U,101.26
70.608076,L,67.67
70.629258,R,512.17
70.640576,U,101.35
70.657595,L,67.67
70.678608,R,524.59
70.690372,U,103.68
70.707147,L,67.88
70.727956,R,537.12
70.740088,U,103.77
70.756740,L,70.24
70.806333,L,72.87
70.826293,R,549.65
70.789813,U,103.78
70.855927,L,75.41
70.875640,R,562.26
70.839534,U,103.68
70.876004,R,574.84
70.889255,U,103.73
70.905522,L,77.86
70.955040,L,77.97
70.974406,R,589.91
70.938979,U,103.89
70.974769,R,602.47
70.988772,U,106.34
71.054156,L,80.51
71.073096,R,614.95
71.038487,U,106.31
71.054158,L,80.58
71.073460,R,627.53
71.088206,U,106.34
71.103680,L,80.42
71.153196,L,80.49
71.171887,R,637.60
71.137954,U,106.22
71.171989,R,641.13
71.187672,U,106.27
71.202792,L,83.07
71.252310,L,83.03
71.269953,R,641.09
71.237396,U,106.26
71.301832,L,83.07
71.318937,R,641.14
71.287114,U,106.27
71.351356,L,83.00
71.367923,R,641.20
71.336835,U,106.24
71.400951,L,85.59
71.416904,R,641.11
71.386553,U,106.27
71.416906,R,641.16
71.436347,U,108.83
71.450476,L,85.55
71.499997,L,85.66
71.514871,R,641.04
71.486069,U,108.83
71.514874,R,641.13
71.535789,U,108.90
71.549591,L,88.13
71.563855,R,641.09
71.585509,U,108.86
71.599113,L,88.13
71.612842,R,641.09
71.635302,U,111.46
71.648638,L,88.09
71.710802,R,641.14
71.685021,U,111.46
71.698184,L,88.11
71.710801,R,641.09
71.734744,U,111.54
71.747709,L,88.20
71.797226,L,88.15
71.808766,R,641.13
71.784467,U,111.46
71.846751,L,88.09
71.857751,R,641.20
71.834192,U,111.47
71.896346,L,90.63
71.906736,R,641.23
71.883991,U,114.01
71.955744,R,641.18
71.933710,U,114.00
71.945863,L,90.63
71.955742,R,641.11
71.983433,U,113.91
71.995383,L,90.69
72.053710,R,641.14
72.033151,U,114.01
72.044971,L,93.24
72.102691,R,641.09
72.094490,L,93.28
72.082875,U,114.08
72.144009,L,93.21
72.151675,R,641.21
72.132593,U,114.01
72.184194,R,72.01
72.182343,U,114.01
72.193902,L,105.93
72.243422,L,105.93
72.233544,R,84.66
72.232066,U,113.89
72.292942,L,105.91
72.282900,R,97.22
72.281787,U,113.98
72.342463,L,105.89
72.332252,R,109.78
72.331505,U,113.93
72.391983,L,105.86
72.381606,R,122.40
72.381224,U,113.93
72.430948,U,114.05
72.430967,R,134.91
72.441505,L,105.86
72.490947,L,103.42
72.480319,R,147.50
72.480743,U,116.45
72.540467,L,103.35
72.529676,R,160.00
72.530465,U,116.66
72.589990,L,103.42
72.592582,R,641.06
72.580215,U,116.64
72.628452,R,182.62
72.628459,U,65.49
72.639513,L,103.28
72.679583,U,113.88
72.689059,L,103.44
72.739832,R,641.07
72.738507,L,100.79
72.729300,U,114.10
72.788975,R,641.21
72.788029,L,100.81
72.788971,R,641.07
72.779021,U,113.91
72.837477,L,98.31
72.828743,U,113.96
72.838063,R,641.11
72.886997,L,98.27
72.936520,R,641.02
72.928195,U,114.10
72.936442,L,95.73
72.975602,R,288.21
72.928195,U,114.10
72.985963,L,95.73
72.977918,U,113.91
72.985816,R,641.20
73.035411,L,93.23
73.027639,U,114.00
73.084937,L,93.21
73.084306,R,641.14
73.077361,U,114.01
73.084307,R,641.16
73.134460,L,93.17
73.123020,R,275.64
73.127087,U,113.89
73.183908,L,90.69
73.172311,R,283.15
73.176808,U,114.03
73.233430,L,90.70
73.271058,R,293.16
73.226533,U,114.08
73.282873,L,88.13
73.271282,R,300.88
73.276253,U,113.91
73.320716,R,313.39
73.325974,U,113.88
73.332324,L,85.61
73.381841,L,85.59
73.419336,R,323.48
73.375696,U,114.01
73.419772,R,338.55
73.425417,U,113.82
73.434083,L,179.66
73.483528,L,177.03
73.468543,R,330.97
73.475207,U,116.49
73.532976,L,174.53
73.517603,R,333.42
73.524926,U,116.54
73.579630,L,75.39
73.616669,R,371.12
73.574652,U,116.49
73.631942,L,171.97
73.616889,R,378.73
73.624378,U,116.47
73.664791,R,341.04
73.674105,U,116.52
73.728253,L,77.81
73.715507,R,393.88
73.723825,U,116.54
73.730835,L,167.05
73.777851,L,80.47
73.812470,R,346.12
73.773473,U,113.96
73.827445,L,83.01
73.863129,R,403.94
73.823122,U,111.32
73.877040,L,85.59
73.863418,R,413.95
73.872843,U,111.39
73.912408,R,413.86
73.922498,U,108.92
73.926634,L,88.15
73.974757,L,39.85
74.010453,R,416.43
73.972216,U,108.80
74.024276,L,39.83
74.010530,R,419.08
74.021863,U,106.27
74.059442,R,416.43
74.073867,L,42.42
74.071583,U,106.41
74.123388,L,42.44
74.108504,R,419.03
74.121227,U,103.68
74.172906,L,42.39
74.157498,R,418.87
74.170945,U,103.75
74.206486,R,418.92
74.222426,L,42.35
74.220666,U,103.80
74.271873,L,39.85
74.255404,R,416.49
74.270314,U,101.14
74.321394,L,39.85
74.304398,R,416.52
74.319959,U,98.70
74.343785,R,84.55
74.370914,L,39.83
74.369606,U,96.03
74.420431,L,39.85
74.392629,R,79.75
74.419248,U,93.59
74.441477,R,74.55
74.469953,L,39.83
74.490391,R,72.11
74.468894,U,90.93
74.519473,L,39.87
74.518462,U,85.86
74.539235,R,67.17
74.568994,L,39.73
74.588149,R,64.56
74.568111,U,83.39
74.618584,L,42.42
74.637068,R,62.04
74.617761,U,80.73
74.668103,L,42.37
74.667409,U,78.21
74.685989,R,59.51
74.717623,L,42.41
74.717058,U,75.65
74.767213,L,44.91
74.783823,R,54.45
74.766703,U,73.20
74.783825,R,54.52
74.816729,L,44.91
74.832739,R,51.98
74.816353,U,70.52
74.866322,L,47.47
74.881657,R,49.49
74.866000,U,67.95
74.915621,L,39.85
74.915573,U,62.87
74.930654,R,49.40
74.965212,L,42.35
74.979645,R,49.52
74.965222,U,60.39
75.014881,L,47.59
75.028635,R,49.49
75.014874,U,57.82
75.064399,L,47.47
75.064518,U,55.24
75.077628,R,49.42
75.113991,L,49.97
75.114161,U,52.74
75.126616,R,49.47
75.163513,L,49.94
75.163809,U,50.18
75.175605,R,49.56
75.213030,L,50.03
75.223915,R,25.95
75.213385,U,45.20
75.262552,L,49.90
75.274047,R,49.49
75.263034,U,42.58
75.312068,L,49.96
75.312681,U,40.00
75.323043,R,49.39
75.361587,L,49.92
75.372059,R,49.49
75.362403,U,39.99
75.411130,L,49.99
75.421123,R,52.00
75.411949,U,34.06
75.460650,L,49.94
75.470188,R,54.52
75.461598,U,31.47
75.510168,L,49.99
75.529298,R,404.01
75.511173,U,26.28
75.559687,L,49.92
75.561013,U,21.22
75.609275,L,52.55
75.585387,R,641.18
75.627814,R,406.27
75.613787,U,111.51
75.658795,L,52.48
75.662329,U,70.57
75.708313,L,52.58
75.732965,R,641.14
75.711827,U,62.97
75.757829,L,52.53
75.782257,R,641.21
75.761473,U,60.43
75.807419,L,55.07
75.814716,R,59.53
75.811121,U,57.89
75.856936,L,55.05
75.860768,U,55.31
75.880541,R,641.30
75.906455,L,55.12
75.910414,U,52.74
75.955975,L,55.11
75.962919,R,92.22
75.959982,U,47.68
76.005500,L,55.04
76.009634,U,45.19
76.012279,R,104.92
76.055020,L,55.07
76.061632,R,117.37
76.059280,U,42.53
76.104542,L,55.05
76.110986,R,129.95
76.110995,U,111.40
76.154057,L,55.07
76.160346,R,142.47
76.160723,U,111.46
76.203579,L,55.04
76.209772,R,157.58
76.209778,U,88.54
76.253099,L,55.07
76.260163,U,111.42
76.259128,R,170.16
76.302623,L,55.04
76.308482,R,182.65
76.309884,U,111.42
76.352144,L,55.07
76.357836,R,195.25
76.359605,U,111.42
76.401695,L,55.00
76.407120,R,205.30
76.409327,U,111.42
76.451214,L,55.02
76.456549,R,220.41
76.459052,U,111.39
76.500808,L,57.61
76.505901,R,232.95
76.508776,U,111.42
76.550329,L,57.65
76.604245,R,245.46
76.558505,U,111.53
76.649371,L,57.72
76.653526,R,255.54
76.649445,L,60.27
76.653889,R,268.08
76.657949,U,111.42
76.698961,L,60.20
76.703242,R,280.65
76.707674,U,111.42
76.748482,L,60.19
76.752598,R,293.28
76.757399,U,111.49
76.798003,L,60.13
76.801949,R,305.77
76.807120,U,111.39
76.847597,L,62.73
76.851304,R,318.37
76.856768,U,108.83
76.897125,L,62.61
76.900590,R,328.53
76.906489,U,108.95
76.946645,L,62.73
76.998990,R,343.48
76.956210,U,108.93
76.996170,L,62.64
76.999358,R,356.18
77.005934,U,108.93
77.045760,L,65.27
77.048710,R,368.64
77.055652,U,108.88
77.095283,L,65.27
77.098063,R,381.20
77.105374,U,108.83
77.144804,L,65.22
77.147412,R,393.73
77.155094,U,108.88
77.194324,L,65.23
77.196689,R,403.78
77.204814,U,108.86
77.243920,L,67.77
77.295018,R,416.35
77.254532,U,108.81
77.293441,L,67.77
77.295457,R,431.54
77.304253,U,108.86
77.342962,L,67.69
77.393720,R,441.52
77.353974,U,108.95
77.392482,L,67.84
77.443147,R,456.68
77.403723,U,108.88
77.442078,L,70.28
77.443513,R,469.35
77.453447,U,108.83
77.491592,L,70.33
77.541848,R,481.79
77.503171,U,108.92
77.541111,L,70.28
77.542213,R,494.40
77.552895,U,109.00
77.590707,L,72.82
77.591564,R,506.89
77.602616,U,108.88
77.640225,L,72.89
77.640915,R,519.46
77.652338,U,108.88
77.689967,L,80.39
77.739251,R,532.05
77.702065,U,108.85
77.739412,L,77.93
77.733869,R,346.07
77.751785,U,108.92
77.788934,L,77.85
77.838422,R,557.20
77.801539,U,108.95
77.838448,L,78.00
77.881512,R,346.09
77.851253,U,108.90
77.887966,L,77.90
77.882604,R,383.84
77.900974,U,108.90
77.937479,L,77.97
77.931748,R,378.68
77.950698,U,108.99
77.986997,L,78.07
77.981431,R,398.84
78.000419,U,108.99
78.036511,L,77.97
78.078816,R,378.66
78.050140,U,108.93
78.086029,L,77.86
78.078818,R,378.71
78.099857,U,108.92
78.135548,L,77.86
78.125547,R,300.74
78.149613,U,108.83
78.185064,L,77.93
78.224009,R,303.37
78.199364,U,108.92
78.234582,L,77.85
78.226261,R,381.22
78.273506,R,320.94
78.249092,U,108.88
78.284097,L,78.00
78.298812,U,108.86
78.322877,R,326.04
78.333615,L,77.93
78.383128,L,77.95
78.373830,R,393.85
78.348533,U,108.88
78.398282,U,108.83
78.432575,L,75.36
78.421363,R,343.58
78.448004,U,108.88
78.482091,L,75.50
78.470737,R,348.54
78.531611,L,75.44
78.520016,R,358.65
78.497724,U,108.99
78.547445,U,108.92
78.581132,L,75.32
78.618215,R,366.20
78.597160,U,108.88
78.630651,L,75.38
78.667497,R,376.26
78.646880,U,108.90
78.680092,L,72.80
78.665463,R,305.98
78.696602,U,108.83
78.717171,R,388.87
78.729605,L,72.94
78.746321,U,108.83
78.779050,L,70.26
78.766380,R,396.42
78.796042,U,108.83
78.828566,L,70.31
78.815368,R,396.41
78.878087,L,70.35
78.861369,R,293.26
78.845762,U,108.99
78.895489,U,108.92
78.927535,L,67.76
78.910468,R,290.82
78.945279,U,111.44
78.977055,L,67.81
79.008738,R,288.20
78.995002,U,111.46
79.008744,R,288.41
79.026572,L,67.69
79.057659,R,285.76
79.044731,U,111.35
79.076090,L,67.74
79.094454,U,111.42
79.105199,R,235.56
79.125535,L,65.37
79.175048,L,65.27
79.154115,R,232.90
79.144177,U,111.44
79.201140,R,165.08
79.193977,U,113.96
79.224567,L,65.20
79.243696,U,113.91
79.274014,L,62.73
79.250060,R,162.67
79.298973,R,160.05
79.293419,U,113.91
79.323529,L,62.78
79.347890,R,157.49
79.343141,U,113.91
79.373049,L,62.64
79.423817,L,105.86
79.443900,R,89.70
79.442585,U,114.01
79.472899,L,90.58
79.493256,R,102.23
79.492308,U,113.93
79.522858,L,105.88
79.542609,R,114.84
79.542104,U,116.52
79.574878,L,192.28
79.591965,R,127.37
79.591825,U,116.54
79.621456,L,90.72
79.641322,R,139.90
79.641572,U,116.52
79.672818,L,154.17
79.720565,L,93.21
79.690751,R,155.07
79.691298,U,116.61
79.739748,R,154.99
79.741020,U,116.54
79.770012,L,90.70
79.788741,R,154.95
79.790742,U,116.52
79.819606,L,93.16
79.869050,L,90.76
79.886723,R,155.11
79.840466,U,116.49
79.886720,R,155.00
79.890188,U,116.45
79.918640,L,93.12
79.935705,R,155.05
79.939983,U,119.13
79.968157,L,93.17
79.983096,R,99.71
79.989407,U,108.99
80.017682,L,93.19
80.032012,R,97.20
80.039054,U,106.34
80.067228,L,93.19
80.081005,R,97.25
80.088778,U,106.34
80.116754,L,93.12
80.129922,R,94.78
80.138527,U,106.34
80.166277,L,93.26
80.178910,R,94.73
80.188250,U,106.36
80.215801,L,93.19
80.227904,R,94.66
80.237976,U,106.26
80.268270,L,194.78
80.276893,R,94.73
80.287693,U,106.41
80.317792,L,194.90
80.325887,R,94.66
80.337409,U,106.43
80.367316,L,194.78
80.374874,R,94.70
80.387129,U,106.34
80.416765,L,192.29
80.423865,R,94.73
80.436850,U,106.24
80.466293,L,192.22
80.472858,R,94.70
80.486564,U,106.36
80.515813,L,192.28
80.521846,R,94.73
80.536283,U,106.43
80.565337,L,192.22
80.570842,R,94.63
80.586004,U,106.34
80.614857,L,192.29
80.619826,R,94.73
80.635752,U,106.32
80.664336,L,189.70
80.668818,R,94.71
80.685397,U,103.75
80.763383,L,189.80
80.717807,R,94.64
80.735042,U,101.26
80.763383,L,189.80
80.766799,R,94.66
80.784761,U,101.18
80.812906,L,189.75
80.815787,R,94.71
80.834406,U,98.67
80.862433,L,189.70
80.864781,R,94.76
80.884130,U,98.63
80.911956,L,189.72
80.913701,R,92.10
80.933775,U,96.15
80.961477,L,189.75
80.962689,R,92.21
80.983498,U,96.28
81.011680,R,92.21
81.011002,L,189.74
81.033137,U,93.57
81.060521,L,189.74
81.060595,R,89.67
81.083666,U,121.67
81.110049,L,189.72
81.109585,R,89.55
81.155308,L,42.41
81.132577,U,93.52
81.158503,R,87.26
81.182219,U,91.03
81.204763,L,39.80
81.207419,R,84.62
81.258700,L,192.33
81.256407,R,84.64
81.231944,U,90.96
81.281663,U,90.96
81.303670,L,34.96
81.305402,R,84.74
81.331312,U,88.42
81.353120,L,32.38
81.354418,R,84.64
81.402613,L,31.36
81.403402,R,84.64
81.381028,U,88.39
81.430749,U,88.49
81.452164,L,32.38
81.452391,R,84.59
81.480392,U,85.95
81.501685,L,32.40
81.501376,R,84.62
81.530110,U,85.86
81.551213,L,32.40
81.550292,R,82.10
81.600776,L,33.92
81.599349,R,84.66
81.579826,U,85.81
81.629540,U,85.90
81.650304,L,33.83
81.648484,R,89.74
81.679186,U,83.27
81.699926,L,37.29
81.697329,R,84.55
81.749347,L,33.92
81.746385,R,87.18
81.728909,U,83.51
81.778630,U,83.29
81.795450,R,89.61
81.799041,L,39.78
81.828427,U,85.83
81.848560,L,39.85
81.844365,R,87.26
81.878146,U,85.95
81.893353,R,87.04
81.898086,L,39.88
81.947602,L,39.85
81.942338,R,87.16
81.927870,U,85.85
81.977589,U,85.85
81.997125,L,39.85
81.991331,R,87.26
82.046720,L,42.41
82.040316,R,87.18
82.027308,U,85.86
82.096241,L,42.41
82.089307,R,87.14
82.077027,U,85.83
82.126750,U,85.92
82.145764,L,42.37
82.187281,R,87.11
82.176019,U,70.62
82.195285,L,42.35
82.187287,R,87.30
82.236199,R,84.64
82.225596,U,65.65
82.244881,L,44.82
82.285114,R,82.13
82.275246,U,62.93
82.294398,L,44.95
82.324891,U,60.41
82.343943,L,44.95
82.334033,R,79.56
82.393542,L,47.47
82.383018,R,79.63
82.374542,U,57.85
82.431859,R,74.58
82.424260,U,57.77
82.443068,L,47.42
82.492615,L,47.47
82.480774,R,72.09
82.473978,U,57.84
82.542213,L,50.01
82.529765,R,72.08
82.523697,U,57.78
82.578175,R,51.87
82.573492,U,60.32
82.591735,L,50.06
82.623725,U,78.26
82.641038,L,42.41
82.627526,R,64.66
82.676654,R,69.59
82.673452,U,78.07
82.690857,L,52.46
82.724844,R,41.94
82.723173,U,78.16
82.740376,L,52.50
82.773910,R,44.44
82.772895,U,78.37
82.789632,L,42.25
82.839444,L,52.57
82.823258,R,57.04
82.822544,U,75.64
82.872537,R,67.13
82.872269,U,75.64
82.888969,L,52.58
82.938514,L,52.55
82.921527,R,66.98
82.921992,U,75.72
82.970513,R,67.01
82.971272,U,60.41
82.988037,L,52.57
83.037560,L,52.51
83.019500,R,66.96
83.020696,U,50.20
83.087033,L,50.03
83.068492,R,67.01
83.070120,U,40.00
83.117482,R,67.01
83.120804,U,73.25
83.136559,L,49.92
83.166473,R,67.05
83.170522,U,73.15
83.186150,L,52.51
83.215465,R,67.08
83.220249,U,73.35
83.235676,L,52.55
83.285195,L,52.57
83.264531,R,69.50
83.269966,U,73.20
83.313521,R,69.54
83.319685,U,73.18
83.334723,L,52.48
83.362515,R,69.54
83.369407,U,73.20
83.384246,L,52.43
83.433762,L,52.57
83.460493,R,69.55
83.419126,U,73.20
83.468923,U,75.58
83.483286,L,52.46
83.509485,R,69.54
83.518637,U,75.74
83.532807,L,52.64
83.558548,R,72.13
83.568387,U,75.76
83.582329,L,52.48
83.631850,L,52.48
83.607545,R,71.97
83.618109,U,75.74
83.656531,R,72.04
83.667833,U,75.72
83.681327,L,49.89
83.705523,R,72.13
83.730846,L,50.01
83.717559,U,75.67
83.780370,L,50.03
83.754511,R,72.02
83.767355,U,78.28
83.803499,R,72.09
83.829675,L,42.30
83.852553,R,74.63
83.817082,U,78.33
83.879192,L,42.41
83.866803,U,78.18
83.901543,R,74.49
83.916525,U,78.18
83.928714,L,42.27
83.950529,R,74.62
83.978229,L,42.41
84.048505,R,74.62
84.015892,U,75.64
84.065617,U,75.62
84.077281,L,42.28
84.097570,R,77.05
84.115338,U,75.69
84.126802,L,42.34
84.146633,R,79.59
84.165064,U,75.64
84.176250,L,39.74
84.225770,L,39.87
84.195620,R,79.61
84.214786,U,75.74
84.275294,L,39.81
84.244684,R,82.05
84.264510,U,75.74
84.293749,R,84.57
84.314233,U,75.70
84.324819,L,39.76
84.345055,R,165.11
84.374416,L,42.41
84.363958,U,75.64
84.394046,R,165.20
84.423943,L,42.37
84.413684,U,75.70
84.443110,R,167.55
84.475453,L,111.01
84.492093,R,167.62
84.463407,U,75.84
84.513133,U,75.65
84.524982,L,110.92
84.574503,L,111.02
84.541300,R,175.19
84.562851,U,75.74
84.590211,R,172.58
84.612577,U,75.76
84.624027,L,110.92
84.639273,R,175.10
84.673500,L,108.45
84.662302,U,75.67
84.688262,R,175.25
84.712025,U,75.74
84.723021,L,108.54
84.737323,R,177.74
84.772466,L,105.91
84.786309,R,177.69
84.761751,U,75.67
84.821991,L,105.94
84.811477,U,75.64
84.835375,R,180.28
84.871438,L,103.35
84.884434,R,182.70
84.861278,U,78.31
84.920959,L,103.39
84.910998,U,78.21
84.933423,R,182.79
84.960752,U,78.21
84.970417,L,100.81
84.982404,R,182.72
85.019862,L,98.32
85.031461,R,185.21
85.010473,U,78.21
85.069384,L,98.27
85.060273,U,80.85
85.118835,L,95.73
85.129462,R,185.14
85.109992,U,80.85
85.129539,R,187.82
85.159712,U,80.85
85.168357,L,95.66
85.178523,R,187.78
85.217807,L,93.19
85.227512,R,187.75
85.209511,U,83.32
85.267327,L,93.23
85.259239,U,83.31
85.276581,R,190.37
85.316780,L,90.62
85.325640,R,192.76
85.308967,U,83.39
85.366300,L,90.69
85.374629,R,192.78
85.358688,U,83.32
85.408412,U,83.31
85.415826,L,90.67
85.423624,R,192.67
85.465270,L,88.16
85.472687,R,195.25
85.458215,U,86.05
85.514793,L,88.11
85.507942,U,85.97
85.521751,R,197.84
85.557660,U,85.95
85.564242,L,85.57
85.570738,R,197.68
85.607385,U,85.83
85.613690,L,83.17
85.619872,R,202.78
85.663133,L,80.53
85.657109,U,85.85
85.668864,R,202.89
85.712658,L,80.51
85.706831,U,86.05
85.717847,R,202.83
85.762114,L,77.86
85.766903,R,205.29
85.756625,U,88.41
85.806349,U,88.39
85.811562,L,75.51
85.815892,R,205.30
85.861008,L,72.87
85.864950,R,207.81
85.856146,U,90.95
85.910531,L,72.87
85.913934,R,207.79
85.905867,U,90.96
85.959978,L,70.31
85.955588,U,90.98
85.961180,R,147.55
86.009426,L,67.82
86.007185,R,44.43
86.005341,U,90.98
86.058947,L,67.72
86.056538,R,56.92
86.054995,U,88.46
86.104721,U,88.41
86.108393,L,65.28
86.105813,R,67.13
86.157917,L,65.25
86.155164,R,79.63
86.154370,U,85.88
86.207443,L,65.28
86.204441,R,89.67
86.204019,U,83.27
86.256969,L,65.20
86.253726,R,99.65
86.253740,U,83.38
86.306492,L,65.23
86.303004,R,109.73
86.303020,U,68.07
86.356018,L,65.27
86.352355,R,122.31
86.352375,U,55.33
86.401654,U,39.99
86.405541,L,65.25
86.401631,R,132.38
86.455063,L,65.28
86.450908,R,142.42
86.452412,U,75.62
86.504589,L,65.27
86.500262,R,154.95
86.502059,U,73.15
86.554113,L,65.25
86.549613,R,167.60
86.551780,U,73.08
86.602971,L,42.42
86.598895,R,177.74
86.601425,U,70.68
86.652495,L,42.39
86.648244,R,190.01
86.651141,U,70.62
86.702165,L,47.50
86.697522,R,200.26
86.700791,U,67.98
86.751617,L,44.88
86.746871,R,212.79
86.750511,U,68.05
86.801286,L,50.03
86.796222,R,225.40
86.800261,U,68.07
86.850883,L,52.53
86.845506,R,235.42
86.849909,U,65.44
86.900478,L,55.11
86.894784,R,245.48
86.899630,U,65.49
86.950071,L,57.59
86.993188,R,260.55
86.949354,U,65.56
86.999667,L,60.20
86.993553,R,273.18
86.999078,U,65.46
87.049263,L,62.66
87.042904,R,285.69
87.048826,U,65.42
87.098929,L,67.81
87.139640,R,242.96
87.098550,U,65.44
87.148524,L,70.36
87.141318,R,300.95
87.148274,U,65.46
87.198120,L,72.90
87.190303,R,300.78
87.197994,U,65.49
87.247795,L,77.92
87.239296,R,300.88
87.247719,U,65.51
87.297395,L,80.42
87.337274,R,300.78
87.297443,U,65.49
87.347062,L,85.54
87.336984,R,290.77
87.347046,U,60.39
87.386192,R,298.24
87.396660,L,88.01
87.396700,U,57.94
87.446323,L,93.16
87.435180,R,298.38
87.446345,U,55.31
87.495916,L,95.71
87.484101,R,295.78
87.495993,U,52.77
87.533089,R,295.71
87.545583,L,100.81
87.545643,U,50.16
87.582002,R,293.40
87.595251,L,105.88
87.595220,U,45.26
87.644842,L,108.47
87.630992,R,293.19
87.644866,U,42.58
87.694510,L,113.51
87.679937,R,290.67
87.694515,U,40.02
87.744105,L,116.05
87.728927,R,290.76
87.745052,U,68.10
87.777910,R,290.69
87.793702,L,118.65
87.793790,U,34.04
87.826900,R,290.89
87.843511,L,128.68
87.844737,U,68.07
87.875884,R,290.72
87.893108,U,21.29
87.893104,L,131.38
87.924894,R,290.81
87.942920,L,141.45
87.944590,U,68.07
87.992589,L,146.55
87.973882,R,290.69
87.994314,U,68.08
88.022871,R,290.67
88.042190,L,149.06
88.044041,U,68.01
88.091855,L,154.12
88.071858,R,290.82
88.093792,U,68.08
88.141449,L,156.73
88.119683,R,250.46
88.143547,U,68.10
88.191042,L,159.20
88.217650,R,250.41
88.193269,U,68.08
88.240708,L,164.35
88.218240,R,270.78
88.243023,U,68.08
88.290306,L,166.86
88.266718,R,253.07
88.292744,U,68.08
88.316210,R,270.59
88.339903,L,169.45
88.365194,R,270.68
88.342468,U,68.15
88.389579,L,174.58
88.392192,U,68.07
88.439171,L,177.07
88.414179,R,270.71
88.441914,U,68.08
88.463237,R,273.11
88.488845,L,182.25
88.491641,U,68.00
88.512226,R,273.28
88.538443,L,184.69
88.541435,U,70.62
88.588116,L,189.77
88.560341,R,243.15
88.591160,U,70.64
88.610134,R,270.66
88.637790,L,194.75
88.640887,U,70.61
88.687457,L,199.84
88.708179,R,273.30
88.690633,U,70.62
88.708106,R,270.80
88.786572,L,202.40
88.757095,R,270.68
88.740434,U,73.06
88.786721,L,207.53
88.806081,R,270.69
88.790157,U,73.06
88.836320,L,210.02
88.839875,U,73.25
88.885986,L,215.19
88.855071,R,270.73
88.889592,U,73.20
88.904058,R,270.57
88.935583,L,217.76
88.939346,U,73.08
88.953115,R,273.23
88.985253,L,222.78
88.989063,U,73.16
89.002104,R,273.28
89.034850,L,225.37
89.038817,U,73.27
89.083638,L,199.93
89.106212,R,479.38
89.088539,U,73.18
89.133158,L,199.95
89.155192,R,479.38
89.138260,U,73.18
89.155191,R,479.35
89.231318,L,169.40
89.193696,R,117.35
89.187986,U,73.06
89.231321,L,169.48
89.242680,R,117.35
89.237708,U,73.08
89.280769,L,166.80
89.291664,R,117.35
89.287430,U,73.06
89.330292,L,166.80
89.338546,R,44.36
89.337151,U,73.22
89.379744,L,164.28
89.387996,R,54.54
89.386878,U,73.28
89.429269,L,164.40
89.437346,R,67.08
89.436599,U,73.15
89.478790,L,164.39
89.486698,R,79.70
89.486324,U,73.15
89.528240,L,161.71
89.536045,R,92.21
89.536045,U,73.15
89.577760,L,161.76
89.585468,R,107.27
89.585469,U,62.93
89.627286,L,161.74
89.634676,R,114.81
89.634819,U,50.18
89.676810,L,161.76
89.683662,R,114.72
89.685280,U,75.70
89.726333,L,161.76
89.732649,R,114.79
89.735003,U,75.69
89.775856,L,161.85
89.781633,R,114.84
89.784755,U,75.65
89.825404,L,161.86
89.830617,R,114.74
89.834472,U,75.70
89.874928,L,161.76
89.879600,R,114.81
89.884194,U,75.70
89.924456,L,161.74
89.928587,R,114.84
89.933920,U,75.65
89.973981,L,161.83
89.977576,R,114.72
89.983642,U,75.77
90.022108,L,113.53
90.026561,R,114.81
90.033464,U,78.30
90.073029,L,161.72
90.075548,R,114.79
90.083190,U,78.24
90.121083,L,110.97
90.124612,R,117.30
90.132910,U,78.30
90.170535,L,108.55
90.173601,R,117.31
90.182630,U,78.30
90.221598,L,161.79
90.222664,R,119.94
90.232381,U,78.30
90.271118,L,161.79
90.271648,R,119.82
90.282101,U,78.19
90.320572,L,159.22
90.320639,R,119.84
90.331822,U,78.37
90.370094,L,159.31
90.369707,R,122.43
90.381546,U,78.37
90.419620,L,159.22
90.418695,R,122.36
90.431263,U,78.30
90.467602,L,105.91
90.467689,R,122.29
90.480983,U,78.30
90.518596,L,156.73
90.516782,R,124.83
90.530709,U,78.30
90.567094,L,121.22
90.565771,R,124.87
90.580385,U,75.74
90.617576,L,154.19
90.614838,R,127.32
90.630111,U,75.69
90.667029,L,151.63
90.663832,R,127.48
90.679831,U,75.74
90.716555,L,151.67
90.712904,R,129.95
90.761896,R,129.91
90.729555,U,75.81
90.766083,L,151.72
90.779275,U,75.67
90.815559,L,149.14
90.810889,R,130.00
90.828996,U,75.83
90.865082,L,149.13
90.859960,R,132.35
90.878718,U,75.74
90.914635,L,149.11
90.908956,R,132.33
90.928443,U,75.74
90.958023,R,134.85
90.964084,L,146.55
90.978170,U,75.74
91.013600,L,146.59
91.007015,R,134.89
91.027969,U,78.28
91.063052,L,143.93
91.056083,R,137.39
91.077698,U,78.21
91.112569,L,144.00
91.105073,R,137.48
91.127421,U,78.30
91.154097,R,137.38
91.162094,L,144.12
91.177247,U,80.82
91.211617,L,143.87
91.203092,R,137.34
91.261092,L,141.49
91.252154,R,139.97
91.226969,U,80.94
91.276686,U,80.73
91.310616,L,141.47
91.301147,R,139.90
91.326408,U,80.85
91.359574,L,121.15
91.350141,R,140.07
91.376055,U,78.28
91.409683,L,141.45
91.399138,R,139.97
91.448128,R,139.95
91.425780,U,78.16
91.459205,L,141.52
91.475425,U,75.70
91.497197,R,142.58
91.508720,L,141.52
91.546190,R,142.47
91.525225,U,78.37
91.558163,L,139.02
91.595186,R,142.53
91.575019,U,80.80
91.607687,L,138.86
91.624742,U,80.70
91.657206,L,138.95
91.644179,R,142.41
91.693243,R,145.00
91.674490,U,80.77
91.706658,L,136.51
91.724288,U,83.29
91.756175,L,136.41
91.742236,R,144.91
91.803053,L,44.93
91.791303,R,147.52
91.774008,U,83.50
91.823728,U,83.29
91.855220,L,136.37
91.840298,R,147.49
91.873447,U,83.39
91.904663,L,133.87
91.889218,R,144.96
91.923199,U,83.29
91.954187,L,133.82
91.938215,R,144.86
91.987129,R,142.47
91.972923,U,83.27
92.001503,L,57.66
92.034086,R,72.11
92.022744,U,85.90
92.050951,L,55.00
92.100468,L,55.11
92.083006,R,69.57
92.072469,U,85.95
92.131927,R,67.06
92.122188,U,85.83
92.149918,L,52.46
92.171910,U,85.85
92.199435,L,52.57
92.180926,R,66.94
92.249032,L,55.07
92.229845,R,64.63
92.271355,U,85.86
92.278837,R,64.54
92.271283,U,83.36
92.298560,L,55.09
92.327833,R,64.58
92.321001,U,83.36
92.348078,L,55.05
92.376826,R,64.58
92.370650,U,80.82
92.397597,L,55.04
92.425750,R,62.07
92.420373,U,80.73
92.447119,L,55.18
92.474673,R,59.53
92.470118,U,80.82
92.496715,L,57.47
92.546227,L,57.65
92.523598,R,56.99
92.519842,U,80.75
92.572666,R,59.51
92.569560,U,80.77
92.595745,L,57.58
92.645268,L,57.65
92.621080,R,39.43
92.619285,U,80.85
92.694790,L,57.63
92.670435,R,51.89
92.669007,U,80.85
92.719349,R,49.46
92.718727,U,80.80
92.793834,L,57.54
92.768629,R,59.55
92.768447,U,80.82
92.793839,L,57.73
92.817689,R,62.05
92.817949,U,73.15
92.843435,L,60.07
92.892953,L,60.27
92.866679,R,61.97
92.867303,U,60.39
92.942473,L,60.13
92.915668,R,62.02
92.916655,U,47.68
92.964657,R,61.93
92.966521,U,52.74
92.991998,L,60.10
93.013641,R,62.05
93.016981,U,78.26
93.041522,L,60.13
93.062558,R,59.53
93.066699,U,78.30
93.091121,L,62.67
93.111542,R,59.55
93.116423,U,78.33
93.140645,L,62.61
93.160385,R,54.52
93.166146,U,78.40
93.190165,L,62.61
93.209303,R,51.94
93.215863,U,78.30
93.239687,L,62.64
93.258287,R,52.00
93.265584,U,78.30
93.289210,L,62.69
93.307348,R,54.48
93.315304,U,78.30
93.338800,L,65.30
93.356407,R,56.97
93.365024,U,78.30
93.388324,L,65.18
93.405395,R,56.92
93.437840,L,65.27
93.414751,U,78.26
93.454306,R,54.42
93.464423,U,75.74
93.487365,L,65.30
93.503370,R,57.02
93.514220,U,78.28
93.536887,L,65.18
93.552281,R,54.52
93.563940,U,78.28
93.586410,L,65.18
93.600443,R,26.01
93.613663,U,78.37
93.635860,L,62.64
93.650499,R,56.92
93.663387,U,78.30
93.685379,L,62.64
93.699486,R,57.02
93.713109,U,78.30
93.734896,L,62.61
93.748478,R,56.92
93.784414,L,62.73
93.762316,U,60.36
93.834008,L,65.28
93.797496,R,57.13
93.811960,U,57.87
93.846554,R,59.43
93.861610,U,55.24
93.883529,L,65.16
93.895542,R,59.55
93.933123,L,67.81
93.911255,U,52.69
93.944535,R,59.62
93.960976,U,52.72
93.982649,L,67.70
93.993520,R,59.46
94.010695,U,52.79
94.032242,L,70.30
94.042509,R,59.55
94.060491,U,55.33
94.081691,L,67.74
94.091495,R,59.55
94.110805,U,75.64
94.131212,L,67.88
94.140485,R,59.53
94.160525,U,75.69
94.180729,L,67.72
94.189403,R,56.92
94.230324,L,70.31
94.210174,U,73.06
94.238390,R,57.15
94.259893,U,73.18
94.279848,L,70.28
94.287372,R,57.02
94.329368,L,70.33
94.336290,R,54.52
94.309613,U,73.11
94.378890,L,70.36
94.359335,U,73.11
94.385212,R,51.81
94.409057,U,73.13
94.428341,L,67.72
94.433368,R,23.48
94.458702,U,70.61
94.477786,L,65.15
94.482722,R,23.48
94.508425,U,70.55
94.527306,L,65.20
94.532543,R,52.08
94.558171,U,70.61
94.576828,L,65.22
94.581171,R,39.43
94.607968,U,73.28
94.626352,L,65.18
94.630387,R,46.97
94.657692,U,73.09
94.675874,L,65.34
94.679530,R,52.01
94.707412,U,73.20
94.725399,L,65.18
94.728598,R,54.61
94.774916,L,65.27
94.777660,R,57.02
94.757210,U,75.65
94.807002,U,78.19
94.824511,L,67.74
94.831169,R,212.99
94.874031,L,67.81
94.880231,R,215.36
94.856799,U,80.75
94.923554,L,67.81
94.929297,R,217.88
94.907336,U,108.80
94.957056,U,108.78
94.973077,L,67.70
94.978362,R,220.44
95.006776,U,108.90
95.022598,L,67.77
95.027358,R,220.41
95.056504,U,109.00
95.072118,L,67.77
95.076352,R,220.36
95.121715,L,70.36
95.125413,R,222.91
95.106226,U,108.80
95.171234,L,70.36
95.155949,U,108.80
95.174479,R,225.54
95.220760,L,70.31
95.223545,R,227.92
95.205674,U,108.90
95.270283,L,70.36
95.272608,R,230.46
95.255391,U,108.81
95.305142,U,108.78
95.319804,L,70.31
95.321679,R,232.97
95.354787,U,106.36
95.369327,L,70.36
95.370668,R,232.94
95.404514,U,106.39
95.418852,L,70.26
95.419731,R,235.49
95.454237,U,106.24
95.468374,L,70.42
95.517792,R,238.09
95.503880,U,103.82
95.517896,L,70.30
95.517862,R,240.52
95.567516,L,72.85
95.566932,R,243.03
95.553606,U,103.68
95.603255,U,101.16
95.617035,L,72.97
95.615996,R,245.53
95.666556,L,72.85
95.665063,R,248.06
95.652979,U,101.19
95.716148,L,75.43
95.714131,R,250.58
95.702697,U,101.14
95.752421,U,101.16
95.765671,L,75.34
95.763198,R,253.08
95.815218,L,75.48
95.812261,R,255.56
95.851890,U,101.12
95.851895,U,101.31
95.864813,L,78.04
95.914331,L,77.99
95.916018,R,451.63
95.901618,U,101.18
95.953445,R,51.86
95.951338,U,101.24
95.963931,L,80.37
96.013450,L,80.51
96.001065,U,101.16
96.052270,R,69.59
96.050788,U,101.26
96.063051,L,83.24
96.112645,L,85.61
96.101700,R,84.64
96.100541,U,101.14
96.162094,L,83.05
96.151057,R,97.22
96.150266,U,101.14
96.211763,L,88.09
96.200413,R,109.80
96.200017,U,101.24
96.261207,L,85.59
96.249773,R,122.34
96.249736,U,101.21
96.299133,R,134.85
96.299459,U,101.21
96.360469,L,93.21
96.348487,R,147.55
96.349179,U,101.21
96.397846,R,160.01
96.397863,U,65.49
96.410207,L,100.78
96.459876,L,105.93
96.447205,R,172.58
96.448688,U,103.77
96.496562,R,185.14
96.498410,U,103.77
96.509472,L,108.57
96.559063,L,111.01
96.545920,R,197.72
96.548130,U,103.70
96.608733,L,116.12
96.595345,R,212.77
96.597848,U,103.80
96.658330,L,118.59
96.644701,R,225.30
96.647646,U,106.38
96.707922,L,121.17
96.694127,R,240.47
96.697366,U,106.26
96.743483,R,253.05
96.747087,U,106.26
96.807399,L,136.32
96.792838,R,265.65
96.796878,U,108.88
96.808287,L,167.01
96.842196,R,278.28
96.846605,U,108.97
96.857807,L,166.96
96.907325,L,166.87
96.891264,R,280.68
96.896324,U,108.88
96.940255,R,280.66
96.946045,U,108.88
96.956847,L,166.86
97.006445,L,169.41
96.989322,R,283.19
96.995768,U,108.83
97.038312,R,283.17
97.045489,U,108.88
97.055967,L,169.48
97.105562,L,171.95
97.087305,R,283.19
97.095214,U,108.81
97.155158,L,174.55
97.136297,R,283.17
97.144964,U,108.85
97.185217,R,280.68
97.204756,L,177.03
97.194692,U,108.86
97.254350,L,179.63
97.234209,R,280.82
97.244411,U,108.81
97.283202,R,280.70
97.294165,U,108.78
97.305857,L,248.26
97.332195,R,280.77
97.404819,L,245.65
97.381188,R,280.73
97.393610,U,108.92
97.404748,L,243.22
97.454268,L,243.15
97.430038,R,275.79
97.443334,U,108.92
97.479029,R,275.62
97.493057,U,108.92
97.503793,L,243.27
97.527218,R,248.14
97.553238,L,240.61
97.542707,U,106.27
97.602758,L,240.61
97.576284,R,250.68
97.592425,U,106.36
97.624845,R,235.56
97.652310,L,240.57
97.673832,R,235.58
97.642176,U,106.45
97.701759,L,238.09
97.691895,U,106.27
97.722755,R,233.09
97.741618,U,106.32
97.751285,L,238.07
97.771743,R,233.06
97.791340,U,106.34
97.800803,L,238.10
97.820807,R,235.51
97.841066,U,106.41
97.850351,L,238.03
97.899868,L,238.07
97.869803,R,235.60
97.890785,U,106.38
97.918798,R,235.44
97.940506,U,106.36
97.949318,L,235.65
97.967795,R,235.63
97.998545,L,225.35
97.990233,U,106.27
98.014968,R,172.77
98.039953,U,106.36
98.047996,L,222.83
98.064183,R,180.18
98.097517,L,222.78
98.114845,R,238.02
98.089751,U,108.83
98.141891,L,44.95
98.139476,U,108.86
98.163839,R,238.12
98.196490,L,220.22
98.212904,R,240.54
98.189125,U,106.38
98.245934,L,217.71
98.260880,R,205.34
98.238846,U,106.29
98.290749,L,55.07
98.288567,U,106.26
98.310096,R,212.80
98.340341,L,57.65
98.359378,R,222.95
98.338287,U,106.43
98.389936,L,60.05
98.388007,U,106.27
98.408953,R,243.18
98.439530,L,62.69
98.437724,U,106.29
98.489121,L,65.30
98.506944,R,243.13
98.487443,U,106.34
98.506942,R,243.06
98.538791,L,70.30
98.555926,R,243.08
98.537163,U,106.26
98.588383,L,72.90
98.586886,U,106.29
98.604990,R,245.65
98.638056,L,77.93
98.653908,R,243.06
98.636616,U,106.46
98.702971,R,245.53
98.686335,U,106.31
98.750214,L,527.86
98.736064,U,106.22
98.750137,L,525.18
98.751967,R,245.50
98.785860,U,108.85
98.849417,L,527.73
98.849946,R,245.60
98.835581,U,108.86
98.849875,R,243.15
98.849420,L,527.86
98.886288,L,90.57
98.898869,R,243.06
98.885307,U,108.80
98.935954,L,95.77
98.947863,R,243.04
98.935058,U,108.81
98.985554,L,98.25
98.984781,U,108.81
98.996857,R,243.10
99.035218,L,103.39
99.045919,R,245.57
99.034533,U,108.81
99.084889,L,108.42
99.084256,U,108.81
99.094917,R,245.58
99.134483,L,111.01
99.143910,R,245.48
99.133976,U,108.90
99.184081,L,113.53
99.192900,R,245.53
99.183701,U,108.86
99.233679,L,116.09
99.236000,R,41.96
99.233420,U,108.81
99.283350,L,121.05
99.283141,U,108.86
99.291175,R,248.16
99.332946,L,123.64
99.334788,R,62.04
99.332862,U,108.86
99.382540,L,126.23
99.384148,R,74.60
99.382582,U,108.88
99.432209,L,131.26
99.433509,R,87.16
99.432156,U,103.75
99.481805,L,133.89
99.482864,R,99.78
99.481804,U,101.21
99.531450,U,98.67
99.531397,L,136.37
99.532222,R,112.30
99.581065,L,141.39
99.581579,R,124.87
99.581093,U,96.11
99.630735,L,146.47
99.630937,R,137.41
99.630665,U,91.10
99.680258,L,146.54
99.680293,R,149.97
99.680307,U,88.46
99.729661,U,75.70
99.729926,L,151.74
99.729575,R,160.10
99.779523,L,154.19
99.778932,R,172.56
99.779529,U,80.82
99.829117,L,156.75
99.828289,R,185.17
99.829176,U,78.26
99.878717,L,159.22
99.877645,R,197.70
99.878753,U,73.20
99.928313,L,161.85
99.926999,R,210.32
99.928396,U,70.61
99.977982,L,166.89
99.976359,R,222.88
99.979149,U,106.32
100.027577,L,169.45
100.025717,R,235.46
100.027616,U,62.92
100.077250,L,174.48
100.075073,R,248.04
100.078665,U,108.83
100.126909,U,57.85
100.126918,L,179.63
100.173061,R,248.13
100.173059,R,248.06
100.178110,U,108.86
100.176518,L,182.18
100.226114,L,184.69
100.222054,R,248.02
100.227833,U,108.86
100.275708,L,187.25
100.271051,R,248.04
100.275791,U,47.49
100.326776,L,240.59
100.320045,R,248.02
100.327353,U,111.42
100.376225,L,238.05
100.369038,R,248.02
100.377000,U,108.92
100.413669,R,97.18
100.425673,L,235.46
100.426719,U,108.85
100.474238,L,202.49
100.462515,R,92.31
100.476440,U,108.92
100.511436,R,89.68
100.523839,L,204.99
100.526165,U,109.00
100.560354,R,87.11
100.575886,U,108.90
100.632469,L,525.28
100.609273,R,84.69
100.623202,L,205.03
100.625612,U,108.80
100.670006,L,110.99
100.658195,R,82.08
100.675330,U,108.90
100.707110,R,79.59
100.722253,L,205.15
100.725050,U,109.02
100.771774,L,204.99
100.756106,R,79.63
100.774769,U,108.93
100.821370,L,207.53
100.805094,R,79.57
100.824417,U,106.36
100.854084,R,79.57
100.867145,L,77.93
100.903001,R,77.14
100.874146,U,106.31
100.920563,L,212.60
100.923859,U,106.32
100.951999,R,77.12
100.970014,L,210.06
100.973581,U,106.29
101.001061,R,79.61
101.019531,L,210.11
101.050054,R,79.66
101.023299,U,106.27
101.068985,L,207.60
101.073016,U,106.32
101.099049,R,79.59
101.168020,L,207.64
101.148040,R,79.66
101.122739,U,106.38
101.167283,L,182.18
101.172460,U,106.24
101.216510,L,171.97
101.197180,R,84.62
101.222176,U,106.34
101.246248,R,87.16
101.265809,L,164.39
101.271898,U,106.29
101.295239,R,87.14
101.315040,L,154.10
101.344379,R,92.22
101.321619,U,106.32
101.364342,L,146.55
101.393444,R,94.73
101.371270,U,103.77
101.415635,L,207.50
101.420993,U,103.75
101.462945,L,131.35
101.446873,R,248.04
101.495862,R,248.04
101.470715,U,103.87
101.513203,L,156.75
101.520439,U,103.66
101.562577,L,151.67
101.544927,R,250.60
101.570157,U,103.80
101.593915,R,250.54
101.612029,L,149.13
101.619882,U,103.73
101.661480,L,146.50
101.646400,R,371.25
101.669628,U,103.80
101.710922,L,144.03
101.695388,R,371.18
101.717728,U,47.68
101.760369,L,141.45
101.793357,R,371.19
101.767382,U,45.14
101.809812,L,138.98
101.793360,R,371.30
101.818801,U,103.80
101.842425,R,373.75
101.859258,L,136.43
101.891415,R,373.75
101.868531,U,103.84
101.908704,L,133.92
101.918247,U,103.77
101.940410,R,373.84
101.958224,L,133.89
101.967967,U,103.75
102.007669,L,131.33
101.989476,R,376.19
102.038466,R,376.22
102.017688,U,103.72
102.057188,L,131.26
102.067413,U,103.84
102.106709,L,131.33
102.087526,R,378.83
102.136515,R,378.75
102.117139,U,103.82
102.156310,L,133.97
102.166861,U,103.77
102.205910,L,136.41
102.185581,R,381.29
102.216584,U,103.82
102.234573,R,381.23
102.255508,L,139.00
102.283638,R,383.81
102.266307,U,103.77
102.305032,L,138.88
102.316031,U,103.72
102.354552,L,138.97
102.332707,R,386.38
102.381767,R,388.79
102.365755,U,103.89
102.404076,L,139.05
102.415474,U,103.77
102.430906,R,393.99
102.453600,L,138.90
102.465124,U,101.28
102.503122,L,138.97
102.528891,R,393.99
102.514848,U,101.24
102.528963,R,396.47
102.552645,L,138.98
102.567232,R,26.01
102.564574,U,101.14
102.602122,L,136.37
102.614222,U,98.67
102.627410,R,404.10
102.651575,L,133.80
102.681520,R,572.23
102.663943,U,98.70
102.701096,L,133.90
102.715646,R,49.47
102.713665,U,98.67
102.750622,L,133.92
102.765002,R,62.07
102.763389,U,98.67
102.800141,L,133.85
102.814290,R,72.02
102.813040,U,96.09
102.849591,L,131.42
102.863643,R,84.71
102.862762,U,96.18
102.899113,L,131.26
102.913002,R,97.25
102.912485,U,96.11
102.948635,L,131.28
102.962288,R,107.31
102.962205,U,96.11
102.998236,L,133.75
103.011712,R,122.40
103.011708,U,88.47
103.047759,L,133.85
103.060994,R,132.47
103.061066,U,75.79
103.097313,L,133.77
103.110353,R,145.03
103.110342,U,60.39
103.146837,L,133.82
103.159713,R,157.58
103.159771,U,50.18
103.196359,L,133.78
103.209072,R,170.09
103.210748,U,93.55
103.245877,L,133.87
103.295401,L,133.92
103.307351,R,180.25
103.260473,U,93.52
103.307715,R,192.83
103.310119,U,90.95
103.344928,L,133.82
103.357073,R,205.36
103.359840,U,90.98
103.394449,L,133.83
103.406356,R,215.40
103.409563,U,91.01
103.443977,L,133.77
103.455711,R,227.98
103.459241,U,88.42
103.493501,L,133.92
103.505069,R,240.54
103.508962,U,88.53
103.543029,L,133.83
103.592551,L,133.89
103.603351,R,250.61
103.558681,U,88.54
103.603716,R,263.21
103.608353,U,85.85
103.642075,L,133.80
103.653077,R,275.74
103.658074,U,85.86
103.691602,L,133.78
103.751423,R,288.32
103.707796,U,85.93
103.741124,L,133.97
103.751788,R,300.92
103.757514,U,85.99
103.790644,L,133.85
103.801147,R,313.43
103.807231,U,85.90
103.840170,L,133.85
103.850506,R,326.01
103.856951,U,85.88
103.889695,L,133.77
103.899857,R,338.53
103.906672,U,85.92
103.939293,L,136.39
103.949289,R,353.65
103.956393,U,85.99
103.988814,L,136.36
103.998572,R,363.59
104.006182,U,88.46
104.038411,L,138.91
104.047921,R,376.21
104.055906,U,88.47
104.089778,L,202.40
104.146271,R,388.84
104.105631,U,88.53
104.139299,L,202.51
104.146635,R,401.43
104.155354,U,88.39
104.188820,L,202.47
104.195993,R,413.91
104.205075,U,88.42
104.238343,L,202.42
104.294331,R,426.56
104.254799,U,88.42
104.287864,L,202.57
104.294478,R,431.64
104.304522,U,88.46
104.337383,L,202.47
104.343469,R,431.52
104.354169,U,85.92
104.386904,L,202.49
104.392538,R,434.04
104.403888,U,85.90
104.436427,L,202.51
104.441529,R,434.01
104.453684,U,88.47
104.484552,L,154.29
104.492120,R,489.34
104.503405,U,88.46
104.535477,L,202.44
104.589266,R,449.18
104.553204,U,90.91
104.585005,L,202.54
104.588975,R,439.12
104.602773,U,85.92
104.634531,L,202.57
104.687101,R,444.13
104.652493,U,85.92
104.684052,L,202.52
104.736097,R,444.17
104.702217,U,85.90
104.733575,L,202.44
104.736171,R,446.73
104.751937,U,85.93
104.783171,L,205.01
104.834076,R,444.15
104.801584,U,83.39
104.832698,L,205.11
104.834076,R,444.13
104.851310,U,83.31
104.882220,L,205.03
104.882992,R,441.52
104.931744,L,205.03
104.901035,U,83.46
104.932054,R,444.19
104.950757,U,83.39
104.981274,L,204.92
104.981040,R,444.05
105.000479,U,83.39
105.030794,L,205.05
105.029959,R,441.51
105.050130,U,80.73
105.080322,L,205.03
105.127937,R,441.65
105.099851,U,80.84
105.129871,L,205.06
105.176848,R,439.09
105.149571,U,80.85
105.179396,L,205.01
105.176849,R,439.12
105.199371,U,83.34
105.278470,L,205.11
105.274826,R,439.10
105.249013,U,80.85
105.278470,L,205.13
105.274902,R,441.73
105.298736,U,80.84
105.327994,L,205.03
105.313925,R,97.15
105.362842,R,94.71
105.348460,U,80.73
105.377524,L,205.13
105.398178,U,80.72
105.427043,L,205.01
105.411764,R,92.22
105.476565,L,205.05
105.460680,R,89.68
105.447895,U,80.92
105.497643,U,80.75
105.509531,R,84.59
105.575610,L,204.96
105.558528,R,84.71
105.547435,U,83.34
105.575615,L,205.11
105.597154,U,83.36
105.625140,L,205.15
105.607458,R,82.29
105.646877,U,83.32
105.674732,L,207.57
105.656377,R,79.57
105.705372,R,79.64
105.696600,U,83.31
105.724259,L,207.64
105.754293,R,77.12
105.746324,U,83.32
105.769005,L,42.30
105.796047,U,83.36
105.823306,L,207.53
105.803292,R,77.21
105.852287,R,77.14
105.845846,U,85.86
105.872832,L,207.55
105.901283,R,77.14
105.895568,U,85.92
105.922351,L,207.55
105.950278,R,77.12
105.945293,U,85.95
105.971876,L,207.53
105.999269,R,77.14
105.995014,U,85.92
106.021397,L,207.53
106.048264,R,77.16
106.044767,U,85.93
106.070923,L,207.55
106.096238,R,41.94
106.094495,U,85.88
106.170042,L,210.18
106.146254,R,77.16
106.144216,U,85.92
106.170041,L,210.14
106.195031,R,69.59
106.193941,U,85.86
106.219565,L,210.06
106.269088,L,210.11
106.244462,R,84.72
106.243665,U,86.00
106.293456,R,84.72
106.293458,U,88.41
106.318613,L,210.01
106.342517,R,87.20
106.343175,U,88.46
106.368167,L,210.04
106.392898,U,88.46
106.400744,R,406.48
106.417697,L,210.06
106.467218,L,210.13
106.441930,R,132.35
106.442620,U,88.41
106.499288,R,421.46
106.492336,U,88.47
106.516775,L,210.20
106.542131,U,91.01
106.566301,L,210.02
106.548630,R,429.01
106.615826,L,210.13
106.597838,R,436.50
106.591774,U,88.46
106.639412,R,180.09
106.641495,U,88.37
106.665355,L,210.02
106.714879,L,210.13
106.688769,R,192.83
106.691219,U,88.58
106.739582,R,255.52
106.741014,U,91.14
106.764408,L,210.06
106.790729,U,91.01
106.813931,L,210.11
106.842872,R,439.23
106.836905,R,233.01
106.840452,U,90.95
106.863460,L,210.07
106.886260,R,245.58
106.890176,U,91.01
106.912983,L,210.07
106.935690,R,260.69
106.939899,U,91.12
106.962509,L,210.02
106.985043,R,273.11
106.989694,U,93.57
107.011959,L,207.66
107.034398,R,285.78
107.039417,U,93.57
107.061483,L,207.50
107.111004,L,207.53
107.087827,R,439.07
107.089146,U,93.49
107.133108,R,310.71
107.138941,U,96.11
107.160558,L,207.67
107.210110,L,207.57
107.231898,R,318.49
107.238460,U,98.69
107.259660,L,207.53
107.284382,R,439.24
107.284379,R,439.12
107.288266,U,101.09
107.358732,L,207.53
107.331037,R,358.65
107.338059,U,103.72
107.380650,R,366.08
107.387779,U,103.78
107.408256,L,207.67
107.457774,L,207.59
107.479056,R,381.30
107.437582,U,106.34
107.479420,R,393.90
107.487296,U,106.26
107.507226,L,205.15
107.528774,R,406.48
107.537015,U,106.22
107.556752,L,204.96
107.606276,L,205.03
107.627112,R,419.01
107.586806,U,108.80
107.627476,R,431.61
107.636530,U,108.80
107.655830,L,204.98
107.705355,L,205.05
107.725458,R,431.66
107.686355,U,111.42
107.724946,R,413.96
107.736080,U,111.46
107.754955,L,207.60
107.774154,R,421.51
107.785824,U,111.42
107.804406,L,204.99
107.823434,R,431.61
107.835624,U,113.91
107.853196,L,179.52
107.872493,R,434.11
107.885422,U,116.45
107.902646,L,177.14
107.921481,R,434.06
107.935144,U,116.61
107.952171,L,177.10
107.970470,R,434.08
107.984964,U,119.04
108.001694,L,177.14
108.019461,R,434.11
108.034690,U,119.03
108.051146,L,174.46
108.100743,L,177.10
108.117441,R,434.09
108.084485,U,121.57
108.117444,R,434.18
108.134205,U,121.65
108.151079,L,205.08
108.166434,R,434.04
108.200601,L,205.05
108.183953,U,121.57
108.250129,L,205.05
108.264413,R,434.18
108.233599,U,119.13
108.313982,R,454.28
108.283319,U,119.11
108.299657,L,205.10
108.313980,R,454.19
108.333070,U,119.11
108.349178,L,204.92
108.362972,R,454.17
108.382796,U,119.11
108.398703,L,205.06
108.448223,L,205.05
108.460881,R,451.72
108.432585,U,121.67
108.509869,R,451.77
108.482309,U,121.65
108.497750,L,205.08
108.509943,R,454.33
108.547272,L,205.03
108.531963,U,119.23
108.596865,L,207.57
108.607922,R,454.28
108.581750,U,121.65
108.607924,R,454.33
108.631470,U,121.53
108.646393,L,207.48
108.656912,R,454.16
108.695914,L,207.62
108.681192,U,121.53
108.705906,R,454.28
108.730988,U,124.30
108.745440,L,207.64
108.754889,R,454.17
108.780703,U,124.23
108.794962,L,207.50
108.803879,R,454.10
108.830527,U,126.65
108.844486,L,207.59
108.901851,R,454.09
108.880243,U,126.75
108.894012,L,207.64
108.901853,R,454.17
108.930038,U,129.43
108.943565,L,207.64
108.993114,L,207.57
108.999829,R,454.26
108.979755,U,129.32
109.048892,R,456.80
109.029481,U,129.32
109.042640,L,207.69
109.048892,R,456.78
109.092090,L,205.01
109.097947,R,459.12
109.079211,U,129.31
109.141616,L,205.05
109.128931,U,129.20
109.146934,R,459.29
109.178655,U,129.22
109.191221,L,207.64
109.195920,R,459.20
109.240670,L,205.05
109.244836,R,456.70
109.228380,U,129.15
109.278103,U,129.22
109.290201,L,205.13
109.342805,R,456.56
109.339728,L,205.08
109.391794,R,456.68
109.377580,U,129.41
109.380160,R,54.61
109.377504,U,126.78
109.389253,L,205.06
109.438778,L,205.05
109.429531,R,64.58
109.427225,U,126.66
109.478885,R,77.12
109.476945,U,126.66
109.488258,L,202.59
109.537782,L,202.47
109.528241,R,89.70
109.526670,U,126.80
