Time (s),Gyroscope X (deg/s),Gyroscope Y (deg/s),Gyroscope Z (deg/s),Accelerometer X (g),Accelerometer Y (g),Accelerometer Z (g)
10.415,-0.0002,0.0001,0.0001,-0.0114,0.006,1.0037
10.423,-0.0002,0.0007,0.0007,0.0029,-0.0132,1.0253
10.431,-0.0004,0.0004,0.0004,-0.0282,0.006,1.0133
10.439,-0.0007,0.0009,0.0001,-0.0019,0.006,1.0277
10.447,-0.0007,0.0001,-0.0001,0.0005,-0.0036,1.0133
10.455,-0.0004,0.0004,-0.0004,0.0029,0.0036,1.0253
10.463,-0.0002,0.0007,0.0004,-0.0043,-0.0012,1.0444
10.471,-0.001,0.0004,-0.0001,0.0005,-0.0012,1.0492
10.479,0.0001,0.0007,0.0001,0.0053,0.0036,1.042
10.487,-0.0002,-0.0004,-0.0001,0.0077,-0.006,1.0396
10.495,0.0001,0.0001,-0.0007,0.0101,-0.006,1.0061
10.503,0.0001,0.0007,-0.0004,0.0005,-0.0084,1.0133
10.511,0.0001,-0.0004,0.0007,0.0053,0.0084,1.0133
10.519,0.0001,0.0004,0.0001,0.0077,0.0156,1.0181
10.527,-0.0004,0.0004,-0.0009,-0.009,0.006,1.0253
10.535,0.0004,0.0001,-0.0004,-0.0043,-0.0012,1.0061
10.543,-0.0004,-0.0004,-0.0001,-0.0043,0.0012,1.0133
10.551,-0.0004,0.0001,0.0009,-0.0186,0.0012,1.0109
10.559,0.0001,-0.0001,0.0004,0.0005,-0.0012,1.0157
10.567,-0.0002,-0.0007,0.0004,-0.0043,0.0036,1.0061
10.575,-0.0002,-0.0007,0.0007,0.0005,-0.0084,1.0037
10.583,-0.0007,-0.0009,0.0007,0.0053,0.006,1.0205
10.591,-0.0007,-0.0007,0.0001,0.0005,-0.0012,1.0181
10.599,0.0006,-0.0007,0.0001,0.0101,0.0036,1.0492
10.607,-0.0007,0.0004,-0.0001,0.0149,-0.0132,1.0253
10.615,0.0001,-0.0001,-0.0007,0.0053,-0.018,1.0324
10.623,-0.0007,0.0004,-0.0001,-0.0114,-0.0203,1.0229
10.631,-0.0004,0.0009,-0.0007,-0.0162,-0.0156,1.0157
10.639,-0.0004,0.0007,-0.0007,0.0077,0.0036,1.0205
10.647,-0.0002,0.0007,-0.0009,0.0029,0.0108,1.0205
10.655,-0.0002,0.0001,-0.0004,0.0125,0.018,1.0133
10.663,-0.0007,-0.0004,-0.0007,0.0221,0.0084,1.0277
10.671,-0.0002,0.0001,-0.0001,0.0197,0.0036,1.0396
10.679,-0.0002,0.0001,-0.0004,0.0077,-0.0156,1.0324
10.687,-0.0004,0.0007,-0.0004,-0.0043,0.0012,1.0181
10.695,0.0001,0.0001,-0.0001,0.0149,-0.0036,1.0324
10.703,-0.0002,0.0001,0.0004,0.0149,0.0084,1.0229
10.711,0.0004,-0.0004,0.0004,0.0029,0.0084,1.0181
10.719,-0.0002,-0.0007,0.0004,-0.009,0.0036,1.0229
10.727,-0.0002,-0.0009,0.0001,-0.0019,-0.018,1.03
10.735,0.0004,-0.0004,0.0007,0.0101,-0.0203,1.0133
10.743,0.0001,0.0007,0.0004,0.0005,0.0036,1.0181
10.751,-0.0004,0.0012,0.0004,0.0197,0.0084,1.0205
10.759,-0.0004,0.0007,0.0004,0.0245,-0.0012,1.0181
10.767,-0.0002,0.0001,-0.0004,0.0029,-0.006,1.0277
10.775,-0.0004,-0.0001,-0.0001,0.0029,0.0036,1.0109
10.783,-0.001,-0.0004,-0.0007,0.0173,0.0012,1.0253
10.791,-0.0002,-0.0001,-0.0004,0.0173,0.006,1.0085
10.799,-0.0007,0.0007,-0.0004,0.0053,0.0036,1.0205
10.807,0.0001,0.0004,-0.0007,-0.0043,0.0132,1.0277
10.815,0.0001,-0.0001,-0.0001,0.0245,0.0036,1.0253
10.823,-0.0002,-0.0001,-0.0001,0.0245,-0.0108,1.03
10.831,-0.0004,0.0007,-0.0001,0.0125,-0.0156,1.0133
10.839,-0.0004,0.0001,-0.0001,0.0101,-0.0084,1.0085
10.847,-0.0002,0.0001,-0.0004,0.0053,-0.0084,1.0444
10.855,-0.0004,0.0004,-0.0007,0.0125,-0.0084,1.042
10.863,0.0004,0.0001,0.0004,0.0125,-0.006,1.0157
10.871,0.0009,0.0001,0.0012,0.0317,-0.006,1.0181
10.879,0.0001,0.0007,-0.0001,0.0125,-0.0036,1.0133
10.887,-0.0002,0.0004,-0.0001,0.0125,0.006,1.0372
10.895,0.0004,0.0007,0.0001,0.0005,0.0108,1.0277
10.903,-0.0007,0.0009,0.0004,0.0173,0.0036,1.0205
10.911,-0.0004,0.0012,-0.0001,-0.009,-0.0012,1.0396
10.919,-0.0004,0.0007,-0.0001,0.0053,0.0108,1.03
10.927,0.0006,0.0001,-0.0001,0.0029,-0.0012,1.0133
10.935,0.0001,0.0001,-0.0012,0.0053,-0.0036,1.0181
10.943,0.0001,0.0007,-0.0009,-0.0043,-0.0084,0.9893
10.951,-0.0004,0.0007,-0.0009,0.0125,-0.0108,1.0133
10.959,-0.0004,0.0009,-0.0009,0.0245,-0.0156,1.0229
10.967,-0.0004,0.0001,-0.0004,0.0269,-0.0227,1.0253
10.975,0.0004,-0.0001,0.0001,0.0293,-0.0156,1.0348
10.983,0.0006,0.0004,0.0004,0.0029,0.018,1.0229
10.991,0.0004,0.0004,0.0007,-0.0114,0.0156,1.0013
10.999,0.0006,-0.0004,0.0004,-0.0114,0.0012,1.0253
11.007,0.0001,-0.0001,-0.0001,0.0005,0.006,1.0229
11.015,0.0004,-0.0004,-0.0001,0.0101,-0.0036,1.0324
11.023,0.0009,0.0001,-0.0001,0.0053,0.006,1.0229
11.031,0.0004,0.0007,0.0001,0.0077,-0.0108,1.0277
11.039,0.0012,0.0004,-0.0001,0.0077,-0.0203,1.0157
11.047,0.0009,0.0004,-0.0004,0.0125,-0.006,1.0348
11.055,0.0012,-0.0001,-0.0001,0.0029,-0.0036,1.0157
11.063,0.0017,-0.0009,-0.0004,0.0149,0.006,0.9917
11.071,0.0009,-0.0009,-0.0001,0.0053,0.0156,1.0205
11.079,0.0012,0.0001,0.0007,0.0053,0.0251,1.0157
11.087,0.0004,0.0001,0.0007,0.0197,0.0251,1.0229
11.095,0.0012,0.0001,0.0009,0.0029,0.0299,1.0181
11.103,0.0017,-0.0001,0.0007,0.0149,0.006,1.042
11.111,0.0017,0.0001,0.0004,0.0101,-0.006,1.0157
11.119,0.0012,-0.0007,0.0004,-0.0162,0.0036,1.0109
11.127,0.0009,-0.0007,0.0004,0.0005,-0.018,1.0061
11.135,0.0009,-0.0004,0.0004,0.0077,-0.0251,1.0133
11.143,0.0017,-0.0001,0.0001,0.0005,0.0036,1.0013
11.151,0.0012,0.0007,-0.0001,0.0005,-0.0012,1.0324
11.159,0.0009,0.0001,-0.0007,0.0029,0.018,1.0468
11.167,0.0009,-0.0007,-0.0004,0.0029,0.0347,1.0372
11.175,0.0006,-0.0007,0.0015,-0.0066,0.0251,1.0396
11.183,0.0012,0.0001,0.0015,-0.0162,0.0204,1.0061
11.191,0.0012,0.0001,0.0012,-0.0019,0.0323,1.0109
11.199,0.0012,-0.0007,0.0012,-0.0019,0.0227,1.0157
11.207,0.0009,0.0004,0.0007,-0.0043,-0.0108,1.0037
11.215,0.0004,0.0009,0.0001,0.0101,0.0012,1.0253
11.223,0.0006,-0.0001,-0.0001,0.0101,-0.0084,1.0372
11.231,0.0004,-0.0001,-0.0012,-0.021,-0.006,1.0468
11.239,0.0012,0.0004,-0.0009,0.0005,-0.006,1.03
11.247,0.0001,0.0004,-0.0004,0.0149,-0.0012,1.0492
11.255,0.0001,0.0001,-0.0009,0.0077,-0.006,1.0229
11.263,0.0006,0.0001,-0.0015,-0.0138,0.0227,1.0181
11.271,0.0006,0.0007,-0.0007,-0.0019,0.018,1.0109
11.279,0.0006,0.0001,-0.0012,-0.0162,0.0275,1.0324
11.287,0.0004,0.0007,-0.0004,-0.0186,0.0036,1.03
11.295,0.0006,0.0007,-0.0001,-0.0234,0.0108,1.0205
11.303,0.0004,0.0001,0.0009,-0.0114,0.0108,1.0253
11.311,0.0009,-0.0001,0.0007,0.0029,0.0084,1.0372
11.319,0.0004,-0.0001,0.0004,0.0053,0.0132,1.0324
11.327,0.0001,0.0001,0.0001,-0.0066,-0.018,1.0037
11.335,0.0001,-0.0001,0.0007,-0.0162,-0.0251,0.9965
11.343,0.0001,0.0004,-0.0001,0.0149,0.0012,0.9822
11.351,-0.0004,0.0007,0.0007,0.0053,0.006,1.0181
11.359,-0.0004,0.0007,0.0004,0.0077,0.006,1.0109
11.367,-0.0004,0.0004,-0.0001,0.0077,0.0012,1.0085
11.375,-0.0004,0.0001,0.0001,-0.0066,-0.0036,1.0157
11.383,0.0004,-0.0009,0.0001,-0.0114,0.0108,1.0277
11.391,-0.0002,0.0007,-0.0004,-0.0066,0.0156,1.0324
11.399,-0.0002,0.0007,-0.0004,-0.0019,0.0084,1.0109
11.407,-0.0004,-0.0004,-0.0001,-0.0186,0.0132,1.03
11.415,-0.0007,-0.0004,-0.0004,-0.009,0.006,1.0324
11.423,-0.0004,-0.0004,0.0004,0.0101,0.0132,1.0157
11.431,-0.0002,0.0001,-0.0001,0.0101,-0.0012,1.0229
11.439,-0.0004,0.0001,-0.0004,0.0293,-0.0012,1.0085
11.447,0.0004,0.0001,-0.0004,0.0029,-0.0036,0.9774
11.455,0.0006,-0.0004,0.0004,0.0125,0.018,1.0133
11.463,0.0006,0.0004,0.0001,0.0149,0.0036,1.0133
11.471,0.0006,0.0007,0.0012,0.0077,-0.0012,1.0109
11.479,0.0006,0.0001,0.0009,-0.0066,0.0084,1.0181
11.487,0.0001,-0.0001,0.0007,-0.0043,0.0299,1.0181
11.495,0.0004,0.0009,0.0007,0.0077,0.0227,1.0013
11.503,0.0001,0.0009,0.0004,-0.0066,-0.0036,0.9893
11.511,0.0004,-0.0001,0.0007,0.0029,-0.0012,1.0157
11.519,0.0006,0.0004,0.0009,0.0077,0.0012,1.0372
11.527,0.0001,0.0001,0.0004,0.0125,-0.006,1.0324
11.535,-0.0002,0.0001,0.0007,0.0029,-0.0084,1.0324
11.543,-0.0004,0.0004,-0.0001,0.0029,0.0012,1.0253
11.551,-0.0007,0.0004,0.0001,0.0053,0.0036,1.0181
11.559,0.0004,0.0009,-0.0001,0.0077,-0.0036,0.9941
11.567,0.0004,0.0009,-0.0004,-0.0066,-0.006,1.0205
11.575,0.0004,0.0009,-0.0012,0.0101,0.0012,1.0061
11.583,0.0006,0.0004,-0.0009,-0.0043,-0.0036,1.03
11.591,0.0006,0.0004,-0.0009,-0.0138,-0.0012,1.0229
11.599,0.0012,0.0004,-0.0004,0.0101,-0.0132,1.0253
11.607,0.0004,0.0001,-0.0007,0.0173,0.006,1.0205
11.615,0.0009,-0.0004,-0.0004,0.0029,0.0132,1.0013
11.623,0.0004,0.0001,0.0004,0.0077,0.006,1.0205
11.631,0.0001,0.0004,0.0009,0.0077,0.0204,1.0109
11.639,0.0004,0.0007,0.0004,0.0101,0.0132,1.0205
11.647,0.0004,0.0004,-0.0004,0.0173,-0.006,1.0157
11.655,0.0004,0.0012,0.0007,0.0053,-0.006,0.9965
11.663,0.0001,0.0007,0.0012,0.0077,0.0084,1.0181
11.671,0.0004,0.0012,0.0004,0.0125,-0.0012,1.03
11.679,0.0001,0.0009,0.0001,0.0077,-0.0036,1.0277
11.687,-0.0002,0.0001,-0.0009,-0.009,0.0108,1.0348
11.695,-0.0002,0.0007,-0.0007,-0.0114,0.0156,1.0133
11.703,-0.0004,0.0004,-0.0001,-0.0234,0.018,1.0109
11.711,0.0004,0.0004,-0.0007,-0.0114,0.0036,1.0109
11.719,-0.0004,0.0009,-0.0004,0.0005,0.0084,1.0277
11.727,0.0004,0.0007,-0.0012,-0.021,0.0036,1.0444
11.735,0.0001,0.0009,-0.0009,-0.009,-0.0156,1.0133
11.743,-0.0002,0.0007,-0.0015,-0.0043,-0.0036,1.0277
11.751,0.0001,0.0007,0.0001,0.0029,-0.006,1.0133
11.759,0.0001,-0.0001,-0.0004,-0.0043,-0.006,1.0085
11.767,0.0006,0.0001,0.0001,-0.0019,0.0012,1.0085
11.775,0.0004,0.0001,-0.0001,-0.009,-0.0012,1.0181
11.783,0.0006,0.0001,-0.0001,-0.0043,-0.0036,1.0109
11.791,0.0001,0.0004,0.0004,0.0149,-0.0012,1.0133
11.799,-0.0002,-0.0007,0.0004,0.0005,-0.0108,1.0229
11.807,-0.0002,-0.0004,0.0004,0.0077,-0.0012,1.0109
11.815,-0.0002,-0.0007,0.0004,0.0077,0.0012,1.0229
11.823,0.0006,0.0007,0.0007,0.0077,0.0108,1.0109
11.831,0.0001,0.0009,0.0007,0.0053,0.0036,1.0085
11.839,0.0006,0.0001,0.0004,-0.0066,0.0156,1.0181
11.847,0.0004,0.0001,-0.0001,0.0029,0.0036,0.9965
11.855,0.0009,-0.0004,0.0004,0.0149,0.0084,0.9989
11.863,0.0009,-0.0007,-0.0001,0.0173,-0.0036,1.0157
11.871,0.0004,-0.0007,-0.0007,0.0077,-0.0084,1.0516
11.879,-0.0002,-0.0001,-0.0004,0.0053,0.0084,1.0277
11.887,0.0004,0.0012,-0.0009,-0.0066,0.006,1.0037
11.895,-0.0004,0.0004,0.0001,0.0005,0.0036,1.0085
11.903,0.0001,0.0001,-0.0009,0.0077,0.0132,1.0061
11.911,0.0001,0.0004,-0.0009,0.0029,0.0036,1.0205
11.919,-0.0002,0.0001,-0.0004,-0.0066,0.0108,1.0324
11.927,0.0001,0.0007,0.0007,-0.0066,0.0156,1.042
11.935,-0.0004,0.0007,-0.0001,-0.0066,0.0084,1.0061
11.943,-0.0007,0.0007,0.0001,-0.0043,0.0108,1.0157
11.951,0.0004,0.0004,0.0009,-0.009,-0.0084,1.0372
11.959,0.0001,-0.0012,0.0009,0.0029,-0.0156,1.0372
11.967,0.0004,0.0004,0.0007,0.0029,-0.0156,1.0277
11.975,-0.0004,0.0004,-0.0004,0.0053,-0.0203,1.0133
11.983,0.0004,0.0012,-0.0007,-0.0043,-0.0012,0.9798
11.991,0.0004,0.0015,-0.0007,-0.0162,-0.0036,1.0133
11.999,0.0001,0.0004,0.0001,-0.0138,-0.0156,1.0181
12.007,0.0004,0.0007,-0.0001,-0.0043,0.0084,1.0109
12.015,-0.002,-0.0052,-0.0009,-0.033,0.006,1.0444
12.023,-0.0052,-0.0145,-0.0007,-0.0378,0.0012,1.0396
12.031,-0.0087,-0.0206,0.0004,-0.0258,-0.0084,1.0277
12.039,-0.0127,-0.026,0.0105,-0.0138,0.0611,1.0277
12.047,-0.0196,-0.0385,0.0694,0.0748,-0.0419,1.0923
12.055,-0.0204,-0.0366,0.1129,-0.0043,-0.1377,0.9846
12.063,-0.0178,-0.034,0.1035,0.0843,-0.0706,1.0348
12.071,-0.0186,-0.0364,0.1059,0.1107,-0.1353,1.0181
12.079,-0.0183,-0.0353,0.1153,0.1322,-0.1688,1.0253
12.087,-0.0167,-0.0334,0.1182,0.1945,-0.1736,0.9941
12.095,-0.0167,-0.0369,0.1081,0.1873,-0.1927,1.0827
12.103,-0.0231,-0.0571,0.095,0.1969,-0.3795,1.1689
12.111,-0.0257,-0.0638,0.0532,-0.0521,-1.5167,0.9941
12.119,-0.021,-0.0617,-0.0017,-0.0234,-0.9996,1.1306
12.127,-0.0194,-0.0614,-0.0417,-0.0186,-0.3124,1.0133
12.135,-0.0202,-0.0686,-0.0939,-0.0976,-0.018,1.0684
12.143,-0.017,-0.0713,-0.1509,-0.0713,-0.176,0.975
12.151,-0.0095,-0.0497,-0.2173,-0.2748,-0.4489,0.9079
12.159,-0.0012,-0.0262,-0.3127,-0.5094,-0.6093,0.9486
12.167,0.006,-0.0172,-0.4249,-0.5118,-0.3627,1.0253
12.175,0.0116,-0.0025,-0.537,-0.5382,-0.5159,0.9319
12.183,0.0182,0.0145,-0.6468,-0.6387,-1.0642,0.9558
12.191,0.0265,0.0204,-0.7705,-0.6627,-1.2581,1.1857
12.199,0.0371,0.0193,-1.0836,0.489,-1.0475,0.8098
12.207,0.0606,0.0921,-1.2509,1.5209,-0.3364,-0.0066
12.215,0.1384,0.2831,-1.1957,1.3006,-0.2406,0.6494
12.223,0.103,0.1837,-0.993,1.3724,0.911,1.9518
12.231,0.0441,0.0668,-0.5802,1.37,1.9381,1.2838
12.239,0.0145,0.0265,-0.1507,0.6302,1.9046,1.1138
12.247,-0.001,0.0121,0.1225,-0.2149,1.555,1.0324
12.255,-0.0063,0.0079,0.2325,-0.7058,1.2294,0.9965
12.263,-0.0071,0.0049,0.2472,-0.8901,0.978,0.9846
12.271,-0.0055,0.0025,0.1824,-0.9859,0.8272,0.9917
12.279,-0.0031,0.0015,0.0793,-0.6627,0.4489,0.987
12.287,-0.001,0.0012,0.0289,-0.2125,0.1401,0.9965
12.295,-0.0002,0.0004,0.0111,-0.0737,0.0658,1.0085
12.303,0.0001,-0.0001,0.0036,-0.0138,0.0371,1.0157
12.311,-0.0002,0.0012,0.0009,0.0149,0.0204,1.0229
12.319,-0.0002,0.0004,0.0004,-0.0019,0.006,1.03
12.327,0.0001,0.0001,-0.0004,0.0053,0.006,1.0181
12.335,-0.0002,0.0004,-0.0004,0.0029,-0.0036,1.0133
12.343,-0.0004,-0.0004,-0.0007,-0.0138,-0.006,1.0253
12.351,-0.0002,0.0004,-0.0007,-0.0066,-0.0203,1.0277
12.359,0.0001,0.0004,-0.0004,-0.0043,-0.0275,0.9989
12.367,-0.0002,-0.0001,0.0004,-0.0114,-0.0275,1.0085
12.375,-0.0002,0.0007,-0.0001,-0.0066,-0.0275,1.0109
12.383,-0.0002,0.0001,0.0001,-0.009,-0.0012,1.0061
12.391,0.0006,0.0001,0.0004,-0.0162,0.0084,1.0157
12.399,0.0001,-0.0004,0.0001,0.0005,0.0084,1.0324
12.407,0.0009,-0.0004,0.0004,-0.0138,0.0108,1.0324
12.415,0.0004,-0.0001,0.0004,0.0005,0.0084,1.03
12.423,0.0001,-0.0001,-0.0004,0.0005,0.0084,1.0085
12.431,0.0001,-0.0004,0.0004,-0.0043,0.0084,1.0061
12.439,-0.0004,0.0001,0.0001,-0.0066,0.0108,1.0157
12.447,-0.0004,0.0009,0.0004,-0.0043,0.0132,1.0324
12.455,0.0001,0.0004,0.0004,0.0053,-0.0012,1.0468
12.463,-0.0002,0.0009,0.0004,-0.009,0.006,1.03
12.471,-0.0007,-0.0004,-0.0009,-0.0258,-0.018,1.0636
12.479,-0.0106,-0.0046,0.0252,-1.1176,-2.0889,0.8218
12.487,-0.0092,-0.0094,0.1472,-2.5708,-6.0633,1.145
12.495,-0.0063,-0.0182,0.079,-0.7153,-6.2261,1.1091
12.503,0.0028,-0.0121,-0.1597,0.9151,-3.8008,1.0564
12.511,0.0065,-0.0028,-0.2397,2.6294,-0.6716,1.0995
12.519,-0.0018,-0.0068,-0.0273,2.7946,0.4729,1.0684
12.527,-0.0071,-0.0025,0.1875,1.8991,-0.4896,1.0875
12.535,-0.0116,-0.0025,0.2794,0.7403,-1.9453,1.066
12.543,-0.0146,-0.006,0.2882,0.1777,-2.4098,1.066
12.551,-0.0095,0.002,0.2991,0.295,-2.6755,1.0564
12.559,-0.0114,0.0023,0.3098,0.4291,-3.0514,1.1258
12.567,-0.0124,0.0015,0.2781,0.5081,-3.5374,1.1043
12.575,-0.0159,-0.0015,0.2554,0.9702,-3.7577,1.1522
12.583,-0.0159,-0.0007,0.2823,1.4538,-3.9708,1.1138
12.591,-0.0183,-0.0025,0.3402,1.789,-4.1096,1.121
12.599,-0.0247,-0.0142,0.3953,1.4275,-4.1815,1.2719
12.607,-0.0511,-0.0675,0.415,0.7236,-3.9516,1.3892
12.615,-0.071,-0.1243,0.3857,-0.0354,-3.9277,1.1641
12.623,-0.0721,-0.1405,0.3537,-0.3299,-3.8942,1.1522
12.631,-0.062,-0.1216,0.3346,-0.8111,-3.7984,0.9893
12.639,-0.042,-0.0886,0.2474,-1.1535,-3.4321,0.8912
12.647,-0.0194,-0.0494,0.144,-1.1583,-3.8654,0.963
12.655,-0.0095,-0.0364,0.0961,-0.5884,-3.7768,1.1186
12.663,-0.0082,-0.0332,0.1422,0.1442,-3.5326,1.1498
12.671,-0.0092,-0.0465,0.2615,0.975,-3.4081,1.145
12.679,-0.0108,-0.0345,0.418,1.5592,-3.638,0.9774
12.687,-0.0111,-0.0113,0.5813,1.8584,-3.6667,0.9893
12.695,-0.0119,-0.0046,0.7063,1.6262,-2.9532,1.0779
12.703,-0.0122,-0.0049,0.7566,0.9774,-2.5534,1.1617
12.711,-0.0138,-0.0078,0.7303,0.2184,-2.2924,1.0277
12.719,-0.0116,-0.0094,0.6508,-0.2892,-2.1512,1.0516
12.727,-0.0084,-0.015,0.5728,-0.4256,-2.2853,1.0133
12.735,-0.0082,-0.0148,0.5483,-0.1,-2.0219,1.0037
12.743,-0.0058,0.0028,0.5928,0.386,-1.2845,0.9463
12.751,-0.0002,0.0177,0.6674,0.6182,-0.7793,1.0348
12.759,-0.0026,0.0241,0.6663,0.4243,-0.3914,1.0947
12.767,-0.0004,0.0292,0.6031,0.2447,0.1975,0.963
12.775,-0.0042,0.0244,0.5456,0.0556,1.3874,1.1952
12.783,-0.0111,0.0071,0.5112,-0.0306,2.5007,1.0803
12.791,-0.0188,-0.0025,0.5203,0.0748,2.9197,1.0013
12.799,-0.017,0.0007,0.5472,0.137,2.8838,0.9319
12.807,-0.0175,-0.0023,0.5621,0.4171,2.551,0.9917
12.815,-0.0212,0.0049,0.5752,1.0372,2.4553,0.951
12.823,-0.0228,0.0167,0.6106,1.303,2.6803,0.9989
12.831,-0.0215,0.0223,0.6362,1.2168,2.8359,0.9055
12.839,-0.0146,0.0361,0.6159,0.7356,2.8479,0.896
12.847,-0.0095,0.0385,0.5368,0.2136,2.6013,0.9391
12.855,-0.0055,0.0383,0.4427,0.1083,3.0083,1.054
12.863,-0.0111,0.0201,0.3974,-0.1886,3.5087,1.0492
12.871,-0.0143,0.0183,0.3255,-0.8518,3.3603,1.0564
12.879,-0.0122,0.0097,0.2112,-1.1391,3.1783,0.9534
12.887,-0.0082,0.0103,0.1174,-0.9045,3.1472,0.9391
12.895,-0.0055,0.0177,0.0801,-0.8183,3.1232,0.9534
12.903,-0.0092,0.0007,0.0668,-0.7728,2.7186,1.1043
12.911,-0.01,-0.0113,0.0678,-0.586,2.1273,0.8864
12.919,-0.01,-0.0137,0.0961,-0.1216,2.1799,0.9558
12.927,-0.0111,-0.0068,0.1424,0.0676,2.3499,0.896
12.935,-0.0092,0.0031,0.1837,-0.0593,2.3427,0.9702
12.943,-0.0108,-0.0023,0.1981,-0.0521,2.2398,0.9343
12.951,-0.0071,0.0079,0.2093,0.0101,2.3786,0.9606
12.959,-0.005,0.0201,0.2125,-0.1551,2.3786,0.9774
12.967,-0.0058,0.0177,0.1963,-0.3155,2.0674,0.9439
12.975,-0.0047,0.0153,0.1582,-0.1072,1.919,0.9055
12.983,-0.002,0.0217,0.1344,0.0412,1.9118,1.0229
12.991,-0.0036,0.0167,0.1416,0.2352,1.9573,1.042
12.999,-0.0079,0.0033,0.1717,0.2974,1.8974,1.0372
13.007,-0.0082,0.0031,0.1776,-0.0378,1.8112,1.0516
13.015,-0.0082,-0.0015,0.1571,-0.3347,1.7538,1.0109
13.023,-0.0092,-0.0084,0.1185,-0.5214,1.8663,1.0181
13.031,-0.0103,-0.0137,0.0915,-0.5884,1.7657,1.0324
13.039,-0.0108,-0.0148,0.0702,-0.6794,1.6556,0.9223
13.047,-0.0095,-0.0097,0.047,-0.5214,1.7921,0.9558
13.055,-0.0074,-0.0009,0.03,-0.3394,1.6819,0.9391
13.063,-0.006,0.0057,0.0081,-0.0569,1.7538,0.9391
13.071,-0.0047,0.0103,0.0052,0.295,1.7178,1.0229
13.079,-0.0066,0.0108,0.03,0.6518,1.4808,1.0348
13.087,-0.0087,0.0047,0.0729,0.7451,1.6293,1.0085
13.095,-0.0116,-0.0001,0.107,0.6637,1.7897,1.0133
13.103,-0.0124,-0.006,0.0945,0.4866,1.6747,0.9343
13.111,-0.0095,-0.0001,0.0681,0.3812,1.4569,0.987
13.119,-0.0076,0.0015,0.0534,0.3932,1.3276,0.9534
13.127,-0.0068,0.0015,0.0476,0.3788,1.2486,0.9893
13.135,-0.005,0.0004,0.0364,0.2208,1.0116,0.9989
13.143,-0.0058,-0.0031,0.0305,0.1897,0.6979,0.9965
13.151,-0.0052,-0.0023,0.0252,0.1801,0.5255,0.9534
13.159,-0.0042,-0.0028,0.0239,0.2519,0.6452,0.9822
13.167,-0.0034,-0.0007,0.0225,0.2424,0.5878,0.9941
13.175,-0.0015,0.0007,0.0164,0.1777,0.4034,1.0181
13.183,-0.002,-0.0001,0.0097,0.1657,0.2789,1.0061
13.191,-0.0015,-0.0004,0.0028,0.1274,0.1784,1.0181
13.199,-0.001,0.0017,-0.0052,0.058,0.006,1.0013
13.207,-0.001,0.0007,-0.0134,0.0364,-0.0084,1.0085
13.215,0.0004,0.002,-0.0217,0.0748,0.097,1.0229
13.223,0.0006,0.0007,-0.0241,0.1107,0.1449,1.0253
13.231,0.0004,0.002,-0.018,0.2208,0.2358,1.0277
13.239,0.0014,0.0023,-0.0086,0.1657,0.0994,1.0205
13.247,0.0012,0.0025,-0.0033,0.1131,0.0371,1.0061
13.255,0.0004,0.0015,-0.0017,0.0939,0.0036,1.0277
13.263,-0.0002,-0.0017,-0.0004,0.0843,-0.0156,1.042
13.271,-0.0012,-0.0036,0.0001,0.0843,-0.0419,1.0205
13.279,-0.0007,-0.0028,-0.0004,0.0676,-0.0299,1.0348
13.287,-0.001,-0.0033,0.0001,0.0676,-0.0227,1.0253
13.295,-0.001,-0.0033,0.0001,0.0484,-0.0419,0.9965
13.303,-0.0002,-0.0025,-0.0007,0.0532,-0.0419,1.0253
13.311,-0.0004,-0.0028,-0.0012,0.0412,-0.0563,1.03
13.319,-0.0007,-0.0023,-0.0007,0.0436,-0.0634,1.0205
13.327,-0.0002,-0.0004,0.0001,0.0412,-0.0515,1.0348
13.335,0.0001,-0.0004,-0.0004,0.0508,-0.0539,1.0157
13.343,0.0009,0.0025,0.0001,0.0412,-0.0778,1.0205
13.351,0.0012,0.0044,0.0009,0.0388,-0.1017,1.0013
13.359,0.0014,0.0065,0.0023,0.046,-0.0922,0.987
13.367,0.0022,0.0079,0.0025,0.0508,-0.0515,1.0061
13.375,0.0014,0.0052,0.0031,0.0532,-0.0275,1.0444
13.383,0.0009,0.0047,0.0025,0.0532,-0.0132,1.0061
13.391,0.0014,0.0039,0.0041,0.0125,-0.0682,1.0181
13.399,-0.0012,-0.002,0.0028,-0.1934,-0.322,1.0037
13.407,-0.001,-0.0001,0.0001,-0.1718,-0.2358,1.0181
13.415,-0.0015,-0.0009,0.0087,-0.033,-0.0682,1.0229
13.423,-0.0023,-0.0031,0.0247,0.0364,-0.006,1.0492
13.431,-0.0034,-0.0038,0.0425,0.0412,0.0275,1.0492
13.439,-0.0034,-0.0028,0.0593,-0.045,-0.0036,0.9989
13.447,-0.0036,-0.0007,0.0777,-0.0785,-0.0132,1.0061
13.455,-0.0055,-0.0017,0.1014,-0.1048,-0.0036,0.9917
13.463,-0.0047,0.0017,0.1358,-0.0402,0.0994,0.9534
13.471,-0.0052,0.0041,0.1608,-0.1695,-0.0084,1.054
13.479,-0.005,0.0079,0.1941,-0.2269,0.006,1.042
13.487,-0.0068,0.006,0.2216,-0.4065,0.0419,1.0229
13.495,-0.0068,0.0041,0.2346,-0.622,0.0802,1.0157
13.503,-0.0063,0.0076,0.244,-0.9212,0.1305,0.9654
13.511,-0.0071,0.0092,0.2445,-1.3474,0.1185,1.03
13.519,-0.0066,0.006,0.2152,-1.7017,0.1065,1.0253
13.527,-0.0028,0.0084,0.1536,-1.7089,0.1042,0.9989
13.535,-0.0034,0.0057,0.0979,-1.8837,0.0658,1.0396
13.543,-0.0031,0.0007,0.0601,-2.1566,0.0419,1.0109
13.551,-0.0036,-0.006,0.0009,-2.4176,-0.061,1.0205
13.559,-0.0018,-0.0054,-0.0646,-2.2213,0.0754,1.0348
13.567,-0.0026,-0.0084,-0.0787,-1.9938,0.0754,1.0324
13.575,-0.0028,-0.0081,-0.0875,-1.6993,-0.0563,1.0468
13.583,-0.0047,-0.0132,-0.1102,-1.4551,-0.0898,1.0157
13.591,-0.0058,-0.011,-0.0974,-1.1654,-0.0994,0.9678
13.599,-0.0068,-0.0038,-0.0262,-0.9643,-0.006,1.0037
13.607,-0.0074,-0.0009,0.0449,-1.2684,-0.2119,0.9917
13.615,-0.0079,0.0044,0.0939,-1.5581,-0.2957,0.9726
13.623,-0.0079,0.0055,0.0846,-2.0585,0.0994,0.9223
13.631,-0.005,0.0153,0.0606,-2.2907,0.1018,0.9726
13.639,-0.0039,0.0137,0.0241,-2.3554,-0.1209,0.9654
13.647,-0.0055,0.0124,-0.0302,-2.2452,-0.2693,0.9247
13.655,-0.0055,0.0129,-0.0571,-2.104,-0.164,0.9534
13.663,-0.0018,0.0191,-0.0867,-2.1303,-0.31,0.9439
13.671,-0.0012,0.0201,-0.1272,-1.6706,-0.2286,1.0516
13.679,-0.005,0.0092,-0.0723,-1.0721,-0.3723,1.0109
13.687,-0.0122,-0.0004,0.0015,-1.357,-0.4034,1.0181
13.695,-0.0156,-0.0054,0.0239,-1.9029,-0.3436,0.9079
13.703,-0.0186,-0.0038,0.079,-1.7305,-0.5255,0.987
13.711,-0.0116,0.0215,0.0489,-2.5014,-0.0108,1.0109
13.719,-0.0135,0.0028,-0.0883,-2.9826,0.0012,0.9151
13.727,-0.0068,0.0049,-0.2333,-2.5804,-0.2382,0.9582
13.735,-0.0076,-0.0081,-0.3585,-2.0992,-0.2119,0.9989
13.743,-0.0055,-0.0073,-0.375,-1.4934,0.0706,0.975
13.751,-0.0047,-0.0073,-0.3391,-1.6706,0.1951,1.0851
13.759,-0.0063,-0.0092,-0.346,-1.7951,0.1353,0.9199
13.767,-0.0079,-0.0041,-0.3676,-1.661,0.2502,1.0468
13.775,-0.0076,0.0049,-0.3444,-1.3977,0.2861,0.9319
13.783,-0.0063,0.0063,-0.3004,-1.4384,0.3388,0.9798
13.791,-0.0036,0.0041,-0.2986,-1.9483,0.1999,1.1091
13.799,-0.0023,-0.0073,-0.3503,-2.2237,0.1209,1.0851
13.807,-0.0044,-0.0233,-0.455,-2.3027,0.1688,1.0564
13.815,-0.0055,-0.0305,-0.5634,-2.0274,0.3172,0.9367
13.823,-0.0015,-0.0222,-0.6418,-2.0489,0.1808,0.9055
13.831,0.0038,-0.015,-0.7529,-1.8262,0.0754,0.9199
13.839,0.0076,-0.0031,-0.8035,-1.0074,0.1616,0.9295
13.847,0.0134,0.0063,-0.8035,-1.2277,0.0563,0.9463
13.855,0.0158,0.0063,-0.8318,-1.6874,0.4106,0.9822
13.863,0.0158,-0.0012,-0.8957,-1.9148,0.6979,1.0492
13.871,0.0174,-0.0105,-0.9818,-1.9795,0.8128,0.9558
13.879,0.018,-0.0105,-1.059,-1.4575,1.0523,1.066
13.887,0.0174,-0.0052,-1.0641,-0.3634,1.1839,0.9486
13.895,0.0203,0.006,-1.0119,-0.1096,1.0379,0.9439
13.903,0.0217,0.0092,-0.994,-0.0306,1.081,1.0947
13.911,0.0164,-0.0017,-0.981,0.4411,0.8847,1.0971
13.919,0.0193,-0.0086,-0.9016,1.5113,0.7721,1.0037
13.927,0.0185,-0.0116,-0.7753,1.2096,0.6979,1.0085
13.935,0.0166,-0.0078,-0.7049,0.3884,0.9086,1.0205
13.943,0.0177,0.0041,-0.7065,-0.0306,1.0331,1.0348
13.951,0.0203,0.0129,-0.7569,0.0676,1.0068,1.0253
13.959,0.0219,0.0097,-0.8493,-0.1718,0.9541,1.0348
13.967,0.0281,0.0041,-0.9802,-0.033,1.0092,0.9295
13.975,0.0302,-0.01,-1.1075,0.5943,1.1696,1.0348
13.983,0.0355,-0.0217,-1.1907,1.4634,1.0858,0.8553
13.991,0.0433,-0.0158,-1.2373,2.4067,1.1384,1.03
13.999,0.0393,-0.0108,-1.1851,3.1345,1.2438,1.0516
14.007,0.031,-0.0078,-1.0844,3.611,1.2079,1.0731
14.015,0.0283,-0.0009,-0.9613,3.7451,0.8871,1.1665
14.023,0.0267,-0.0036,-0.836,3.362,0.6117,1.1809
14.031,0.0219,-0.0097,-0.69,3.3955,0.7003,1.0157
14.039,0.0185,-0.0025,-0.5434,3.4147,0.7793,1.0947
14.047,0.0235,-0.0017,-0.4483,2.5264,0.5016,0.8864
14.055,0.0297,0.0055,-0.5013,2.0188,0.6788,1.0205
14.063,0.0334,0.0015,-0.6005,1.9566,0.7913,1.0061
14.071,0.039,-0.0001,-0.6911,2.3181,0.7075,1.0372
14.079,0.039,-0.0025,-0.6745,3.508,0.5662,1.0875
14.087,0.0355,-0.0041,-0.5746,4.2143,0.2358,1.1019
14.095,0.0302,-0.0012,-0.4734,4.2742,0.0635,1.1258
14.103,0.0238,-0.0073,-0.398,4.2143,-0.0922,1.0803
14.111,0.0209,-0.0052,-0.2938,4.4729,-0.1592,1.0588
14.119,0.0174,-0.0052,-0.1864,4.2814,-0.1377,1.0947
14.127,0.0137,-0.0065,-0.1064,3.9965,-0.255,1.1569
14.135,0.0105,-0.0065,-0.0497,3.7977,-0.3555,1.0851
14.143,0.0089,-0.0017,0.0076,3.5559,-0.3316,1.0995
14.151,0.0073,0.002,0.0396,2.9765,-0.5016,1.0851
14.159,0.0057,0.0004,0.0183,2.469,-0.595,1.1019
14.167,0.0052,0.0031,0.0489,3.2543,-0.7195,1.1354
14.175,-0.0047,-0.0062,0.2106,3.125,-0.7434,1.0516
14.183,-0.0055,0.002,0.298,2.4211,-0.5088,1.0612
14.191,-0.0034,0.0028,0.2554,1.2551,-0.48,1.0995
14.199,-0.0012,-0.0025,0.124,0.8074,-0.5375,1.0564
14.207,0.0012,-0.0057,0.0129,1.1474,-0.6596,1.0277
14.215,0.0028,-0.0017,-0.0102,1.4873,-0.6237,1.0707
14.223,0.0001,-0.0025,0.0185,1.4897,-0.6452,1.03
14.231,-0.0007,-0.0028,0.0273,1.0157,-0.6668,1.0348
14.239,-0.0012,-0.0012,0.0156,0.5416,-0.4345,1.0133
14.247,-0.0002,-0.0001,0.0068,0.2328,-0.1975,1.0061
14.255,0.0009,0.0039,0.0031,0.1155,-0.1041,1.0109
14.263,0.0022,0.006,0.0015,0.0867,-0.061,1.0109
14.271,0.0022,0.0073,0.0004,0.07,-0.0443,1.0133
14.279,0.002,0.0068,-0.0007,0.0484,-0.0443,1.0205
14.287,0.002,0.006,-0.0015,0.0484,-0.0539,1.0277
14.295,0.0014,0.0041,-0.0012,0.0628,-0.0419,1.0372
14.303,0.0009,0.0017,-0.0004,0.058,-0.0419,1.042
14.311,0.0004,0.0015,0.0004,0.0149,-0.0994,1.042
14.319,0.0004,0.0023,0.0065,-0.1647,-0.3507,1.0684
14.327,-0.0018,-0.002,0.0241,-0.3011,-0.4992,1.042
14.335,-0.0026,-0.0009,0.0406,-0.2221,-0.2957,1.0324
14.343,-0.0031,0.0009,0.0516,-0.1024,-0.1353,1.0157
14.351,-0.0026,0.0015,0.0489,0.0388,0.0251,1.0253
14.359,-0.0018,0.0001,0.0393,0.1633,0.1161,1.0109
14.367,-0.0018,0.0009,0.0324,0.2783,0.1688,1.03
14.375,-0.0018,0.0009,0.0204,0.1921,0.0802,1.0181
14.383,-0.001,0.0007,0.0132,0.2447,0.1281,1.0516
14.391,-0.001,-0.0001,0.0079,0.2208,0.0946,1.0205
14.399,-0.0004,-0.0004,0.0044,0.1657,0.0371,1.0181
14.407,-0.0007,0.0004,0.002,0.1035,-0.0012,1.0133
14.415,-0.001,0.0004,0.0017,0.058,-0.0299,1.0205
14.423,-0.0012,-0.0007,0.0012,0.0412,-0.0419,1.0229
14.431,-0.0007,-0.0009,0.0001,0.0436,-0.0419,1.0085
14.439,-0.001,-0.0004,0.0004,0.0317,-0.061,1.0013
14.447,-0.0004,-0.002,0.0012,0.0412,-0.0754,1.0085
14.455,-0.001,-0.0017,0.0015,0.0652,-0.0515,0.9965
14.463,-0.0007,-0.0015,0.0009,0.07,-0.0347,0.9941
14.471,-0.0004,-0.0004,0.0001,0.0795,-0.0539,0.9917
14.479,-0.0002,-0.0001,-0.0004,0.0652,-0.0467,0.9965
14.487,0.0001,0.0012,-0.0012,0.058,-0.0371,0.9893
14.495,0.0001,0.0009,-0.0007,0.0724,-0.0419,1.0133
14.503,0.0004,0.0007,-0.0001,0.0532,-0.0491,1.0277
14.511,0.0006,-0.0009,0.0001,0.058,-0.0563,1.03
14.519,0.0001,-0.0001,0.0001,0.0508,-0.0491,1.0037
14.527,-0.0002,-0.0001,-0.0007,0.0652,-0.0539,1.0157
14.535,0.0001,-0.0001,-0.0001,0.0628,-0.0515,1.0181
14.543,0.0004,0.0012,0.0001,0.0484,-0.0371,1.0468
14.551,0.0006,0.0012,0.0009,0.058,-0.0491,1.0348
14.559,0.0012,0.0009,0.0009,0.0556,-0.0371,1.0324
14.567,-0.0004,-0.0001,0.0004,0.0628,-0.0419,1.0061
14.575,-0.0007,0.0001,0.0007,0.0556,-0.0515,1.0277
14.583,-0.0007,-0.0004,0.0001,0.058,-0.0587,1.042
14.591,-0.0012,-0.0012,0.0007,0.0508,-0.061,1.0468
14.599,-0.0007,-0.0025,0.0004,0.0364,-0.0539,1.0324
14.607,-0.0012,-0.0033,0.0004,0.0436,-0.0563,1.0492
14.615,-0.0015,-0.0031,0.0001,0.0532,-0.0443,1.0444
14.623,-0.0012,-0.0036,-0.0009,0.0652,-0.0515,1.0061
14.631,-0.001,-0.0017,-0.0007,0.058,-0.0682,0.987
14.639,-0.0007,-0.0007,-0.0009,0.0556,-0.061,1.0013
14.647,0.0001,0.0001,-0.0004,0.0532,-0.061,1.0181
14.655,-0.0002,0.0004,-0.0007,0.0604,-0.0419,1.0396
14.663,-0.0004,-0.0004,-0.0004,0.0436,-0.0539,1.0229
14.671,-0.0002,-0.0009,0.0009,0.0556,-0.0467,1.0013
14.679,-0.0002,-0.0009,0.0004,0.0364,-0.0443,0.9989
14.687,-0.001,0.0001,0.0012,0.0125,-0.0539,1.0061
14.695,0.0001,0.0036,0.0084,-0.0857,-0.0754,1.0205
14.703,-0.0002,0.0041,0.0137,0.0388,-0.0515,1.0109
14.711,0.0006,0.0039,0.0145,0.046,-0.0634,0.9989
14.719,-0.0004,0.0007,0.0231,-0.0809,-0.0251,1.0971
14.727,-0.0026,0.0007,0.0681,-0.2485,0.0251,1.0133
14.735,-0.0042,0.0017,0.1222,-0.0904,0.0874,1.0037
14.743,-0.0042,0.0012,0.1427,0.0652,0.0467,1.0253
14.751,-0.0031,0.0033,0.1291,0.1131,-0.1161,1.0157
14.759,-0.0031,0.0009,0.0905,0.1586,-0.164,1.0133
14.767,-0.0018,-0.0004,0.0537,0.1945,-0.1161,1.0253
14.775,-0.001,-0.0004,0.0308,0.1921,-0.0826,1.0109
14.783,-0.0007,0.0012,0.0135,0.1873,-0.0802,1.0061
14.791,-0.0002,0.0009,0.0047,0.149,-0.0682,1.0085
14.799,0.0001,0.0012,0.0009,0.0963,-0.0587,1.0109
14.807,0.0006,0.0009,-0.0004,0.0748,-0.061,1.0061
14.815,-0.001,0.0001,-0.0007,0.0436,-0.0634,1.0253
14.823,-0.001,-0.002,-0.0004,0.0364,-0.0587,1.042
14.831,-0.0012,-0.0031,0.002,0.0293,-0.0419,1.0205
14.839,-0.0012,-0.0025,0.0079,0.0101,0.0036,0.9965
14.847,-0.0018,-0.0017,0.0284,-0.1144,0.1544,1.03
14.855,-0.0026,0.0033,0.1006,-0.2892,0.1927,0.9678
14.863,-0.0031,0.0071,0.1451,-0.2221,-0.0395,0.9965
14.871,-0.0023,0.0052,0.1227,-0.1144,-0.1879,1.0396
14.879,-0.0015,0.0036,0.0753,0.204,-0.1784,1.0109
14.887,-0.0015,0.0017,0.0489,0.3142,-0.1353,1.0109
14.895,-0.0002,0.0017,0.0255,0.1586,-0.1784,1.0205
14.903,0.0012,0.0031,-0.0023,0.295,-0.1089,1.0253
14.911,0.0014,0.0031,-0.0039,0.2376,-0.0587,1.0085
14.919,0.0012,0.0036,-0.0015,0.1346,-0.0491,1.0253
14.927,0.0012,0.0036,-0.0004,0.0939,-0.0754,1.0133
14.935,0.0014,0.0033,0.0001,0.0676,-0.0634,1.0133
14.943,0.0012,0.0028,0.0001,0.0484,-0.0395,1.0181
14.951,0.0014,0.0025,0.0007,0.046,-0.0515,1.0324
14.959,0.0009,0.0023,0.0001,0.046,-0.0419,1.0277
14.967,0.0004,0.0015,-0.0007,0.0412,-0.0443,1.03
14.975,-0.0002,0.0007,-0.0015,0.0364,-0.0515,1.0061
14.983,-0.0007,0.0004,-0.0012,0.0628,-0.061,1.042
14.991,-0.0004,0.0004,-0.0025,0.0532,-0.0658,1.0324
14.999,-0.0004,0.0001,-0.0041,0.0388,-0.061,1.0277
15.007,-0.001,-0.0017,-0.006,0.058,-0.0467,1.0253
15.015,-0.0004,-0.002,-0.0057,0.0604,-0.0563,1.0277
15.023,-0.0002,-0.0015,-0.0041,0.0628,-0.0634,1.0085
15.031,-0.0004,-0.0012,-0.0028,0.0556,-0.0515,1.0229
15.039,0.0009,0.0017,-0.0015,0.0508,-0.0491,0.9965
15.047,0.0009,0.0023,-0.0004,0.0388,-0.0443,1.0037
15.055,0.0009,0.002,-0.0012,0.0341,-0.0443,1.0013
15.063,0.0009,0.002,-0.0012,0.0388,-0.0515,1.0229
15.071,0.0009,0.0025,-0.0036,0.0293,-0.061,1.0061
15.079,0.0004,0.0017,-0.014,-0.1264,-0.0946,1.0181
15.087,0.0017,0.0007,-0.0553,-0.3682,-0.1209,1.0348
15.095,0.0022,-0.002,-0.0923,-0.1144,-0.018,1.0516
15.103,0.0022,-0.0046,-0.1107,-0.0162,0.1616,1.0181
15.111,0.0038,-0.0057,-0.1358,0.0317,0.6165,0.9917
15.119,0.0054,-0.0041,-0.1531,-0.0282,0.9062,0.9654
15.127,0.0073,-0.0023,-0.1648,0.1705,0.9517,0.975
15.135,0.0086,-0.0012,-0.1459,0.4028,1.1241,0.9893
15.143,0.0092,-0.0017,-0.1158,0.568,1.3587,0.9893
15.151,0.0105,-0.0007,-0.0865,0.5009,1.5383,0.9702
15.159,0.0113,-0.0012,-0.0771,0.2591,1.7585,1.0492
15.167,0.0132,-0.0023,-0.0843,0.0484,1.725,0.9798
15.175,0.0142,-0.0017,-0.0873,-0.0234,1.9692,0.9965
15.183,0.0158,0.0009,-0.0587,-0.0593,2.1153,0.975
15.191,0.0148,0.0009,-0.0318,-0.2987,1.7609,0.9941
15.199,0.0158,0.0039,-0.0204,-0.7058,1.8615,0.9486
15.207,0.0148,0.0052,-0.0164,-0.689,1.8328,0.9678
15.215,0.0148,0.0105,0.0143,-0.6842,1.8878,0.9582
15.223,0.0132,0.0116,0.0646,-0.8303,2.077,0.9654
15.231,0.0118,0.0103,0.1094,-1.1056,2.1009,1.0157
15.239,0.0097,0.0071,0.1086,-1.3498,2.4098,0.9486
15.247,0.0078,0.0049,0.0636,-1.5413,2.3044,0.9558
15.255,0.0086,0.0055,0.0044,-1.4934,2.2087,1.0157
15.263,0.0086,0.0052,-0.0366,-0.8542,2.2733,0.9582
15.271,0.0097,0.0063,-0.038,-0.4232,2.0243,1.0157
15.279,0.007,0.0047,-0.0225,0.0269,1.8663,1.054
15.287,0.0046,0.0017,0.0212,-0.0066,1.7083,1.0205
15.295,0.0036,0.0041,0.0609,-0.4113,1.3707,0.9917
15.303,0.002,0.0017,0.0585,-0.8303,1.4162,0.9486
15.311,0.0033,0.0079,0.046,-0.8853,1.4377,0.9175
15.319,0.0054,0.0105,0.0177,-0.9428,1.5574,0.975
15.327,0.0054,0.0017,-0.0537,-1.1798,1.6364,0.987
15.335,0.0081,0.0081,-0.1435,-0.7728,1.7322,0.9917
15.343,0.0081,0.0012,-0.2082,-0.0737,1.6747,0.9415
15.351,0.007,0.0044,-0.2096,0.8241,1.7202,1.0492
15.359,0.0044,-0.0007,-0.1731,1.4706,1.5503,1.0636
15.367,0.0057,0.0023,-0.0984,1.6477,1.6436,0.9391
15.375,0.0022,0.0055,-0.0284,1.3293,1.3755,1.0348
15.383,0.0014,0.0036,0.0244,0.9271,1.3827,1.0133
15.391,-0.0015,0.0036,0.0484,0.4866,1.3324,1.0707
15.399,-0.0036,-0.0084,0.0385,0.4626,0.9421,0.9008
15.407,-0.0018,-0.0012,0.0281,0.3812,1.251,0.975
15.415,-0.0031,0.0012,0.0153,0.3812,1.0259,1.0372
15.423,0.0004,0.0001,-0.002,0.5177,0.9613,1.042
15.431,0.0014,-0.0049,0.0081,0.8457,0.7673,0.9822
15.439,0.0028,-0.0001,0.0364,0.4961,0.8703,1.0755
15.447,0.0022,-0.0017,0.0494,-0.0138,0.4705,1.0277
15.455,0.0044,-0.0052,0.0313,-0.6459,0.5231,0.9606
15.463,0.007,-0.0068,-0.0276,-1.3211,0.3699,1.0205
15.471,0.0116,-0.0092,-0.1142,-1.4719,0.2885,1.0109
15.479,0.0118,-0.0156,-0.1723,-1.4863,0.7841,1.0324
15.487,0.0105,-0.0204,-0.224,-1.3857,0.8655,0.8792
15.495,0.0158,-0.0084,-0.2818,-0.9859,0.5591,0.8816
15.503,0.0158,-0.007,-0.3228,-0.3706,0.3819,0.9606
15.511,0.0153,-0.0017,-0.3308,0.216,0.0563,0.9343
15.519,0.0185,0.0071,-0.3316,0.8409,-0.1568,1.0085
15.527,0.0126,0.0108,-0.2218,0.9846,0.0012,1.0205
15.535,0.0126,0.0244,-0.1134,0.6901,-0.1137,0.9965
15.543,0.0108,0.0212,-0.1003,0.3238,-1.002,1.0755
15.551,0.0052,0.0068,-0.1024,0.3692,-1.5287,1.1498
15.559,0.0033,-0.0009,-0.0713,0.2735,-0.9086,1.0348
15.567,0.0041,0.002,-0.0478,-0.5358,-0.8583,1.0157
15.575,0.0044,-0.0057,-0.0798,-0.8422,-0.8727,1.1282
15.583,0.0049,-0.0142,-0.1182,-0.7967,-0.5016,0.9846
15.591,0.0081,-0.0153,-0.1805,-1.0026,-0.978,0.9893
15.599,0.0108,-0.007,-0.2605,-0.3897,-1.2414,1.0013
15.607,0.0126,-0.0023,-0.2911,0.2016,-1.0714,1.0181
15.615,0.0145,-0.0007,-0.281,0.5057,-1.1959,1.0707
15.623,0.0145,-0.0052,-0.2669,0.7739,-1.2198,1.0516
15.631,0.0129,-0.0023,-0.1938,1.2312,-1.3587,1.1498
15.639,0.0102,-0.0001,-0.0755,1.5352,-1.2558,1.0588
15.647,0.0089,0.0084,0.0382,0.884,-1.2103,1.0564
15.655,0.0084,0.0116,0.0833,0.4195,-1.0211,0.9941
15.663,0.0076,0.0119,0.0772,-0.0689,-1.1289,1.054
15.671,0.007,0.0103,0.0516,0.0197,-1.3635,1.054
15.679,0.0062,0.0015,0.0169,0.1562,-1.397,1.0684
15.687,0.0078,0.0079,-0.0028,0.3692,-0.844,1.0348
15.695,0.0049,0.0036,-0.0057,0.4483,-0.7386,1.0468
15.703,0.0033,-0.0025,-0.0148,0.1298,-1.2797,1.0947
15.711,0.0022,-0.0049,-0.047,0.1681,-1.3563,1.03
15.719,0.0033,0.0057,-0.0747,0.2016,-1.2079,1.054
15.727,0.0044,0.0108,-0.0673,0.5799,-1.0786,1.0444
15.735,0.0025,0.0103,0.0159,0.7595,-0.9948,1.0516
15.743,0.003,0.0105,0.0803,0.5129,-1.1121,1.1019
15.751,0.0012,0.0025,0.0947,0.2352,-1.0666,1.0947
15.759,0.0025,0.0015,0.0777,0.3046,-0.9804,1.0133
15.767,0.0046,0.0041,0.059,0.204,-1.2198,1.1162
15.775,0.0044,-0.002,0.0207,0.4602,-1.7609,1.0803
15.783,0.0052,-0.0025,-0.011,0.8194,-2.0051,1.1138
15.791,0.0044,-0.0023,-0.0209,0.6996,-1.6867,1.0468
15.799,0.0049,-0.006,-0.051,0.4459,-1.67,1.0253
15.807,0.0065,-0.0049,-0.0843,0.4219,-2.0267,1.0516
15.815,0.006,-0.006,-0.1307,0.3692,-1.974,1.0779
15.823,0.007,-0.0054,-0.1816,0.2783,-1.7059,1.0779
15.831,0.0068,-0.006,-0.2311,0.3764,-1.998,1.0684
15.839,0.01,-0.0023,-0.2956,0.2615,-2.3499,1.0827
15.847,0.0116,0.0015,-0.3551,0.2543,-2.4385,1.0444
15.855,0.0148,0.0015,-0.4377,0.0724,-2.4074,1.0205
15.863,0.0169,0.0001,-0.5312,-0.0737,-2.2302,1.0707
15.871,0.0174,-0.0041,-0.5874,0.1514,-1.8423,1.0803
15.879,0.015,-0.0081,-0.5632,0.5392,-1.5407,1.0707
15.887,0.0129,-0.0068,-0.4896,0.7044,-1.1097,1.0348
15.895,0.011,-0.0062,-0.403,0.5895,-0.8942,1.0181
15.903,0.01,-0.0015,-0.3209,0.5943,-0.8487,1.0205
15.911,0.007,0.0001,-0.2594,0.6182,-0.9158,1.0324
15.919,0.0065,-0.0001,-0.2117,0.4554,-0.8894,1.0324
15.927,0.0052,0.0004,-0.1797,0.4578,-0.8966,1.0348
15.935,0.0044,0.0012,-0.1536,0.2974,-0.9421,1.03
15.943,0.0044,0.0001,-0.1392,0.2088,-1.0092,1.066
15.951,0.003,-0.0007,-0.115,0.3261,-1.0331,1.0492
15.959,0.0012,-0.0007,-0.0902,0.0412,-0.9206,0.9774
15.967,0.003,0.0001,-0.0875,-0.0521,-0.8775,1.0348
15.975,0.0028,0.0015,-0.0862,-0.021,-0.65,1.0085
15.983,0.0014,0.0015,-0.0694,0.0436,-0.5854,1.0396
15.991,0.0017,0.0012,-0.0454,0.046,-0.4321,1.0324
15.999,0.002,0.0033,-0.0233,0.0388,-0.2598,1.0348
16.007,0.002,0.0049,-0.0121,0.0221,-0.1185,1.0396
16.015,0.0014,0.0055,-0.0071,0.0293,-0.0515,1.03
16.023,0.0014,0.0036,-0.0036,0.0293,-0.0251,1.0277
16.031,0.0014,0.0055,-0.002,0.0293,-0.006,1.0013
16.039,0.0017,0.0047,-0.0007,0.0293,0.0012,1.0109
16.047,0.0012,0.0055,-0.0009,0.0269,-0.0012,1.0181
16.055,0.0017,0.0073,-0.0009,0.0221,-0.0227,1.0277
16.063,0.0014,0.0057,-0.0004,0.0269,-0.0156,1.0085
16.071,0.002,0.0076,-0.0004,0.0317,-0.0036,1.0372
16.079,0.0014,0.0057,-0.0004,0.0364,-0.0036,1.0348
16.087,0.0012,0.0055,-0.0004,0.0293,-0.0156,0.9965
16.095,0.0009,0.0047,-0.0004,0.0269,-0.0084,1.0253
16.103,0.0004,0.0028,0.0001,0.0269,0.0012,1.0205
16.111,0.0004,0.0025,-0.0001,0.0245,0.0012,1.0205
16.119,-0.0002,0.0007,0.0001,0.0341,-0.0036,1.0348
16.127,-0.0002,-0.0007,0.0009,0.0436,0.0036,1.0157
16.135,-0.001,-0.0007,-0.0004,0.0436,-0.0108,1.0157
16.143,-0.0007,0.0001,0.0001,0.0436,-0.0132,1.0348
16.151,0.0001,-0.0004,-0.0007,0.0412,-0.0203,1.0324
16.159,0.0001,0.0001,-0.0001,0.0436,-0.0108,1.0277
16.167,0.0009,0.0009,0.0004,0.0341,-0.018,1.0277
16.175,0.0004,0.0007,0.0001,0.0245,-0.0203,1.0348
16.183,-0.0004,0.0012,-0.0001,0.0269,-0.0084,1.03
16.191,-0.001,-0.0004,0.0007,0.0149,-0.018,1.0277
16.199,-0.0004,-0.0007,0.0009,0.0269,0.0012,1.0157
16.207,0.0001,0.0007,0.0007,0.0317,0.0012,1.0157
16.215,0.0012,0.0017,-0.0007,0.0269,-0.0108,1.0061
16.223,0.0001,0.0023,-0.0001,0.0364,-0.006,0.9846
16.231,0.0001,0.0023,-0.0007,0.0269,0.0036,0.9774
16.239,-0.0002,0.0023,-0.0004,0.0245,-0.0036,1.0181
16.247,0.0001,0.0023,-0.0004,0.0412,-0.0156,1.0277
16.255,0.0001,0.002,-0.0009,0.0508,-0.0108,1.0133
16.263,0.0004,0.0009,-0.0012,0.0388,-0.0084,1.0205
16.271,0.0006,0.0004,-0.0015,0.0364,0.0012,1.03
16.279,-0.0002,-0.0001,-0.0017,0.0436,-0.006,1.0324
16.287,-0.0004,0.0004,-0.0028,0.0341,-0.0012,1.03
16.295,-0.0002,0.0001,-0.0089,0.0317,-0.0347,1.0396
16.303,0.0001,-0.0007,-0.0158,0.0364,-0.0203,1.042
16.311,0.0006,-0.0017,-0.0164,0.0532,0.006,1.0516
16.319,0.0006,0.0001,-0.0161,0.0341,0.0036,1.0348
16.327,0.0006,0.0009,-0.0153,0.0269,0.0012,1.0612
16.335,0.0006,0.0009,-0.0164,0.0388,-0.006,1.0492
16.343,0.0006,-0.0007,-0.0185,0.0388,-0.0132,1.054
16.351,0.0001,0.0004,-0.0204,0.0412,-0.0084,1.054
16.359,0.0001,0.0007,-0.0228,0.0484,-0.0036,1.0109
16.367,0.0001,0.0007,-0.0252,0.0388,-0.0036,1.0061
16.375,0.0006,-0.0009,-0.0332,0.0484,-0.0132,1.0253
16.383,0.0006,-0.0009,-0.0441,0.058,0.006,1.0396
16.391,0.0001,-0.0036,-0.0622,0.0293,0.0227,1.0324
16.399,0.0006,-0.006,-0.0787,0.0293,0.0443,1.0324
16.407,0.0009,-0.0068,-0.0934,0.0867,-0.0898,0.9606
16.415,0.0044,-0.002,-0.1669,0.1322,-0.2526,1.0277
16.423,0.0062,-0.0041,-0.2724,0.1897,-0.2981,1.0205
16.431,0.0092,-0.0054,-0.378,0.2567,-0.3172,1.03
16.439,0.0113,-0.0062,-0.4598,0.2615,-0.2933,1.0444
16.447,0.0134,-0.0084,-0.5293,0.3333,-0.1544,1.0707
16.455,0.015,-0.0118,-0.6045,0.5823,-0.1712,1.0277
16.463,0.0166,-0.011,-0.6745,0.7643,-0.2023,1.0516
16.471,0.0182,-0.0078,-0.7324,1.066,-0.0132,1.0324
16.479,0.0182,-0.01,-0.7489,1.0061,0.1089,1.03
16.487,0.0174,-0.0105,-0.7262,1.1474,0.3412,0.9965
16.495,0.0164,-0.0081,-0.6708,1.2838,0.3555,1.0181
16.503,0.015,-0.0049,-0.5682,1.6214,0.3891,1.0444
16.511,0.011,-0.0023,-0.4369,2.0093,0.2263,1.0348
16.519,0.0073,-0.0017,-0.3018,2.3756,0.1305,1.0157
16.527,0.0044,0.0025,-0.1805,2.4761,-0.0036,1.0947
16.535,0.0006,0.0009,-0.087,2.5001,0.0635,1.0827
16.543,-0.0015,-0.0015,-0.0148,2.4881,0.2143,1.0324
16.551,-0.0034,-0.0004,0.0564,2.3349,0.2765,1.0444
16.559,-0.0052,0.0009,0.1454,2.2487,0.1856,1.0636
16.567,-0.0068,0.0063,0.245,2.2487,0.2526,1.0636
16.575,-0.0124,0.0036,0.3417,2.2678,0.2981,1.0564
16.583,-0.0143,0.0041,0.4299,2.0931,0.1377,1.054
16.591,-0.0154,0.0052,0.488,1.9518,-0.0587,1.0324
16.599,-0.0167,0.0033,0.495,1.7507,-0.1017,1.0636
16.607,-0.0175,0.0001,0.4822,1.8896,-0.018,1.0707
16.615,-0.0183,0.0009,0.5261,2.354,0.097,1.042
16.623,-0.0183,0.0036,0.601,2.2463,0.1664,1.0516
16.631,-0.0186,0.0047,0.6602,2.0308,0.2358,1.0564
16.639,-0.0183,0.0023,0.6756,1.8584,0.2957,1.0372
16.647,-0.0172,0.0028,0.6804,2.0021,0.3077,1.0875
16.655,-0.0202,0.0031,0.7068,1.8345,0.1927,1.0899
16.663,-0.0191,0.0073,0.7079,1.4921,0.0922,1.0229
16.671,-0.0178,0.0108,0.6466,0.9175,0.0658,1.0516
16.679,-0.0162,0.0071,0.5563,0.8888,0.1401,1.0564
16.687,-0.0154,0.0036,0.5123,1.5232,0.413,1.0588
16.695,-0.0186,0.002,0.5666,1.9494,0.6261,1.0468
16.703,-0.0226,0.0017,0.6548,1.7699,0.6333,1.0755
16.711,-0.0215,0.0047,0.6927,1.552,0.5567,1.0229
16.719,-0.0199,0.0031,0.6772,1.5161,0.6021,0.9893
16.727,-0.018,0.0049,0.6788,1.8034,0.6285,1.042
16.735,-0.0194,0.0047,0.7137,1.7699,0.4729,1.042
16.743,-0.021,0.0031,0.7548,1.7627,0.4465,0.9822
16.751,-0.0215,0.0047,0.7963,1.5017,0.4561,1.0085
16.759,-0.0223,0.0079,0.7987,1.3006,0.4776,1.0181
16.767,-0.022,0.0135,0.7902,0.9702,0.3771,1.03
16.775,-0.022,0.0097,0.7665,1.0181,0.5255,1.0372
16.783,-0.0223,0.0041,0.7806,1.4371,0.6835,1.054
16.791,-0.0223,0.01,0.8672,1.7675,0.6931,0.9654
16.799,-0.0223,0.0175,0.9629,1.4969,0.6333,1.0037
16.807,-0.0244,0.0172,0.9575,0.7739,0.4705,1.0564
16.815,-0.0265,0.0116,0.8904,0.5416,0.3891,1.0133
16.823,-0.0268,0.0081,0.8137,0.1705,0.1975,1.0492
16.831,-0.0257,0.0071,0.7185,-0.0545,0.0826,1.0588
16.839,-0.0228,0.002,0.6455,0.2615,0.1664,1.0037
16.847,-0.0247,-0.0041,0.6271,0.5201,0.346,1.0277
16.855,-0.0236,-0.0041,0.6354,0.7858,0.5207,0.9965
16.863,-0.0252,-0.0023,0.7244,1.279,0.8464,1.0588
16.871,-0.0263,-0.0007,0.831,0.8313,0.6812,1.0013
16.879,-0.0236,0.002,0.8171,-0.1671,0.4465,1.0588
16.887,-0.0226,-0.0009,0.7526,-0.0785,0.5758,1.0013
16.895,-0.0215,0.0039,0.7374,-0.1503,0.5016,0.9486
16.903,-0.0196,0.018,0.7398,-0.6387,0.3101,0.987
16.911,-0.018,0.0172,0.7097,-1.199,0.1568,0.9893
16.919,-0.0164,0.0161,0.6271,-1.5772,0.097,0.9726
16.927,-0.0154,0.0137,0.5323,-1.3594,0.0994,1.03
16.935,-0.0154,0.0057,0.4417,-1.3091,0.0682,1.0109
16.943,-0.0146,0.0033,0.3823,-1.1223,0.1089,1.0013
16.951,-0.0148,0.0015,0.3644,-0.8877,0.1281,1.0133
16.959,-0.0148,0.0063,0.3929,-0.7536,0.1592,1.0037
16.967,-0.0172,0.0052,0.4505,-0.9955,0.1568,1.0492
16.975,-0.0194,0.0044,0.487,-1.6658,-0.0371,0.9582
16.983,-0.0167,0.0057,0.4686,-2.3242,-0.152,0.9486
16.991,-0.014,0.006,0.4427,-3.0784,-0.1065,1.0229
16.999,-0.0151,0.0007,0.4028,-3.8254,0.0658,0.9702
17.007,-0.0154,0.0007,0.3647,-4.3114,0.0012,0.9798
17.015,-0.0119,0.0036,0.3215,-4.5197,-0.0922,0.9008
17.023,-0.0095,-0.002,0.2504,-4.6753,-0.0778,0.951
17.031,-0.0076,-0.0078,0.1733,-4.0648,0.0658,0.9941
17.039,-0.0071,-0.01,0.1392,-3.0593,0.1161,0.9606
17.047,-0.0058,-0.0094,0.1291,-2.6522,-0.0084,0.9678
17.055,-0.0036,-0.0102,0.074,-2.7289,-0.0299,0.9582
17.063,-0.0018,-0.0105,-0.0185,-2.827,0.0132,0.9175
17.071,0.0017,-0.0108,-0.112,-2.6498,-0.0467,0.987
17.079,0.0036,-0.0094,-0.1829,-2.3817,-0.0539,0.9654
17.087,0.006,-0.0094,-0.2429,-2.2883,-0.1616,0.9654
17.095,0.0078,-0.0097,-0.3169,-1.8119,-0.0132,1.0013
17.103,0.0084,-0.0113,-0.3428,-1.1966,0.0802,0.9486
17.111,0.0084,-0.0081,-0.3161,-0.5597,0.0922,0.987
17.119,0.007,-0.007,-0.2629,-0.2413,-0.0371,1.0324
17.127,0.0052,-0.0062,-0.1992,0.0939,-0.0371,1.0061
17.135,0.0033,-0.0046,-0.1278,0.4746,0.0012,1.0181
17.143,0.0028,-0.0023,-0.0713,0.6661,-0.0467,1.0324
17.151,0.0012,-0.0041,-0.0433,0.5895,-0.0539,1.0085
17.159,0.0001,-0.0052,-0.0174,0.5081,0.0922,1.0061
17.167,-0.0015,-0.0046,0.0372,0.2304,0.0802,1.0013
17.175,-0.0028,-0.0001,0.0889,-0.3897,-0.0587,0.9798
17.183,-0.0028,0.0028,0.0958,-1.0984,-0.2239,0.9941
17.191,-0.0012,0.0033,0.0902,-1.3211,-0.097,0.9989
17.199,-0.0018,0.0055,0.1235,-1.3546,-0.1113,0.9702
17.207,-0.0026,0.0079,0.1672,-1.4839,-0.176,0.9654
17.215,-0.0028,0.0097,0.1917,-1.7975,-0.2646,1.0157
17.223,-0.0026,0.01,0.1712,-2.1997,-0.2478,1.0564
17.231,-0.001,0.0063,0.0985,-2.6379,-0.2047,1.0109
17.239,0.0001,0.0017,0.0023,-2.5732,-0.061,0.987
17.247,0.0022,0.0028,-0.0278,-1.9483,0.1281,0.9917
17.255,0.0009,0.002,-0.0222,-1.199,0.1065,1.0013
17.263,0.0009,0.0047,-0.01,-0.4065,0.0251,1.0133
17.271,0.0006,0.0025,-0.0047,-0.112,-0.0012,1.0229
17.279,0.0001,-0.0012,-0.0028,-0.0019,-0.0036,1.0348
17.287,-0.001,-0.0033,-0.0017,0.0388,-0.0227,1.0324
17.295,-0.0012,-0.0028,-0.0007,0.0604,-0.0227,1.0253
17.303,-0.0012,-0.0038,-0.0004,0.0508,-0.0108,1.03
17.311,-0.0018,-0.0062,-0.0012,0.0652,-0.0132,1.0061
17.319,-0.0018,-0.0049,-0.0009,0.0676,-0.0203,1.0181
17.327,-0.001,-0.0046,-0.0007,0.0652,-0.0299,0.9941
17.335,-0.0015,-0.0038,-0.0004,0.058,-0.0443,0.9965
17.343,-0.0012,-0.002,-0.0004,0.0508,-0.0299,0.9893
17.351,-0.001,-0.0004,-0.0004,0.0604,-0.0036,0.9989
17.359,0.0001,0.0012,0.0004,0.058,-0.0203,0.9965
17.367,-0.0002,-0.0001,-0.0007,0.0556,-0.0347,1.0253
17.375,0.0001,0.0001,-0.0001,0.0436,-0.0371,1.0253
17.383,0.0014,0.0025,0.0001,0.0508,-0.0419,1.0468
17.391,0.0014,0.0033,0.0007,0.0532,-0.018,1.042
17.399,0.0014,0.0039,-0.0001,0.0556,-0.0108,1.0037
17.407,0.002,0.0041,0.0004,0.0436,-0.0299,1.0133
17.415,0.0012,0.0063,0.0004,0.0652,-0.0251,0.9941
17.423,0.0017,0.0079,-0.0004,0.0532,-0.0203,1.0109
17.431,0.003,0.0108,-0.0007,0.0628,-0.0156,1.0181
17.439,0.0044,0.0129,-0.0004,0.07,-0.0251,1.0348
17.447,0.0057,0.0169,-0.0012,0.0843,-0.0299,0.987
17.455,0.0049,0.0148,-0.0017,0.0436,-0.0275,1.0348
17.463,0.0057,0.0164,-0.0017,0.0077,-0.0203,1.0516
17.471,0.0009,0.002,-0.0023,-0.021,0.0108,1.1426
17.479,-0.005,-0.0158,-0.0007,0.0341,0.0132,1.0731
17.487,-0.0063,-0.022,0.0001,0.0221,-0.0132,1.0372
17.495,-0.0084,-0.0313,-0.0001,0.0508,-0.0084,1.0468
17.503,0.0004,-0.0062,0.0004,0.1107,-0.0443,0.8648
17.511,0.0012,-0.0073,0.0001,0.0724,-0.0419,0.9726
17.519,0.0054,0.0103,0.0004,0.1131,-0.0395,0.8768
17.527,0.0193,0.0553,-0.0001,0.1945,-0.0874,0.6829
17.535,0.0414,0.1102,-0.002,0.0676,-0.0515,0.987
17.543,0.0473,0.1185,-0.0025,0.0795,-0.0491,0.9295
17.551,0.0571,0.1352,-0.0031,0.0317,0.0084,1.066
17.559,0.0387,0.0889,-0.002,-0.1192,0.0754,1.3269
17.567,0.0134,0.0319,-0.0009,-0.0306,0.0227,1.1306
17.575,0.0046,0.0129,-0.0012,-0.0258,0.0084,1.066
17.583,0.0017,0.0063,-0.0007,0.0029,0.0084,1.0396
17.591,0.0004,0.0023,-0.0004,-0.0066,-0.0036,1.0277
17.599,0.0006,0.0017,0.0001,0.0053,0.006,1.0444
17.607,0.0004,0.0004,-0.0004,-0.0019,-0.0156,1.0205
17.615,0.0004,0.0007,-0.0001,0.0077,-0.0012,1.0157
17.623,0.0001,0.0001,-0.0001,0.0101,-0.0132,1.0181
17.631,0.0001,0.0007,-0.0004,-0.0019,-0.0084,1.0324
17.639,-0.0002,0.0001,-0.0009,0.0053,-0.006,1.0109
17.647,-0.0002,0.0012,-0.0004,0.0269,0.0012,1.0085
17.655,0.0004,0.0009,-0.0007,0.0029,0.0036,0.987
17.663,0.0001,-0.0001,-0.0001,0.0221,-0.0108,0.9965
17.671,0.0004,0.0001,-0.0001,0.0005,0.0036,1.0468
17.679,-0.0002,0.0012,0.0007,-0.0066,0.0036,1.0181
17.687,-0.0002,0.0012,-0.0004,0.0053,0.006,1.0133
17.695,0.0004,0.0007,0.0001,0.0149,0.0012,1.0277
17.703,0.0009,0.0001,0.0009,0.0101,-0.0251,1.0109
17.711,-0.0002,0.0004,0.0007,0.0125,-0.0203,1.0037
17.719,0.0001,0.0012,0.0004,0.0197,-0.0132,1.0085
17.727,0.0004,0.0007,0.0007,0.0221,-0.0156,1.0205
17.735,0.0001,0.0004,0.0001,0.0245,-0.0132,1.0277
17.743,0.0004,-0.0001,0.0009,0.0149,-0.018,1.0372
17.751,-0.0007,0.0004,0.0007,0.0077,-0.0084,1.0181
17.759,-0.0007,0.0007,-0.0001,0.0149,0.0036,1.0085
17.767,-0.0004,0.0009,-0.0004,-0.009,0.0084,0.9989
17.775,-0.0002,0.0007,-0.0009,0.0125,0.0299,0.9965
17.783,-0.0002,0.0004,-0.0004,0.0149,0.0299,1.0061
17.791,0.0004,0.0007,-0.0001,-0.0162,0.018,1.0229
17.799,0.0004,0.0004,-0.0001,0.0005,0.0108,1.0181
17.807,0.0012,0.0007,0.0004,0.0053,0.0084,0.987
17.815,0.0006,0.0001,-0.0004,0.0149,-0.0227,1.0157
17.823,0.0004,-0.0004,0.0001,-0.0138,-0.0084,1.0061
17.831,0.0001,0.0004,0.0004,0.0005,-0.018,1.0205
17.839,0.0001,0.0012,0.0012,0.0005,-0.0156,1.0157
17.847,0.0001,0.0012,0.0007,0.0173,-0.0036,1.0205
17.855,0.0004,0.0012,-0.0001,0.0077,0.0012,1.0181
17.863,0.0006,0.0007,-0.0001,0.0149,-0.006,1.0253
17.871,0.0004,0.0004,0.0007,0.0197,-0.0012,1.0157
17.879,-0.0002,0.0004,0.0009,0.0173,0.006,1.0061
17.887,-0.0004,-0.0001,-0.0001,0.0077,0.0084,1.0085
17.895,0.0001,-0.0004,0.0007,0.0197,0.0108,1.0157
17.903,-0.0007,0.0001,0.0007,-0.0019,0.0036,1.0253
17.911,0.0001,0.0004,0.0004,0.0101,0.0012,1.0133
17.919,0.0001,0.0004,0.0001,0.0005,0.0012,1.0013
17.927,-0.0002,0.0001,0.0004,0.0149,0.0132,1.0205
17.935,0.0001,0.0004,0.0001,0.0269,0.006,1.0324
17.943,0.0004,0.0004,-0.0001,0.0149,-0.0012,1.0372
17.951,0.0004,0.0001,-0.0001,0.0245,0.0012,1.0181
17.959,0.0004,0.0004,-0.0004,0.0173,-0.0108,1.0157
17.967,0.0004,0.0007,0.0001,0.0125,-0.0203,1.0253
17.975,0.0001,-0.0001,-0.0001,0.0101,-0.0132,1.0157
17.983,0.0006,0.0009,-0.0004,-0.0066,-0.0108,1.0444
17.991,0.0004,0.0012,0.0001,0.0125,0.006,1.03
17.999,-0.0004,0.0004,0.0001,0.0101,0.0156,1.0253
18.007,-0.001,-0.0004,0.0001,-0.0043,0.0156,1.0205
18.015,-0.0002,0.0001,-0.0004,0.0053,-0.0012,1.0205
18.023,-0.0002,0.002,-0.0001,0.0125,0.0132,1.0013
18.031,-0.0002,-0.0001,0.0007,0.0101,0.0012,1.0109
18.039,-0.0002,-0.0001,0.0009,0.0221,-0.0156,1.0157
18.047,0.0001,0.0009,0.0004,0.0053,0.0036,1.0205
18.055,0.0006,0.0007,-0.0001,0.0125,-0.0156,1.0205
18.063,0.0004,0.0012,-0.0007,0.0053,-0.0156,1.03
18.071,0.0004,0.0009,0.0001,0.0149,-0.0012,1.0061
18.079,0.0006,0.0009,0.0009,0.0101,-0.006,1.0253
18.087,0.0004,0.0012,-0.0001,0.0029,0.0012,1.0516
18.095,0.0001,0.0007,0.0001,0.0101,-0.0012,1.0229
18.103,0.0001,0.0004,-0.0007,0.0053,0.0108,1.0229
18.111,0.0009,0.0012,0.0001,0.0053,0.0108,1.0133
18.119,0.0006,0.0009,-0.0001,-0.0019,0.0012,1.0253
18.127,0.0001,0.0007,0.0007,0.0077,-0.018,1.03
18.135,0.0001,0.0004,0.0007,0.0029,-0.0251,1.0348
18.143,0.0006,0.0007,0.0004,0.0125,-0.006,1.0468
18.151,0.0004,-0.0004,0.0007,0.0077,-0.018,1.0253
18.159,0.0001,-0.0001,0.0004,0.0053,-0.0108,1.0061
18.167,0.0001,0.0001,0.0012,0.0029,-0.0012,1.0253
18.175,0.0001,0.0007,-0.0004,0.0101,-0.0084,1.0133
18.183,0.0004,0.0007,0.0001,0.0125,0.0132,0.9846
18.191,0.0001,0.0001,-0.0001,0.0053,0.0299,1.0061
18.199,0.0004,0.0001,-0.0001,0.0173,-0.0036,1.0157
18.207,0.0004,0.0004,-0.0001,0.0245,-0.0036,1.0253
18.215,0.0006,-0.0004,-0.0007,0.0029,-0.0012,1.0229
18.223,0.0001,0.0001,-0.0009,0.0221,0.006,1.0253
18.231,-0.0004,0.0004,-0.0001,0.0245,0.0275,1.0277
18.239,0.0006,0.0001,0.0001,0.0269,0.018,1.0181
18.247,-0.0012,0.0001,0.0001,0.0197,0.0036,1.0109
18.255,0.0009,0.0004,0.0004,0.0125,-0.018,1.0253
18.263,0.0006,0.0004,0.0004,-0.009,0.0156,0.9989
18.271,-0.0012,-0.0004,-0.0004,-0.021,-0.0203,1.042
18.279,0.0006,0.0001,-0.0007,0.0005,-0.0227,1.042
18.287,0.0009,0.0015,0.0004,-0.0019,-0.006,1.0037
18.295,-0.0002,0.0012,0.0012,-0.0043,0.006,1.0037
18.303,-0.0007,0.0007,0.0004,-0.0019,0.0108,1.03
18.311,0.0012,0.0009,0.0007,0.0029,0.006,1.0109
18.319,-0.0002,0.0007,0.0007,0.0221,0.006,1.0253
18.327,0.0006,0.0004,0.0007,0.0197,-0.0132,1.0396
18.335,0.0004,0.0007,0.0004,0.0077,-0.018,1.0277
18.343,0.0004,0.0007,0.0007,0.0101,-0.0108,1.0324
18.351,-0.0002,0.0009,0.0001,-0.009,0.0012,1.0085
18.359,-0.0002,0.0007,0.0007,0.0293,0.0036,1.0013
18.367,-0.0004,0.0004,0.0001,0.0125,-0.0036,0.9941
18.375,-0.0004,0.0001,0.0001,0.0077,-0.0036,0.9846
18.383,0.0001,0.0004,-0.0007,0.0053,0.0156,1.0181
18.391,0.0006,0.0004,-0.0009,0.0005,0.0108,1.0085
18.399,-0.0002,0.0009,-0.0004,0.0149,0.0012,1.0133
18.407,0.0001,0.0009,-0.0007,0.0053,0.006,1.0229
18.415,-0.0004,0.0007,-0.0009,0.0125,-0.006,1.0085
18.423,-0.001,0.0007,-0.0004,0.0005,0.0036,1.0372
18.431,-0.0002,0.0004,-0.0001,0.0173,0.0132,1.0277
18.439,0.0001,-0.0001,0.0004,0.0221,-0.0108,1.0013
18.447,0.0004,-0.0001,0.0009,0.0077,-0.0108,0.9822
18.455,0.0004,-0.0004,0.0012,0.0125,-0.0108,0.9702
18.463,-0.0002,0.0001,0.0007,0.0197,-0.006,1.0157
18.471,-0.0002,-0.0007,0.0001,-0.0162,-0.0084,1.0324
18.479,-0.0004,-0.0004,-0.0007,-0.0186,-0.006,1.0229
18.487,-0.0002,-0.0004,-0.0007,-0.0138,0.0012,1.0181
18.495,-0.0004,0.0001,-0.0001,-0.0138,-0.006,1.0133
18.503,0.0004,0.0001,0.0001,0.0029,-0.018,1.0085
18.511,-0.0007,0.0009,0.0001,0.0293,-0.0012,1.0085
18.519,0.0004,-0.0001,-0.0004,0.0173,-0.0108,1.0109
18.527,0.0006,-0.0001,-0.0001,0.0029,0.0108,1.0085
18.535,0.0004,-0.0001,-0.0001,0.0101,0.018,1.0109
18.543,0.0004,0.0009,0.0001,0.0173,0.0108,1.0229
18.551,-0.0004,0.0012,0.0004,0.0197,-0.0036,1.0277